-- noinspection SpellCheckingInspectionForFile

-- noinspection SqlResolveForFile

-- exemplary data
INSERT INTO cities (id, name, rating, average_price, country) VALUES
(1, 'Krakow', 4.27, 74, 'Poland'), --
(2, 'Mozyr', 3.00, 30, 'Belarus'), --
(3, 'Poznan', 3.20, 49, 'Poland'), --
(4, 'Warszawa', 3.94, 88, 'Poland'),--
(5, 'Lodz', 2.20, 52, 'Poland'), --
(6, 'Gdansk', 3.20, 50, 'Poland'),--
(7, 'Szczecin', 2.40, 44, 'Poland'),--
(8, 'Bydgoszcz', 2.10, 44, 'Poland'),--
(9, 'Lublin', 3.12, 46, 'Poland'), --
(10, 'Bialystok', 2.4, 41, 'Poland'),--
(11, 'Wroclaw', 3.03, 42, 'Poland'), --
(12, 'Vienna', 4.12, 110, 'Austria'), --
(13, 'Prague', 4.03, 100, 'Czech'), --
(14, 'Berlin', 3.94, 118, 'Germany'),--
(15, 'Budapest', 3.88, 88, 'Hungary'), --
(16, 'Kiev', 3.31, 77, 'Ukraine'), --
(17, 'Lvov', 3.10, 69, 'Ukraine'), --
(18, 'Vilnius', 3.90, 85, 'Latvia'), --
(19, 'Moscow', 4.44, 90, 'Russia'), --
(20, 'Copenhagen', 4.55, 155, 'Denmark'), --
(21, 'Paris', 4.59, 172, 'France'), --
(22, 'Milan', 4.28, 121, 'Italy'), --
(23, 'Zagreb', 4.10, 92, 'Croatia'), --
(24, 'Munich', 3.59, 101, 'Germany'),--
(25, 'Minsk', 4.33, 55, 'Belarus'),
(26, 'Katowice', 4.22, 74, 'Poland'), --
(27, 'Kielce', 2.78, 50, 'Poland'), --
(28, 'Olsztyn', 3.9, 64, 'Poland'), --
(29, 'Rzeszow', 4.1, 48, 'Poland'), --
(30, 'Torun', 4.3, 51, 'Poland'); --

-- stops data
INSERT INTO bus_stops(id, stop_name, city) VALUES
(1, 'Dworzec autobusowy w Bialymstoku', 10),
(2, 'Dworzec autobusowy w Bydgoszczy', 8),
(3, 'Dworzec PKS Gdansk', 6),
(4, 'Dworzec autobusowy w Katowicach', 26),
(5, 'Dworzec PKS w Kielcach', 27),
(6, 'Dworzec MDA w Krakowie', 1),
(7, 'Dworzec autobusowy w Lublinie', 9),
(8, 'Dworzec autobusowy Centralny w Lodzi', 5),
(9, 'Dworzec autobusowy Lodz Kaliska', 5),
(10, 'Dworzec autobusowy w Olsztynie', 28),
(11, 'Dworzec autobusowy w Poznaniu', 3),
(12, 'Dworzec autobusowy w Rzeszowie', 29),
(13, 'Dworzec autobusowy w Szczecinie', 7),
(14, 'Dworzec autobusowy w Toruniu', 30), --
(15, 'Dworzec PKS w Toruniu', 30), --
(16, 'Dworzec autobusowy Warszawa Stadion', 4), --
(17, 'Dworzec autobusowy Warszawa Zachodnia', 4), --
(18, 'Dworzec Wroclaw', 11), --
(19, 'Kiev Central Bus Station', 16), --
(20, 'Lviv bus station', 17), --
(21, 'Zentraler Omnibusbahnhof Berlin', 14), --
(22, 'Zentraler Omnibusbahnhof Munchen', 24), --
(23, 'Avtovokzal Mazyr', 2), --
(24, 'Vienna International Busterminal', 12), --
(25, 'Vienna bu station', 12), --
(26, 'Praha Florenc', 13), --
(27, 'Budapest bus station', 15), --
(28, 'Vilnius Bus Station', 18), --
(29, 'Moscow-Butyrskaya Station', 19), --
(30, 'Kurskiy Railway Station', 20), --
(31, 'Copenhagen Central Station', 20), --
(32, 'Porte Maillot', 21), --
(33, 'BUS Milan central station', 22), --
(34, 'Zagreb Bus Station', 23), --
(35, 'Central Bus Terminals', 25);

-- users data
INSERT INTO new_users(username, email_address, password, name, surname) VALUES
('admin1', 'admin1@example.com', 'admin1', 'Łukasz', 'Selwa'),
('Thomas_Mathis0', 'thomas.mathis@example.com', '111111', 'Thomas', 'Mathis'),
('Piers_King1', 'piers.king@example.com', '2000', 'Piers', 'King'),
('Sonia_Allan2', 'sonia.allan@example.com', '159753', 'Sonia', 'Allan'),
('Phil_Arnold3', 'phil.arnold@example.com', '112233', 'Phil', 'Arnold'),
('Una_Wright4', 'una.wright@example.com', '000000', 'Una', 'Wright'),
('Andrea_Fraser5', 'andrea.fraser@example.com', 'maggie', 'Andrea', 'Fraser'),
('Julian_Davies6', 'julian.davies@example.com', 'andrew', 'Julian', 'Davies'),
('Isaac_Lee7', 'isaac.lee@example.com', 'cheese', 'Isaac', 'Lee'),
('Julia_White8', 'julia.white@example.com', '1234567890', 'Julia', 'White'),
('Isaac_Dickens9', 'isaac.dickens@example.com', 'dragon', 'Isaac', 'Dickens'),
('Wanda_Butler10', 'wanda.butler@example.com', 'buster', 'Wanda', 'Butler'),
('Max_Bailey11', 'max.bailey@example.com', 'zxcvbn', 'Max', 'Bailey'),
('Ella_Skinner12', 'ella.skinner@example.com', 'austin', 'Ella', 'Skinner'),
('Peter_Blake13', 'peter.blake@example.com', 'harley', 'Peter', 'Blake'),
('Sean_Mills14', 'sean.mills@example.com', 'matthew', 'Sean', 'Mills'),
('Adam_Thomson15', 'adam.thomson@example.com', 'qwerty', 'Adam', 'Thomson'),
('Amanda_Fraser16', 'amanda.fraser@example.com', '1qaz2wsx', 'Amanda', 'Fraser'),
('Faith_Wright17', 'faith.wright@example.com', '121212', 'Faith', 'Wright'),
('Christian_Alsop18', 'christian.alsop@example.com', 'buster', 'Christian', 'Alsop'),
('Michael_Fraser19', 'michael.fraser@example.com', 'abc123', 'Michael', 'Fraser'),
('Gavin_Metcalfe20', 'gavin.metcalfe@example.com', 'qwerty', 'Gavin', 'Metcalfe'),
('Madeleine_Thomson21', 'madeleine.thomson@example.com', 'freedom', 'Madeleine', 'Thomson'),
('Keith_Vance22', 'keith.vance@example.com', 'dragon', 'Keith', 'Vance'),
('Boris_North23', 'boris.north@example.com', 'klaster', 'Boris', 'North'),
('Nicola_Marshall24', 'nicola.marshall@example.com', 'computer', 'Nicola', 'Marshall'),
('Una_MacLeod25', 'una.macleod@example.com', 'killer', 'Una', 'MacLeod'),
('Penelope_Russell26', 'penelope.russell@example.com', 'martin', 'Penelope', 'Russell'),
('Jason_Greene27', 'jason.greene@example.com', 'cheese', 'Jason', 'Greene'),
('Nicola_Churchill28', 'nicola.churchill@example.com', '696969', 'Nicola', 'Churchill'),
('Tim_Kelly29', 'tim.kelly@example.com', 'jordan', 'Tim', 'Kelly'),
('Joseph_Black30', 'joseph.black@example.com', 'corvette', 'Joseph', 'Black'),
('Felicity_Avery31', 'felicity.avery@example.com', 'superman', 'Felicity', 'Avery'),
('Julia_Welch32', 'julia.welch@example.com', 'abc123', 'Julia', 'Welch'),
('Sally_Jackson33', 'sally.jackson@example.com', '11111111', 'Sally', 'Jackson'),
('Tracey_MacLeod34', 'tracey.macleod@example.com', '123123', 'Tracey', 'MacLeod'),
('Stewart_Bell35', 'stewart.bell@example.com', 'killer', 'Stewart', 'Bell'),
('Kylie_Henderson36', 'kylie.henderson@example.com', 'amanda', 'Kylie', 'Henderson'),
('Bella_Ball37', 'bella.ball@example.com', '2000', 'Bella', 'Ball'),
('Grace_Oliver38', 'grace.oliver@example.com', 'amanda', 'Grace', 'Oliver'),
('Carolyn_Hughes39', 'carolyn.hughes@example.com', '123321', 'Carolyn', 'Hughes'),
('Madeleine_Gray40', 'madeleine.gray@example.com', '11111111', 'Madeleine', 'Gray'),
('Kimberly_Ogden41', 'kimberly.ogden@example.com', 'maggie', 'Kimberly', 'Ogden'),
('Madeleine_Peake42', 'madeleine.peake@example.com', 'thunder', 'Madeleine', 'Peake'),
('Leah_Clarkson43', 'leah.clarkson@example.com', 'jennifer', 'Leah', 'Clarkson'),
('Adrian_Gill44', 'adrian.gill@example.com', 'chelsea', 'Adrian', 'Gill'),
('Christian_Gibson45', 'christian.gibson@example.com', 'tigger', 'Christian', 'Gibson'),
('Donna_Lawrence46', 'donna.lawrence@example.com', '7777777', 'Donna', 'Lawrence'),
('Mary_Martin47', 'mary.martin@example.com', 'dallas', 'Mary', 'Martin'),
('Andrew_Jackson48', 'andrew.jackson@example.com', 'taylor', 'Andrew', 'Jackson'),
('Una_Campbell49', 'una.campbell@example.com', 'klaster', 'Una', 'Campbell'),
('Amanda_Sanderson50', 'amanda.sanderson@example.com', 'password', 'Amanda', 'Sanderson'),
('Claire_Marshall51', 'claire.marshall@example.com', 'hockey', 'Claire', 'Marshall'),
('Ruth_Taylor52', 'ruth.taylor@example.com', '1234567', 'Ruth', 'Taylor'),
('Carol_Edmunds53', 'carol.edmunds@example.com', 'andrew', 'Carol', 'Edmunds'),
('Bella_Anderson54', 'bella.anderson@example.com', '131313', 'Bella', 'Anderson'),
('Luke_Henderson55', 'luke.henderson@example.com', '987654321', 'Luke', 'Henderson'),
('Amelia_Parr56', 'amelia.parr@example.com', 'michael', 'Amelia', 'Parr'),
('Lisa_Chapman57', 'lisa.chapman@example.com', 'william', 'Lisa', 'Chapman'),
('Stephanie_Rees58', 'stephanie.rees@example.com', '000000', 'Stephanie', 'Rees'),
('Emma_Simpson59', 'emma.simpson@example.com', 'qwerty', 'Emma', 'Simpson'),
('Lily_Johnston60', 'lily.johnston@example.com', 'mustang', 'Lily', 'Johnston'),
('Nathan_Dyer61', 'nathan.dyer@example.com', '555555', 'Nathan', 'Dyer'),
('Isaac_Allan62', 'isaac.allan@example.com', '2000', 'Isaac', 'Allan'),
('Keith_Davidson63', 'keith.davidson@example.com', 'michael', 'Keith', 'Davidson'),
('Mary_Morgan64', 'mary.morgan@example.com', 'password', 'Mary', 'Morgan'),
('Liam_Springer65', 'liam.springer@example.com', 'hockey', 'Liam', 'Springer'),
('Zoe_Jones66', 'zoe.jones@example.com', 'joshua', 'Zoe', 'Jones'),
('Leah_Allan67', 'leah.allan@example.com', '1234567', 'Leah', 'Allan'),
('Lucas_Wright68', 'lucas.wright@example.com', '7777777', 'Lucas', 'Wright'),
('Jennifer_Coleman69', 'jennifer.coleman@example.com', 'killer', 'Jennifer', 'Coleman'),
('Ella_Smith70', 'ella.smith@example.com', 'hello', 'Ella', 'Smith'),
('Rebecca_King71', 'rebecca.king@example.com', 'love', 'Rebecca', 'King'),
('Anna_Gibson72', 'anna.gibson@example.com', 'jordan', 'Anna', 'Gibson'),
('Natalie_Simpson73', 'natalie.simpson@example.com', 'football', 'Natalie', 'Simpson'),
('Trevor_Campbell74', 'trevor.campbell@example.com', 'zxcvbn', 'Trevor', 'Campbell'),
('Felicity_Rees75', 'felicity.rees@example.com', 'monkey', 'Felicity', 'Rees'),
('Benjamin_Alsop76', 'benjamin.alsop@example.com', 'pepper', 'Benjamin', 'Alsop'),
('Piers_Churchill77', 'piers.churchill@example.com', 'jennifer', 'Piers', 'Churchill'),
('John_Clark78', 'john.clark@example.com', '654321', 'John', 'Clark'),
('Alan_Alsop79', 'alan.alsop@example.com', 'freedom', 'Alan', 'Alsop'),
('Joan_Sharp80', 'joan.sharp@example.com', 'letmein', 'Joan', 'Sharp'),
('Anthony_Mackenzie81', 'anthony.mackenzie@example.com', 'taylor', 'Anthony', 'Mackenzie'),
('Isaac_Clarkson82', 'isaac.clarkson@example.com', '121212', 'Isaac', 'Clarkson'),
('Christopher_Berry83', 'christopher.berry@example.com', 'password', 'Christopher', 'Berry'),
('Rose_Randall84', 'rose.randall@example.com', 'shadow', 'Rose', 'Randall'),
('Alison_Taylor85', 'alison.taylor@example.com', 'matrix', 'Alison', 'Taylor'),
('Joseph_Fraser86', 'joseph.fraser@example.com', '12345', 'Joseph', 'Fraser'),
('Audrey_Sharp87', 'audrey.sharp@example.com', '123456789', 'Audrey', 'Sharp'),
('Blake_Wright88', 'blake.wright@example.com', 'robert', 'Blake', 'Wright'),
('Mary_Randall89', 'mary.randall@example.com', 'hello', 'Mary', 'Randall'),
('Luke_Forsyth90', 'luke.forsyth@example.com', 'access', 'Luke', 'Forsyth'),
('Jessica_Parr91', 'jessica.parr@example.com', '1234567890', 'Jessica', 'Parr'),
('Jacob_Roberts92', 'jacob.roberts@example.com', '12345', 'Jacob', 'Roberts'),
('Boris_Dickens93', 'boris.dickens@example.com', 'ashley', 'Boris', 'Dickens'),
('Frank_Parr94', 'frank.parr@example.com', 'thomas', 'Frank', 'Parr'),
('Claire_Graham95', 'claire.graham@example.com', '555555', 'Claire', 'Graham'),
('Andrew_McGrath96', 'andrew.mcgrath@example.com', '696969', 'Andrew', 'McGrath'),
('Paul_Gill97', 'paul.gill@example.com', 'zxcvbnm', 'Paul', 'Gill'),
('Boris_Blake98', 'boris.blake@example.com', 'asdfgh', 'Boris', 'Blake'),
('Liam_McGrath99', 'liam.mcgrath@example.com', 'andrew', 'Liam', 'McGrath'),
('Faith_Lyman100', 'faith.lyman@example.com', 'password', 'Faith', 'Lyman'),
('Audrey_Mitchell101', 'audrey.mitchell@example.com', 'corvette', 'Audrey', 'Mitchell'),
('Pippa_Morrison102', 'pippa.morrison@example.com', 'pass', 'Pippa', 'Morrison'),
('Joe_Taylor103', 'joe.taylor@example.com', '7777777', 'Joe', 'Taylor'),
('Megan_Welch104', 'megan.welch@example.com', 'zxcvbnm', 'Megan', 'Welch'),
('Jonathan_Duncan105', 'jonathan.duncan@example.com', '112233', 'Jonathan', 'Duncan'),
('Una_Robertson106', 'una.robertson@example.com', 'joshua', 'Una', 'Robertson'),
('Robert_Marshall107', 'robert.marshall@example.com', 'corvette', 'Robert', 'Marshall'),
('Pippa_North108', 'pippa.north@example.com', 'taylor', 'Pippa', 'North'),
('Lisa_Poole109', 'lisa.poole@example.com', '123456789', 'Lisa', 'Poole'),
('Zoe_Mackenzie110', 'zoe.mackenzie@example.com', 'dragon', 'Zoe', 'Mackenzie'),
('Joshua_Mathis111', 'joshua.mathis@example.com', 'qazwsx', 'Joshua', 'Mathis'),
('Amelia_Morrison112', 'amelia.morrison@example.com', 'tigger', 'Amelia', 'Morrison'),
('Grace_Miller113', 'grace.miller@example.com', 'ginger', 'Grace', 'Miller'),
('Donna_Knox114', 'donna.knox@example.com', 'jordan', 'Donna', 'Knox'),
('Joanne_Mills115', 'joanne.mills@example.com', 'hello', 'Joanne', 'Mills'),
('Joseph_Ross116', 'joseph.ross@example.com', 'harley', 'Joseph', 'Ross'),
('David_Short117', 'david.short@example.com', 'martin', 'David', 'Short'),
('Carl_Mackay118', 'carl.mackay@example.com', '131313', 'Carl', 'Mackay'),
('Tracey_Gibson119', 'tracey.gibson@example.com', 'abc123', 'Tracey', 'Gibson'),
('Lily_Metcalfe120', 'lily.metcalfe@example.com', 'computer', 'Lily', 'Metcalfe'),
('Lucas_Russell121', 'lucas.russell@example.com', 'klaster', 'Lucas', 'Russell'),
('Alan_Newman122', 'alan.newman@example.com', 'taylor', 'Alan', 'Newman'),
('Paul_May123', 'paul.may@example.com', '1234567', 'Paul', 'May'),
('Jennifer_Sharp124', 'jennifer.sharp@example.com', 'matrix', 'Jennifer', 'Sharp'),
('Fiona_Harris125', 'fiona.harris@example.com', '131313', 'Fiona', 'Harris'),
('Piers_Underwood126', 'piers.underwood@example.com', 'football', 'Piers', 'Underwood'),
('Maria_May127', 'maria.may@example.com', '000000', 'Maria', 'May'),
('James_Welch128', 'james.welch@example.com', '1234', 'James', 'Welch'),
('Sebastian_Cameron129', 'sebastian.cameron@example.com', 'jessica', 'Sebastian', 'Cameron'),
('Christopher_Short130', 'christopher.short@example.com', 'harley', 'Christopher', 'Short'),
('Stephanie_Lee131', 'stephanie.lee@example.com', 'zxcvbn', 'Stephanie', 'Lee'),
('Steven_Lambert132', 'steven.lambert@example.com', 'ashley', 'Steven', 'Lambert'),
('Claire_Grant133', 'claire.grant@example.com', 'thomas', 'Claire', 'Grant'),
('Colin_Ross134', 'colin.ross@example.com', '11111111', 'Colin', 'Ross'),
('Michelle_Tucker135', 'michelle.tucker@example.com', '123321', 'Michelle', 'Tucker'),
('Adrian_Lawrence136', 'adrian.lawrence@example.com', 'matrix', 'Adrian', 'Lawrence'),
('Kimberly_Glover137', 'kimberly.glover@example.com', 'abc123', 'Kimberly', 'Glover'),
('Jason_Wilson138', 'jason.wilson@example.com', 'pass', 'Jason', 'Wilson'),
('Sean_Dickens139', 'sean.dickens@example.com', 'password', 'Sean', 'Dickens'),
('Christian_Randall140', 'christian.randall@example.com', '987654321', 'Christian', 'Randall'),
('Rachel_Underwood141', 'rachel.underwood@example.com', 'qazwsx', 'Rachel', 'Underwood'),
('Donna_Hodges142', 'donna.hodges@example.com', 'asdfgh', 'Donna', 'Hodges'),
('Jennifer_Hemmings143', 'jennifer.hemmings@example.com', 'klaster', 'Jennifer', 'Hemmings'),
('Jason_Sutherland144', 'jason.sutherland@example.com', '696969', 'Jason', 'Sutherland'),
('Jan_Short145', 'jan.short@example.com', '987654321', 'Jan', 'Short'),
('Leonard_Young146', 'leonard.young@example.com', 'buster', 'Leonard', 'Young'),
('Vanessa_Sharp147', 'vanessa.sharp@example.com', 'amanda', 'Vanessa', 'Sharp'),
('Diana_Miller148', 'diana.miller@example.com', 'jordan', 'Diana', 'Miller'),
('Yvonne_Anderson149', 'yvonne.anderson@example.com', '1234', 'Yvonne', 'Anderson'),
('Keith_Metcalfe150', 'keith.metcalfe@example.com', 'maggie', 'Keith', 'Metcalfe'),
('Felicity_Vance151', 'felicity.vance@example.com', 'hello', 'Felicity', 'Vance'),
('Dan_Manning152', 'dan.manning@example.com', 'matrix', 'Dan', 'Manning'),
('Anne_Quinn153', 'anne.quinn@example.com', '666666', 'Anne', 'Quinn'),
('Abigail_Ellison154', 'abigail.ellison@example.com', 'ranger', 'Abigail', 'Ellison'),
('Zoe_Davies155', 'zoe.davies@example.com', '1234567890', 'Zoe', 'Davies'),
('Theresa_Chapman156', 'theresa.chapman@example.com', 'yankees', 'Theresa', 'Chapman'),
('James_Mills157', 'james.mills@example.com', 'computer', 'James', 'Mills'),
('Deirdre_Metcalfe158', 'deirdre.metcalfe@example.com', '12345', 'Deirdre', 'Metcalfe'),
('Cameron_Davidson159', 'cameron.davidson@example.com', 'superman', 'Cameron', 'Davidson'),
('Keith_Springer160', 'keith.springer@example.com', '1234567890', 'Keith', 'Springer'),
('Joseph_Sutherland161', 'joseph.sutherland@example.com', '1234', 'Joseph', 'Sutherland'),
('David_Abraham162', 'david.abraham@example.com', 'football', 'David', 'Abraham'),
('Caroline_Knox163', 'caroline.knox@example.com', '777777', 'Caroline', 'Knox'),
('Kylie_Lewis164', 'kylie.lewis@example.com', 'asdfgh', 'Kylie', 'Lewis'),
('Sarah_Ellison165', 'sarah.ellison@example.com', 'taylor', 'Sarah', 'Ellison'),
('Carol_Dyer166', 'carol.dyer@example.com', 'qwertyuiop', 'Carol', 'Dyer'),
('Neil_Pullman167', 'neil.pullman@example.com', 'andrew', 'Neil', 'Pullman'),
('Theresa_Terry168', 'theresa.terry@example.com', '555555', 'Theresa', 'Terry'),
('Heather_Lewis169', 'heather.lewis@example.com', 'trustno1', 'Heather', 'Lewis'),
('Leonard_Berry170', 'leonard.berry@example.com', 'superman', 'Leonard', 'Berry'),
('Elizabeth_Lyman171', 'elizabeth.lyman@example.com', 'taylor', 'Elizabeth', 'Lyman'),
('Max_Walsh172', 'max.walsh@example.com', 'pepper', 'Max', 'Walsh'),
('Frank_Poole173', 'frank.poole@example.com', 'asdfgh', 'Frank', 'Poole'),
('Owen_May174', 'owen.may@example.com', 'andrew', 'Owen', 'May'),
('Carl_Nash175', 'carl.nash@example.com', '987654321', 'Carl', 'Nash'),
('James_Payne176', 'james.payne@example.com', 'charlie', 'James', 'Payne'),
('Sarah_Peters177', 'sarah.peters@example.com', 'george', 'Sarah', 'Peters'),
('Gavin_Carr178', 'gavin.carr@example.com', '1234567890', 'Gavin', 'Carr'),
('Felicity_Lawrence179', 'felicity.lawrence@example.com', 'iloveyou', 'Felicity', 'Lawrence'),
('Brandon_Pullman180', 'brandon.pullman@example.com', 'chelsea', 'Brandon', 'Pullman'),
('Dorothy_King181', 'dorothy.king@example.com', 'shadow', 'Dorothy', 'King'),
('Charles_Harris182', 'charles.harris@example.com', 'maggie', 'Charles', 'Harris'),
('Phil_Wright183', 'phil.wright@example.com', 'hunter', 'Phil', 'Wright'),
('Rebecca_Wallace184', 'rebecca.wallace@example.com', 'iloveyou', 'Rebecca', 'Wallace'),
('Olivia_Berry185', 'olivia.berry@example.com', 'chelsea', 'Olivia', 'Berry'),
('Katherine_Ince186', 'katherine.ince@example.com', 'william', 'Katherine', 'Ince'),
('Anthony_Greene187', 'anthony.greene@example.com', 'chelsea', 'Anthony', 'Greene'),
('Thomas_Henderson188', 'thomas.henderson@example.com', '1234567890', 'Thomas', 'Henderson'),
('Joshua_Walker189', 'joshua.walker@example.com', 'qwertyuiop', 'Joshua', 'Walker'),
('Audrey_Mackay190', 'audrey.mackay@example.com', 'andrew', 'Audrey', 'Mackay'),
('Brian_Kelly191', 'brian.kelly@example.com', '131313', 'Brian', 'Kelly'),
('Blake_Howard192', 'blake.howard@example.com', 'jordan', 'Blake', 'Howard'),
('Emma_Young193', 'emma.young@example.com', 'letmein', 'Emma', 'Young'),
('Diana_Watson194', 'diana.watson@example.com', '654321', 'Diana', 'Watson'),
('Isaac_Dowd195', 'isaac.dowd@example.com', 'trustno1', 'Isaac', 'Dowd'),
('Jonathan_Churchill196', 'jonathan.churchill@example.com', 'harley', 'Jonathan', 'Churchill'),
('Andrea_Hughes197', 'andrea.hughes@example.com', 'baseball', 'Andrea', 'Hughes'),
('Andrew_Randall198', 'andrew.randall@example.com', 'amanda', 'Andrew', 'Randall'),
('Stephen_Mills199', 'stephen.mills@example.com', 'thomas', 'Stephen', 'Mills');

-- bus models
INSERT INTO buses_models(id, seats) VALUES
(0, 30),
(1, 40),
(2, 60),
(3, 60),
(4, 50);

-- all about transits
INSERT INTO transits(id_transit, departure_stop, arrival_stop, price, bus_model) VALUES
(1, 6, 9, 8, 2),
(2, 6, 18, 11, 1),
(3, 6, 4, 2, 0),
(4, 6, 5, 5, 0),
(5, 6, 12, 8, 4),
(6, 11, 9, 8, 4),
(7, 11, 13, 8, 1),
(8, 11, 2, 5, 1),
(9, 11, 18, 8, 0),
(10, 11, 14, 5, 2),
(11, 17, 9, 8, 4),
(12, 17, 2, 11, 1),
(13, 16, 7, 8, 4),
(14, 16, 1, 8, 1),
(15, 17, 14, 8, 4),
(16, 8, 6, 8, 1),
(17, 8, 11, 8, 1),
(18, 8, 7, 11, 0),
(19, 9, 18, 8, 4),
(20, 9, 4, 5, 4),
(21, 9, 5, 5, 0),
(22, 3, 2, 8, 0),
(23, 3, 10, 8, 1),
(24, 3, 15, 8, 3),
(25, 2, 11, 5, 3),
(26, 2, 9, 11, 1),
(27, 2, 3, 8, 0),
(28, 2, 13, 11, 2),
(29, 2, 18, 11, 4),
(30, 2, 10, 8, 0),
(31, 2, 15, 2, 4),
(32, 7, 9, 11, 1),
(33, 7, 1, 11, 0),
(34, 7, 20, 8, 4),
(35, 7, 5, 8, 0),
(36, 7, 12, 8, 3),
(37, 1, 17, 8, 1),
(38, 1, 7, 11, 1),
(39, 1, 28, 11, 4),
(40, 1, 10, 8, 3),
(41, 24, 27, 11, 2),
(42, 26, 18, 11, 4),
(43, 27, 24, 11, 1),
(44, 19, 23, 11, 1),
(45, 20, 7, 8, 3),
(46, 20, 12, 8, 3),
(47, 28, 1, 11, 2),
(48, 28, 35, 8, 0),
(49, 35, 23, 11, 3),
(50, 35, 28, 8, 2),
(51, 4, 6, 2, 0),
(52, 4, 8, 5, 1),
(53, 4, 18, 8, 4),
(54, 4, 12, 11, 0),
(55, 5, 6, 5, 4),
(56, 5, 17, 8, 1),
(57, 5, 8, 5, 0),
(58, 5, 4, 5, 4),
(59, 12, 6, 8, 0),
(60, 12, 7, 8, 0),
(61, 12, 5, 5, 0),
(62, 14, 11, 5, 2),
(63, 15, 9, 8, 1),
(64, 14, 3, 8, 2),
(65, 14, 2, 2, 4),
(66, 15, 18, 11, 4),
(67, 14, 10, 8, 1);

INSERT INTO spans(id, begin_date, end_date, transit) VALUES
(1, '2019-1-01'::date, '2019-6-01'::date, 1),
(2, '2019-11-01'::date, '2020-4-01'::date, 1),
(3, '2019-3-01'::date, '2019-8-01'::date, 2),
(4, '2019-10-01'::date, '2020-3-01'::date, 2),
(5, '2019-1-01'::date, '2019-6-01'::date, 3),
(6, '2019-10-01'::date, '2020-3-01'::date, 3),
(7, '2019-1-01'::date, '2019-6-01'::date, 4),
(8, '2019-11-01'::date, '2020-4-01'::date, 4),
(9, '2019-1-01'::date, '2019-6-01'::date, 5),
(10, '2019-11-01'::date, '2020-4-01'::date, 5),
(11, '2019-1-01'::date, '2019-6-01'::date, 6),
(12, '2019-10-01'::date, '2020-3-01'::date, 6),
(13, '2019-1-01'::date, '2019-6-01'::date, 7),
(14, '2019-9-01'::date, '2020-2-01'::date, 7),
(15, '2019-1-01'::date, '2019-6-01'::date, 8),
(16, '2019-9-01'::date, '2020-2-01'::date, 8),
(17, '2019-2-01'::date, '2019-7-01'::date, 9),
(18, '2019-10-01'::date, '2020-3-01'::date, 9),
(19, '2019-1-01'::date, '2019-6-01'::date, 10),
(20, '2019-11-01'::date, '2020-4-01'::date, 10),
(21, '2019-3-01'::date, '2019-8-01'::date, 11),
(22, '2019-11-01'::date, '2020-4-01'::date, 11),
(23, '2019-2-01'::date, '2019-7-01'::date, 12),
(24, '2019-10-01'::date, '2020-3-01'::date, 12),
(25, '2019-1-01'::date, '2019-6-01'::date, 13),
(26, '2019-10-01'::date, '2020-3-01'::date, 13),
(27, '2019-1-01'::date, '2019-6-01'::date, 14),
(28, '2019-11-01'::date, '2020-4-01'::date, 14),
(29, '2019-2-01'::date, '2019-7-01'::date, 15),
(30, '2019-10-01'::date, '2020-3-01'::date, 15),
(31, '2019-3-01'::date, '2019-8-01'::date, 16),
(32, '2019-11-01'::date, '2020-4-01'::date, 16),
(33, '2019-3-01'::date, '2019-8-01'::date, 17),
(34, '2019-11-01'::date, '2020-4-01'::date, 17),
(35, '2019-1-01'::date, '2019-6-01'::date, 18),
(36, '2019-10-01'::date, '2020-3-01'::date, 18),
(37, '2019-1-01'::date, '2019-6-01'::date, 19),
(38, '2019-11-01'::date, '2020-4-01'::date, 19),
(39, '2019-2-01'::date, '2019-7-01'::date, 20),
(40, '2019-11-01'::date, '2020-4-01'::date, 20),
(41, '2019-1-01'::date, '2019-6-01'::date, 21),
(42, '2019-10-01'::date, '2020-3-01'::date, 21),
(43, '2019-3-01'::date, '2019-8-01'::date, 22),
(44, '2019-10-01'::date, '2020-3-01'::date, 22),
(45, '2019-3-01'::date, '2019-8-01'::date, 23),
(46, '2019-11-01'::date, '2020-4-01'::date, 23),
(47, '2019-3-01'::date, '2019-8-01'::date, 24),
(48, '2019-10-01'::date, '2020-3-01'::date, 24),
(49, '2019-2-01'::date, '2019-7-01'::date, 25),
(50, '2019-11-01'::date, '2020-4-01'::date, 25),
(51, '2019-2-01'::date, '2019-7-01'::date, 26),
(52, '2019-10-01'::date, '2020-3-01'::date, 26),
(53, '2019-3-01'::date, '2019-8-01'::date, 27),
(54, '2019-9-01'::date, '2020-2-01'::date, 27),
(55, '2019-2-01'::date, '2019-7-01'::date, 28),
(56, '2019-10-01'::date, '2020-3-01'::date, 28),
(57, '2019-3-01'::date, '2019-8-01'::date, 29),
(58, '2019-10-01'::date, '2020-3-01'::date, 29),
(59, '2019-3-01'::date, '2019-8-01'::date, 30),
(60, '2019-11-01'::date, '2020-4-01'::date, 30),
(61, '2019-2-01'::date, '2019-7-01'::date, 31),
(62, '2019-10-01'::date, '2020-3-01'::date, 31),
(63, '2019-1-01'::date, '2019-6-01'::date, 32),
(64, '2019-10-01'::date, '2020-3-01'::date, 32),
(65, '2019-3-01'::date, '2019-8-01'::date, 33),
(66, '2019-10-01'::date, '2020-3-01'::date, 33),
(67, '2019-3-01'::date, '2019-8-01'::date, 34),
(68, '2019-10-01'::date, '2020-3-01'::date, 34),
(69, '2019-1-01'::date, '2019-6-01'::date, 35),
(70, '2019-9-01'::date, '2020-2-01'::date, 35),
(71, '2019-3-01'::date, '2019-8-01'::date, 36),
(72, '2019-10-01'::date, '2020-3-01'::date, 36),
(73, '2019-1-01'::date, '2019-6-01'::date, 37),
(74, '2019-11-01'::date, '2020-4-01'::date, 37),
(75, '2019-1-01'::date, '2019-6-01'::date, 38),
(76, '2019-11-01'::date, '2020-4-01'::date, 38),
(77, '2019-3-01'::date, '2019-8-01'::date, 39),
(78, '2019-9-01'::date, '2020-2-01'::date, 39),
(79, '2019-1-01'::date, '2019-6-01'::date, 40),
(80, '2019-10-01'::date, '2020-3-01'::date, 40),
(81, '2019-3-01'::date, '2019-8-01'::date, 41),
(82, '2019-9-01'::date, '2020-2-01'::date, 41),
(83, '2019-3-01'::date, '2019-8-01'::date, 42),
(84, '2019-11-01'::date, '2020-4-01'::date, 42),
(85, '2019-1-01'::date, '2019-6-01'::date, 43),
(86, '2019-9-01'::date, '2020-2-01'::date, 43),
(87, '2019-3-01'::date, '2019-8-01'::date, 44),
(88, '2019-11-01'::date, '2020-4-01'::date, 44),
(89, '2019-1-01'::date, '2019-6-01'::date, 45),
(90, '2019-9-01'::date, '2020-2-01'::date, 45),
(91, '2019-3-01'::date, '2019-8-01'::date, 46),
(92, '2019-10-01'::date, '2020-3-01'::date, 46),
(93, '2019-1-01'::date, '2019-6-01'::date, 47),
(94, '2019-10-01'::date, '2020-3-01'::date, 47),
(95, '2019-2-01'::date, '2019-7-01'::date, 48),
(96, '2019-9-01'::date, '2020-2-01'::date, 48),
(97, '2019-3-01'::date, '2019-8-01'::date, 49),
(98, '2019-11-01'::date, '2020-4-01'::date, 49),
(99, '2019-2-01'::date, '2019-7-01'::date, 50),
(100, '2019-11-01'::date, '2020-4-01'::date, 50),
(101, '2019-1-01'::date, '2019-6-01'::date, 51),
(102, '2019-11-01'::date, '2020-4-01'::date, 51),
(103, '2019-2-01'::date, '2019-7-01'::date, 52),
(104, '2019-11-01'::date, '2020-4-01'::date, 52),
(105, '2019-3-01'::date, '2019-8-01'::date, 53),
(106, '2019-11-01'::date, '2020-4-01'::date, 53),
(107, '2019-2-01'::date, '2019-7-01'::date, 54),
(108, '2019-11-01'::date, '2020-4-01'::date, 54),
(109, '2019-1-01'::date, '2019-6-01'::date, 55),
(110, '2019-9-01'::date, '2020-2-01'::date, 55),
(111, '2019-1-01'::date, '2019-6-01'::date, 56),
(112, '2019-10-01'::date, '2020-3-01'::date, 56),
(113, '2019-2-01'::date, '2019-7-01'::date, 57),
(114, '2019-9-01'::date, '2020-2-01'::date, 57),
(115, '2019-2-01'::date, '2019-7-01'::date, 58),
(116, '2019-10-01'::date, '2020-3-01'::date, 58),
(117, '2019-2-01'::date, '2019-7-01'::date, 59),
(118, '2019-10-01'::date, '2020-3-01'::date, 59),
(119, '2019-2-01'::date, '2019-7-01'::date, 60),
(120, '2019-9-01'::date, '2020-2-01'::date, 60),
(121, '2019-1-01'::date, '2019-6-01'::date, 61),
(122, '2019-9-01'::date, '2020-2-01'::date, 61),
(123, '2019-1-01'::date, '2019-6-01'::date, 62),
(124, '2019-11-01'::date, '2020-4-01'::date, 62),
(125, '2019-2-01'::date, '2019-7-01'::date, 63),
(126, '2019-9-01'::date, '2020-2-01'::date, 63),
(127, '2019-2-01'::date, '2019-7-01'::date, 64),
(128, '2019-10-01'::date, '2020-3-01'::date, 64),
(129, '2019-2-01'::date, '2019-7-01'::date, 65),
(130, '2019-11-01'::date, '2020-4-01'::date, 65),
(131, '2019-3-01'::date, '2019-8-01'::date, 66),
(132, '2019-9-01'::date, '2020-2-01'::date, 66),
(133, '2019-3-01'::date, '2019-8-01'::date, 67),
(134, '2019-10-01'::date, '2020-3-01'::date, 67);

INSERT INTO departure_time(departure, time, span, day_of_the_week) VALUES
('9:00'::time, '2 hours'::interval, 1, 3),
('9:00'::time, '2 hours'::interval, 1, 4),
('10:00'::time, '2 hours'::interval, 1, 5),
('9:00'::time, '2 hours'::interval, 1, 6),
('8:00'::time, '2 hours'::interval, 2, 1),
('7:00'::time, '2 hours'::interval, 2, 3),
('9:00'::time, '2 hours'::interval, 2, 4),
('7:00'::time, '2 hours'::interval, 2, 5),
('7:00'::time, '2 hours'::interval, 2, 7),
('6:00'::time, '3 hours'::interval, 3, 1),
('10:00'::time, '3 hours'::interval, 3, 2),
('6:00'::time, '3 hours'::interval, 4, 1),
('11:00'::time, '3 hours'::interval, 4, 2),
('10:00'::time, '3 hours'::interval, 4, 7),
('10:00'::time, '1 hours'::interval, 5, 2),
('23:00'::time, '0.5 hours'::interval, 5, 2),
('9:00'::time, '0.5 hours'::interval, 5, 4),
('21:00'::time, '0.5 hours'::interval, 5, 4),
('8:00'::time, '0.5 hours'::interval, 5, 6),
('19:00'::time, '1 hours'::interval, 5, 6),
('8:00'::time, '1 hours'::interval, 6, 1),
('18:00'::time, '1 hours'::interval, 6, 1),
('8:00'::time, '1 hours'::interval, 6, 2),
('20:00'::time, '0.5 hours'::interval, 6, 2),
('10:00'::time, '0.5 hours'::interval, 6, 4),
('20:00'::time, '0.5 hours'::interval, 6, 4),
('10:00'::time, '0.5 hours'::interval, 6, 5),
('18:00'::time, '1 hours'::interval, 6, 5),
('11:00'::time, '2 hours'::interval, 7, 2),
('10:00'::time, '2 hours'::interval, 7, 6),
('7:00'::time, '1 hours'::interval, 7, 7),
('11:00'::time, '2 hours'::interval, 8, 2),
('6:00'::time, '1 hours'::interval, 8, 3),
('7:00'::time, '1 hours'::interval, 8, 5),
('6:00'::time, '3 hours'::interval, 9, 1),
('7:00'::time, '3 hours'::interval, 9, 4),
('7:00'::time, '2 hours'::interval, 9, 5),
('6:00'::time, '3 hours'::interval, 10, 1),
('10:00'::time, '2 hours'::interval, 10, 2),
('8:00'::time, '2 hours'::interval, 10, 5),
('9:00'::time, '2 hours'::interval, 11, 2),
('11:00'::time, '3 hours'::interval, 11, 3),
('11:00'::time, '2 hours'::interval, 11, 4),
('7:00'::time, '3 hours'::interval, 11, 6),
('8:00'::time, '2 hours'::interval, 12, 1),
('8:00'::time, '3 hours'::interval, 12, 3),
('6:00'::time, '2 hours'::interval, 12, 4),
('8:00'::time, '2 hours'::interval, 12, 5),
('7:00'::time, '3 hours'::interval, 13, 1),
('9:00'::time, '3 hours'::interval, 13, 2),
('8:00'::time, '3 hours'::interval, 13, 4),
('6:00'::time, '2 hours'::interval, 14, 2),
('9:00'::time, '2 hours'::interval, 14, 3),
('8:00'::time, '3 hours'::interval, 14, 4),
('9:00'::time, '3 hours'::interval, 14, 5),
('8:00'::time, '2 hours'::interval, 14, 7),
('7:00'::time, '2 hours'::interval, 15, 2),
('9:00'::time, '1 hours'::interval, 15, 3),
('9:00'::time, '2 hours'::interval, 15, 4),
('9:00'::time, '1 hours'::interval, 15, 6),
('10:00'::time, '2 hours'::interval, 16, 2),
('6:00'::time, '2 hours'::interval, 16, 3),
('8:00'::time, '1 hours'::interval, 16, 4),
('10:00'::time, '2 hours'::interval, 16, 7),
('9:00'::time, '2 hours'::interval, 17, 1),
('11:00'::time, '2 hours'::interval, 17, 2),
('9:00'::time, '2 hours'::interval, 17, 3),
('9:00'::time, '2 hours'::interval, 17, 6),
('7:00'::time, '2 hours'::interval, 17, 7),
('7:00'::time, '2 hours'::interval, 18, 3),
('10:00'::time, '2 hours'::interval, 18, 5),
('9:00'::time, '2 hours'::interval, 18, 6),
('8:00'::time, '2 hours'::interval, 19, 1),
('9:00'::time, '2 hours'::interval, 19, 2),
('8:00'::time, '1 hours'::interval, 19, 5),
('9:00'::time, '2 hours'::interval, 20, 1),
('9:00'::time, '1 hours'::interval, 20, 2),
('11:00'::time, '2 hours'::interval, 20, 3),
('9:00'::time, '1 hours'::interval, 20, 7),
('6:00'::time, '2 hours'::interval, 21, 2),
('11:00'::time, '2 hours'::interval, 21, 4),
('7:00'::time, '2 hours'::interval, 21, 5),
('9:00'::time, '2 hours'::interval, 21, 6),
('9:00'::time, '2 hours'::interval, 22, 1),
('10:00'::time, '2 hours'::interval, 22, 2),
('9:00'::time, '2 hours'::interval, 22, 3),
('10:00'::time, '2 hours'::interval, 22, 6),
('7:00'::time, '3 hours'::interval, 23, 1),
('6:00'::time, '3 hours'::interval, 23, 4),
('9:00'::time, '3 hours'::interval, 23, 7),
('6:00'::time, '3 hours'::interval, 24, 2),
('7:00'::time, '3 hours'::interval, 24, 3),
('9:00'::time, '3 hours'::interval, 24, 6),
('8:00'::time, '2 hours'::interval, 25, 1),
('9:00'::time, '2 hours'::interval, 25, 5),
('8:00'::time, '2 hours'::interval, 25, 6),
('8:00'::time, '2 hours'::interval, 25, 7),
('10:00'::time, '2 hours'::interval, 26, 3),
('6:00'::time, '2 hours'::interval, 26, 4),
('11:00'::time, '2 hours'::interval, 26, 5),
('11:00'::time, '2 hours'::interval, 26, 6),
('10:00'::time, '3 hours'::interval, 27, 3),
('9:00'::time, '3 hours'::interval, 27, 5),
('6:00'::time, '3 hours'::interval, 27, 6),
('9:00'::time, '3 hours'::interval, 28, 2),
('7:00'::time, '3 hours'::interval, 28, 3),
('10:00'::time, '3 hours'::interval, 28, 7),
('10:00'::time, '3 hours'::interval, 29, 1),
('9:00'::time, '2 hours'::interval, 29, 3),
('11:00'::time, '3 hours'::interval, 29, 4),
('9:00'::time, '2 hours'::interval, 29, 7),
('6:00'::time, '3 hours'::interval, 30, 1),
('7:00'::time, '2 hours'::interval, 30, 2),
('7:00'::time, '3 hours'::interval, 30, 3),
('8:00'::time, '2 hours'::interval, 30, 5),
('7:00'::time, '2 hours'::interval, 31, 1),
('6:00'::time, '2 hours'::interval, 31, 2),
('9:00'::time, '2 hours'::interval, 31, 4),
('10:00'::time, '2 hours'::interval, 31, 6),
('8:00'::time, '2 hours'::interval, 32, 2),
('7:00'::time, '2 hours'::interval, 32, 3),
('8:00'::time, '2 hours'::interval, 32, 4),
('11:00'::time, '2 hours'::interval, 32, 5),
('9:00'::time, '2 hours'::interval, 32, 7),
('10:00'::time, '2 hours'::interval, 33, 2),
('10:00'::time, '3 hours'::interval, 33, 4),
('9:00'::time, '3 hours'::interval, 33, 5),
('9:00'::time, '2 hours'::interval, 33, 6),
('11:00'::time, '2 hours'::interval, 33, 7),
('8:00'::time, '3 hours'::interval, 34, 1),
('9:00'::time, '3 hours'::interval, 34, 2),
('8:00'::time, '2 hours'::interval, 34, 4),
('7:00'::time, '2 hours'::interval, 34, 7),
('8:00'::time, '3 hours'::interval, 35, 3),
('9:00'::time, '3 hours'::interval, 35, 6),
('11:00'::time, '3 hours'::interval, 36, 1),
('6:00'::time, '3 hours'::interval, 36, 4),
('10:00'::time, '3 hours'::interval, 36, 5),
('9:00'::time, '3 hours'::interval, 36, 6),
('10:00'::time, '2 hours'::interval, 37, 1),
('6:00'::time, '2 hours'::interval, 37, 2),
('9:00'::time, '2 hours'::interval, 37, 4),
('11:00'::time, '2 hours'::interval, 38, 1),
('9:00'::time, '2 hours'::interval, 38, 5),
('9:00'::time, '2 hours'::interval, 38, 7),
('9:00'::time, '2 hours'::interval, 39, 1),
('10:00'::time, '1 hours'::interval, 39, 2),
('7:00'::time, '2 hours'::interval, 39, 4),
('11:00'::time, '1 hours'::interval, 40, 1),
('10:00'::time, '1 hours'::interval, 40, 2),
('7:00'::time, '2 hours'::interval, 40, 4),
('6:00'::time, '2 hours'::interval, 40, 6),
('8:00'::time, '2 hours'::interval, 40, 7),
('10:00'::time, '2 hours'::interval, 41, 1),
('6:00'::time, '1 hours'::interval, 41, 3),
('6:00'::time, '1 hours'::interval, 41, 4),
('8:00'::time, '1 hours'::interval, 41, 7),
('11:00'::time, '1 hours'::interval, 42, 1),
('10:00'::time, '2 hours'::interval, 42, 5),
('8:00'::time, '1 hours'::interval, 42, 6),
('9:00'::time, '2 hours'::interval, 42, 7),
('7:00'::time, '2 hours'::interval, 43, 1),
('8:00'::time, '2 hours'::interval, 43, 2),
('10:00'::time, '2 hours'::interval, 43, 7),
('6:00'::time, '2 hours'::interval, 44, 2),
('8:00'::time, '2 hours'::interval, 44, 4),
('6:00'::time, '2 hours'::interval, 44, 6),
('6:00'::time, '2 hours'::interval, 44, 7),
('8:00'::time, '2 hours'::interval, 45, 2),
('9:00'::time, '2 hours'::interval, 45, 5),
('6:00'::time, '2 hours'::interval, 45, 6),
('6:00'::time, '2 hours'::interval, 46, 2),
('10:00'::time, '2 hours'::interval, 46, 3),
('9:00'::time, '2 hours'::interval, 46, 4),
('11:00'::time, '2 hours'::interval, 47, 1),
('6:00'::time, '2 hours'::interval, 47, 4),
('10:00'::time, '2 hours'::interval, 47, 5),
('6:00'::time, '2 hours'::interval, 48, 2),
('7:00'::time, '2 hours'::interval, 48, 3),
('10:00'::time, '2 hours'::interval, 48, 4),
('8:00'::time, '2 hours'::interval, 48, 6),
('10:00'::time, '2 hours'::interval, 49, 3),
('8:00'::time, '1 hours'::interval, 49, 5),
('10:00'::time, '2 hours'::interval, 49, 6),
('10:00'::time, '1 hours'::interval, 49, 7),
('8:00'::time, '1 hours'::interval, 50, 1),
('8:00'::time, '1 hours'::interval, 50, 2),
('9:00'::time, '1 hours'::interval, 50, 4),
('10:00'::time, '2 hours'::interval, 50, 6),
('10:00'::time, '3 hours'::interval, 51, 1),
('10:00'::time, '3 hours'::interval, 51, 2),
('10:00'::time, '3 hours'::interval, 51, 6),
('7:00'::time, '3 hours'::interval, 51, 7),
('9:00'::time, '3 hours'::interval, 52, 1),
('8:00'::time, '3 hours'::interval, 52, 6),
('7:00'::time, '3 hours'::interval, 52, 7),
('8:00'::time, '2 hours'::interval, 53, 1),
('8:00'::time, '2 hours'::interval, 53, 2),
('11:00'::time, '2 hours'::interval, 53, 6),
('9:00'::time, '2 hours'::interval, 53, 7),
('8:00'::time, '2 hours'::interval, 54, 2),
('7:00'::time, '2 hours'::interval, 54, 3),
('7:00'::time, '2 hours'::interval, 54, 6),
('8:00'::time, '2 hours'::interval, 54, 7),
('6:00'::time, '3 hours'::interval, 55, 2),
('6:00'::time, '3 hours'::interval, 55, 3),
('9:00'::time, '3 hours'::interval, 55, 6),
('7:00'::time, '3 hours'::interval, 55, 7),
('8:00'::time, '3 hours'::interval, 56, 1),
('9:00'::time, '3 hours'::interval, 56, 3),
('10:00'::time, '3 hours'::interval, 56, 4),
('9:00'::time, '3 hours'::interval, 56, 6),
('10:00'::time, '3 hours'::interval, 57, 1),
('10:00'::time, '3 hours'::interval, 57, 2),
('11:00'::time, '3 hours'::interval, 57, 3),
('9:00'::time, '3 hours'::interval, 57, 4),
('8:00'::time, '3 hours'::interval, 58, 1),
('10:00'::time, '3 hours'::interval, 58, 2),
('11:00'::time, '3 hours'::interval, 58, 5),
('9:00'::time, '3 hours'::interval, 58, 7),
('11:00'::time, '2 hours'::interval, 59, 1),
('7:00'::time, '3 hours'::interval, 59, 3),
('10:00'::time, '2 hours'::interval, 59, 4),
('6:00'::time, '2 hours'::interval, 59, 5),
('10:00'::time, '3 hours'::interval, 59, 6),
('10:00'::time, '3 hours'::interval, 60, 2),
('8:00'::time, '3 hours'::interval, 60, 4),
('11:00'::time, '2 hours'::interval, 60, 6),
('7:00'::time, '0.5 hours'::interval, 61, 1),
('20:00'::time, '0.5 hours'::interval, 61, 1),
('8:00'::time, '0.5 hours'::interval, 61, 3),
('22:00'::time, '0.5 hours'::interval, 61, 3),
('7:00'::time, '0.5 hours'::interval, 61, 4),
('21:00'::time, '0.5 hours'::interval, 61, 4),
('8:00'::time, '0.5 hours'::interval, 62, 2),
('20:00'::time, '0.5 hours'::interval, 62, 2),
('8:00'::time, '0.5 hours'::interval, 62, 3),
('23:00'::time, '0.5 hours'::interval, 62, 3),
('7:00'::time, '0.5 hours'::interval, 62, 5),
('19:00'::time, '0.5 hours'::interval, 62, 5),
('11:00'::time, '0.5 hours'::interval, 62, 7),
('19:00'::time, '0.5 hours'::interval, 62, 7),
('6:00'::time, '3 hours'::interval, 63, 1),
('8:00'::time, '3 hours'::interval, 63, 4),
('10:00'::time, '3 hours'::interval, 63, 6),
('8:00'::time, '3 hours'::interval, 64, 1),
('7:00'::time, '3 hours'::interval, 64, 2),
('11:00'::time, '3 hours'::interval, 64, 4),
('11:00'::time, '3 hours'::interval, 64, 6),
('9:00'::time, '3 hours'::interval, 65, 2),
('6:00'::time, '3 hours'::interval, 65, 5),
('6:00'::time, '3 hours'::interval, 65, 6),
('11:00'::time, '3 hours'::interval, 65, 7),
('11:00'::time, '3 hours'::interval, 66, 1),
('8:00'::time, '3 hours'::interval, 66, 2),
('10:00'::time, '3 hours'::interval, 66, 3),
('6:00'::time, '3 hours'::interval, 66, 7),
('9:00'::time, '3 hours'::interval, 67, 4),
('10:00'::time, '2 hours'::interval, 67, 5),
('9:00'::time, '3 hours'::interval, 67, 6),
('8:00'::time, '3 hours'::interval, 68, 1),
('10:00'::time, '3 hours'::interval, 68, 2),
('11:00'::time, '2 hours'::interval, 68, 4),
('10:00'::time, '2 hours'::interval, 68, 5),
('6:00'::time, '3 hours'::interval, 68, 6),
('6:00'::time, '2 hours'::interval, 69, 1),
('7:00'::time, '2 hours'::interval, 69, 2),
('7:00'::time, '2 hours'::interval, 69, 7),
('11:00'::time, '2 hours'::interval, 70, 1),
('10:00'::time, '2 hours'::interval, 70, 2),
('7:00'::time, '2 hours'::interval, 70, 3),
('11:00'::time, '2 hours'::interval, 70, 4),
('8:00'::time, '2 hours'::interval, 70, 6),
('9:00'::time, '2 hours'::interval, 71, 5),
('6:00'::time, '2 hours'::interval, 71, 6),
('11:00'::time, '2 hours'::interval, 71, 7),
('9:00'::time, '2 hours'::interval, 72, 1),
('6:00'::time, '2 hours'::interval, 72, 2),
('6:00'::time, '2 hours'::interval, 72, 4),
('11:00'::time, '2 hours'::interval, 72, 6),
('7:00'::time, '2 hours'::interval, 72, 7),
('11:00'::time, '2 hours'::interval, 73, 1),
('9:00'::time, '3 hours'::interval, 73, 2),
('11:00'::time, '3 hours'::interval, 73, 3),
('9:00'::time, '3 hours'::interval, 73, 7),
('9:00'::time, '2 hours'::interval, 74, 1),
('8:00'::time, '3 hours'::interval, 74, 4),
('8:00'::time, '2 hours'::interval, 74, 6),
('9:00'::time, '3 hours'::interval, 74, 7),
('11:00'::time, '3 hours'::interval, 75, 2),
('9:00'::time, '3 hours'::interval, 75, 3),
('9:00'::time, '3 hours'::interval, 75, 7),
('6:00'::time, '3 hours'::interval, 76, 4),
('10:00'::time, '3 hours'::interval, 76, 6),
('6:00'::time, '3 hours'::interval, 76, 7),
('8:00'::time, '3 hours'::interval, 77, 1),
('7:00'::time, '3 hours'::interval, 77, 3),
('7:00'::time, '3 hours'::interval, 77, 4),
('11:00'::time, '3 hours'::interval, 77, 7),
('10:00'::time, '3 hours'::interval, 78, 1),
('11:00'::time, '3 hours'::interval, 78, 4),
('7:00'::time, '3 hours'::interval, 78, 5),
('9:00'::time, '3 hours'::interval, 79, 2),
('7:00'::time, '2 hours'::interval, 79, 3),
('8:00'::time, '3 hours'::interval, 79, 5),
('6:00'::time, '3 hours'::interval, 79, 7),
('8:00'::time, '3 hours'::interval, 80, 3),
('10:00'::time, '2 hours'::interval, 80, 4),
('8:00'::time, '2 hours'::interval, 80, 5),
('10:00'::time, '2 hours'::interval, 80, 7),
('8:00'::time, '3 hours'::interval, 81, 2),
('6:00'::time, '3 hours'::interval, 81, 4),
('9:00'::time, '3 hours'::interval, 81, 5),
('9:00'::time, '3 hours'::interval, 82, 2),
('11:00'::time, '3 hours'::interval, 82, 3),
('8:00'::time, '3 hours'::interval, 82, 4),
('6:00'::time, '3 hours'::interval, 83, 1),
('6:00'::time, '3 hours'::interval, 83, 4),
('10:00'::time, '3 hours'::interval, 83, 5),
('7:00'::time, '3 hours'::interval, 83, 7),
('9:00'::time, '3 hours'::interval, 84, 1),
('8:00'::time, '3 hours'::interval, 84, 4),
('7:00'::time, '3 hours'::interval, 84, 7),
('10:00'::time, '3 hours'::interval, 85, 1),
('11:00'::time, '3 hours'::interval, 85, 3),
('9:00'::time, '3 hours'::interval, 85, 4),
('8:00'::time, '3 hours'::interval, 85, 7),
('11:00'::time, '3 hours'::interval, 86, 1),
('8:00'::time, '3 hours'::interval, 86, 2),
('10:00'::time, '3 hours'::interval, 86, 4),
('11:00'::time, '3 hours'::interval, 86, 6),
('7:00'::time, '3 hours'::interval, 87, 3),
('9:00'::time, '3 hours'::interval, 87, 5),
('9:00'::time, '3 hours'::interval, 87, 6),
('11:00'::time, '3 hours'::interval, 88, 1),
('10:00'::time, '3 hours'::interval, 88, 5),
('9:00'::time, '3 hours'::interval, 88, 7),
('6:00'::time, '3 hours'::interval, 89, 1),
('9:00'::time, '2 hours'::interval, 89, 2),
('10:00'::time, '2 hours'::interval, 89, 3),
('9:00'::time, '3 hours'::interval, 89, 6),
('6:00'::time, '2 hours'::interval, 90, 1),
('11:00'::time, '2 hours'::interval, 90, 6),
('6:00'::time, '3 hours'::interval, 90, 7),
('11:00'::time, '2 hours'::interval, 91, 1),
('9:00'::time, '2 hours'::interval, 91, 2),
('8:00'::time, '2 hours'::interval, 91, 7),
('8:00'::time, '2 hours'::interval, 92, 1),
('6:00'::time, '2 hours'::interval, 92, 2),
('8:00'::time, '2 hours'::interval, 92, 5),
('11:00'::time, '2 hours'::interval, 92, 7),
('7:00'::time, '3 hours'::interval, 93, 1),
('9:00'::time, '3 hours'::interval, 93, 3),
('9:00'::time, '3 hours'::interval, 93, 5),
('11:00'::time, '3 hours'::interval, 93, 7),
('9:00'::time, '3 hours'::interval, 94, 1),
('10:00'::time, '3 hours'::interval, 94, 2),
('7:00'::time, '3 hours'::interval, 94, 6),
('10:00'::time, '3 hours'::interval, 94, 7),
('11:00'::time, '3 hours'::interval, 95, 2),
('7:00'::time, '3 hours'::interval, 95, 3),
('6:00'::time, '2 hours'::interval, 95, 4),
('11:00'::time, '3 hours'::interval, 95, 5),
('10:00'::time, '2 hours'::interval, 96, 3),
('6:00'::time, '2 hours'::interval, 96, 5),
('9:00'::time, '3 hours'::interval, 96, 6),
('7:00'::time, '3 hours'::interval, 97, 2),
('9:00'::time, '3 hours'::interval, 97, 3),
('6:00'::time, '3 hours'::interval, 97, 4),
('7:00'::time, '3 hours'::interval, 97, 7),
('9:00'::time, '3 hours'::interval, 98, 2),
('8:00'::time, '3 hours'::interval, 98, 3),
('7:00'::time, '3 hours'::interval, 98, 4),
('7:00'::time, '2 hours'::interval, 99, 1),
('9:00'::time, '3 hours'::interval, 99, 2),
('9:00'::time, '3 hours'::interval, 99, 4),
('10:00'::time, '2 hours'::interval, 99, 5),
('8:00'::time, '2 hours'::interval, 100, 2),
('11:00'::time, '2 hours'::interval, 100, 3),
('7:00'::time, '3 hours'::interval, 100, 4),
('9:00'::time, '2 hours'::interval, 100, 7),
('7:00'::time, '0.5 hours'::interval, 101, 3),
('23:00'::time, '0.5 hours'::interval, 101, 3),
('7:00'::time, '0.5 hours'::interval, 101, 4),
('21:00'::time, '1 hours'::interval, 101, 4),
('10:00'::time, '1 hours'::interval, 101, 6),
('22:00'::time, '1 hours'::interval, 101, 6),
('6:00'::time, '0.5 hours'::interval, 102, 1),
('23:00'::time, '1 hours'::interval, 102, 1),
('8:00'::time, '1 hours'::interval, 102, 2),
('22:00'::time, '1 hours'::interval, 102, 2),
('6:00'::time, '0.5 hours'::interval, 102, 3),
('23:00'::time, '0.5 hours'::interval, 102, 3),
('6:00'::time, '0.5 hours'::interval, 102, 5),
('23:00'::time, '1 hours'::interval, 102, 5),
('7:00'::time, '1 hours'::interval, 102, 6),
('18:00'::time, '0.5 hours'::interval, 102, 6),
('8:00'::time, '1 hours'::interval, 103, 1),
('9:00'::time, '1 hours'::interval, 103, 3),
('8:00'::time, '2 hours'::interval, 103, 4),
('11:00'::time, '2 hours'::interval, 103, 5),
('9:00'::time, '1 hours'::interval, 103, 7),
('11:00'::time, '2 hours'::interval, 104, 3),
('8:00'::time, '1 hours'::interval, 104, 4),
('10:00'::time, '2 hours'::interval, 104, 5),
('10:00'::time, '1 hours'::interval, 104, 7),
('9:00'::time, '2 hours'::interval, 105, 1),
('11:00'::time, '2 hours'::interval, 105, 2),
('8:00'::time, '2 hours'::interval, 105, 4),
('8:00'::time, '2 hours'::interval, 105, 7),
('8:00'::time, '2 hours'::interval, 106, 4),
('8:00'::time, '2 hours'::interval, 106, 5),
('10:00'::time, '2 hours'::interval, 106, 6),
('11:00'::time, '2 hours'::interval, 106, 7),
('11:00'::time, '3 hours'::interval, 107, 1),
('11:00'::time, '3 hours'::interval, 107, 2),
('10:00'::time, '3 hours'::interval, 107, 3),
('7:00'::time, '3 hours'::interval, 107, 5),
('6:00'::time, '3 hours'::interval, 108, 1),
('11:00'::time, '3 hours'::interval, 108, 4),
('7:00'::time, '3 hours'::interval, 108, 5),
('8:00'::time, '1 hours'::interval, 109, 1),
('8:00'::time, '1 hours'::interval, 109, 5),
('9:00'::time, '2 hours'::interval, 110, 2),
('7:00'::time, '2 hours'::interval, 110, 4),
('7:00'::time, '2 hours'::interval, 110, 5),
('7:00'::time, '2 hours'::interval, 110, 6),
('11:00'::time, '2 hours'::interval, 110, 7),
('11:00'::time, '2 hours'::interval, 111, 3),
('8:00'::time, '2 hours'::interval, 111, 4),
('9:00'::time, '2 hours'::interval, 111, 5),
('9:00'::time, '2 hours'::interval, 111, 7),
('9:00'::time, '2 hours'::interval, 112, 1),
('11:00'::time, '2 hours'::interval, 112, 3),
('7:00'::time, '2 hours'::interval, 112, 4),
('6:00'::time, '2 hours'::interval, 112, 7),
('9:00'::time, '1 hours'::interval, 113, 1),
('10:00'::time, '2 hours'::interval, 113, 2),
('7:00'::time, '2 hours'::interval, 113, 3),
('6:00'::time, '1 hours'::interval, 113, 4),
('8:00'::time, '1 hours'::interval, 113, 6),
('9:00'::time, '2 hours'::interval, 113, 7),
('11:00'::time, '1 hours'::interval, 114, 2),
('10:00'::time, '1 hours'::interval, 114, 4),
('11:00'::time, '2 hours'::interval, 114, 5),
('11:00'::time, '1 hours'::interval, 114, 6),
('9:00'::time, '2 hours'::interval, 114, 7),
('10:00'::time, '2 hours'::interval, 115, 1),
('7:00'::time, '2 hours'::interval, 115, 2),
('8:00'::time, '2 hours'::interval, 115, 3),
('11:00'::time, '2 hours'::interval, 115, 5),
('8:00'::time, '1 hours'::interval, 115, 6),
('8:00'::time, '2 hours'::interval, 116, 2),
('10:00'::time, '2 hours'::interval, 116, 4),
('9:00'::time, '2 hours'::interval, 116, 6),
('6:00'::time, '2 hours'::interval, 116, 7),
('9:00'::time, '2 hours'::interval, 117, 1),
('8:00'::time, '3 hours'::interval, 117, 3),
('11:00'::time, '3 hours'::interval, 117, 4),
('10:00'::time, '2 hours'::interval, 117, 6),
('10:00'::time, '2 hours'::interval, 118, 1),
('6:00'::time, '2 hours'::interval, 118, 2),
('10:00'::time, '2 hours'::interval, 118, 4),
('6:00'::time, '3 hours'::interval, 118, 5),
('9:00'::time, '2 hours'::interval, 119, 2),
('9:00'::time, '2 hours'::interval, 119, 3),
('8:00'::time, '2 hours'::interval, 119, 4),
('9:00'::time, '2 hours'::interval, 119, 6),
('9:00'::time, '2 hours'::interval, 120, 2),
('7:00'::time, '2 hours'::interval, 120, 3),
('6:00'::time, '2 hours'::interval, 120, 4),
('6:00'::time, '2 hours'::interval, 120, 5),
('8:00'::time, '1 hours'::interval, 121, 2),
('8:00'::time, '1 hours'::interval, 121, 3),
('10:00'::time, '2 hours'::interval, 121, 4),
('7:00'::time, '2 hours'::interval, 121, 5),
('9:00'::time, '2 hours'::interval, 121, 7),
('8:00'::time, '2 hours'::interval, 122, 1),
('9:00'::time, '1 hours'::interval, 122, 2),
('10:00'::time, '2 hours'::interval, 122, 3),
('7:00'::time, '1 hours'::interval, 122, 6),
('8:00'::time, '2 hours'::interval, 122, 7),
('8:00'::time, '1 hours'::interval, 123, 1),
('10:00'::time, '1 hours'::interval, 123, 5),
('8:00'::time, '2 hours'::interval, 123, 7),
('7:00'::time, '2 hours'::interval, 124, 2),
('8:00'::time, '1 hours'::interval, 124, 5),
('8:00'::time, '1 hours'::interval, 124, 6),
('10:00'::time, '1 hours'::interval, 124, 7),
('10:00'::time, '2 hours'::interval, 125, 1),
('9:00'::time, '3 hours'::interval, 125, 4),
('7:00'::time, '3 hours'::interval, 125, 5),
('8:00'::time, '3 hours'::interval, 125, 7),
('7:00'::time, '2 hours'::interval, 126, 2),
('11:00'::time, '3 hours'::interval, 126, 4),
('8:00'::time, '2 hours'::interval, 126, 6),
('9:00'::time, '2 hours'::interval, 127, 2),
('10:00'::time, '2 hours'::interval, 127, 3),
('7:00'::time, '2 hours'::interval, 127, 6),
('11:00'::time, '2 hours'::interval, 128, 1),
('6:00'::time, '2 hours'::interval, 128, 3),
('9:00'::time, '2 hours'::interval, 128, 4),
('7:00'::time, '2 hours'::interval, 128, 6),
('8:00'::time, '0.5 hours'::interval, 129, 2),
('21:00'::time, '0.5 hours'::interval, 129, 2),
('10:00'::time, '0.5 hours'::interval, 129, 3),
('23:00'::time, '0.5 hours'::interval, 129, 3),
('7:00'::time, '0.5 hours'::interval, 129, 4),
('18:00'::time, '0.5 hours'::interval, 129, 4),
('8:00'::time, '0.5 hours'::interval, 129, 5),
('20:00'::time, '0.5 hours'::interval, 129, 5),
('8:00'::time, '0.5 hours'::interval, 130, 1),
('19:00'::time, '0.5 hours'::interval, 130, 1),
('8:00'::time, '0.5 hours'::interval, 130, 2),
('21:00'::time, '0.5 hours'::interval, 130, 2),
('9:00'::time, '0.5 hours'::interval, 130, 4),
('18:00'::time, '0.5 hours'::interval, 130, 4),
('11:00'::time, '0.5 hours'::interval, 130, 5),
('23:00'::time, '0.5 hours'::interval, 130, 5),
('6:00'::time, '0.5 hours'::interval, 130, 6),
('19:00'::time, '0.5 hours'::interval, 130, 6),
('7:00'::time, '0.5 hours'::interval, 130, 7),
('22:00'::time, '0.5 hours'::interval, 130, 7),
('9:00'::time, '3 hours'::interval, 131, 1),
('8:00'::time, '3 hours'::interval, 131, 2),
('8:00'::time, '3 hours'::interval, 131, 7),
('10:00'::time, '3 hours'::interval, 132, 1),
('6:00'::time, '3 hours'::interval, 132, 3),
('10:00'::time, '3 hours'::interval, 132, 7),
('9:00'::time, '2 hours'::interval, 133, 2),
('7:00'::time, '2 hours'::interval, 133, 4),
('11:00'::time, '2 hours'::interval, 133, 5),
('6:00'::time, '2 hours'::interval, 133, 6),
('9:00'::time, '2 hours'::interval, 134, 3),
('6:00'::time, '2 hours'::interval, 134, 5),
('7:00'::time, '2 hours'::interval, 134, 6);

-- all about reservations
INSERT INTO reservations(id, "user", date_reservation) VALUES
(1, 'Thomas_Mathis0', '2019-5-11'::date),
(2, 'Thomas_Mathis0', '2019-5-3'::date),
(3, 'Piers_King1', '2019-5-9'::date),
(4, 'Piers_King1', '2019-5-2'::date),
(5, 'Sonia_Allan2', '2019-5-9'::date),
(6, 'Sonia_Allan2', '2019-5-8'::date),
(7, 'Phil_Arnold3', '2019-5-10'::date),
(8, 'Phil_Arnold3', '2019-5-5'::date),
(9, 'Una_Wright4', '2019-5-9'::date),
(10, 'Una_Wright4', '2019-5-5'::date),
(11, 'Andrea_Fraser5', '2019-5-11'::date),
(12, 'Andrea_Fraser5', '2019-5-3'::date),
(13, 'Julian_Davies6', '2019-5-3'::date),
(14, 'Julian_Davies6', '2019-5-3'::date),
(15, 'Isaac_Lee7', '2019-5-7'::date),
(16, 'Isaac_Lee7', '2019-5-10'::date),
(17, 'Julia_White8', '2019-5-1'::date),
(18, 'Julia_White8', '2019-5-5'::date),
(19, 'Isaac_Dickens9', '2019-5-4'::date),
(20, 'Isaac_Dickens9', '2019-5-7'::date),
(21, 'Wanda_Butler10', '2019-5-3'::date),
(22, 'Wanda_Butler10', '2019-5-2'::date),
(23, 'Max_Bailey11', '2019-5-5'::date),
(24, 'Max_Bailey11', '2019-5-3'::date),
(25, 'Ella_Skinner12', '2019-5-10'::date),
(26, 'Ella_Skinner12', '2019-5-2'::date),
(27, 'Peter_Blake13', '2019-5-3'::date),
(28, 'Peter_Blake13', '2019-5-5'::date),
(29, 'Sean_Mills14', '2019-5-11'::date),
(30, 'Sean_Mills14', '2019-5-3'::date),
(31, 'Adam_Thomson15', '2019-5-7'::date),
(32, 'Adam_Thomson15', '2019-5-5'::date),
(33, 'Amanda_Fraser16', '2019-5-3'::date),
(34, 'Amanda_Fraser16', '2019-5-11'::date),
(35, 'Faith_Wright17', '2019-5-7'::date),
(36, 'Faith_Wright17', '2019-5-3'::date),
(37, 'Christian_Alsop18', '2019-5-1'::date),
(38, 'Christian_Alsop18', '2019-5-5'::date),
(39, 'Michael_Fraser19', '2019-5-9'::date),
(40, 'Michael_Fraser19', '2019-5-6'::date),
(41, 'Gavin_Metcalfe20', '2019-5-3'::date),
(42, 'Gavin_Metcalfe20', '2019-5-4'::date),
(43, 'Madeleine_Thomson21', '2019-5-7'::date),
(44, 'Madeleine_Thomson21', '2019-5-6'::date),
(45, 'Keith_Vance22', '2019-5-9'::date),
(46, 'Keith_Vance22', '2019-5-5'::date),
(47, 'Boris_North23', '2019-5-9'::date),
(48, 'Boris_North23', '2019-5-9'::date),
(49, 'Nicola_Marshall24', '2019-5-9'::date),
(50, 'Nicola_Marshall24', '2019-5-9'::date),
(51, 'Una_MacLeod25', '2019-5-5'::date),
(52, 'Una_MacLeod25', '2019-5-11'::date),
(53, 'Penelope_Russell26', '2019-5-10'::date),
(54, 'Penelope_Russell26', '2019-5-5'::date),
(55, 'Jason_Greene27', '2019-5-2'::date),
(56, 'Jason_Greene27', '2019-5-4'::date),
(57, 'Nicola_Churchill28', '2019-5-1'::date),
(58, 'Nicola_Churchill28', '2019-5-10'::date),
(59, 'Tim_Kelly29', '2019-5-6'::date),
(60, 'Tim_Kelly29', '2019-5-3'::date),
(61, 'Joseph_Black30', '2019-5-4'::date),
(62, 'Joseph_Black30', '2019-5-10'::date),
(63, 'Felicity_Avery31', '2019-5-5'::date),
(64, 'Felicity_Avery31', '2019-5-9'::date),
(65, 'Julia_Welch32', '2019-5-4'::date),
(66, 'Julia_Welch32', '2019-5-11'::date),
(67, 'Sally_Jackson33', '2019-5-10'::date),
(68, 'Sally_Jackson33', '2019-5-6'::date),
(69, 'Tracey_MacLeod34', '2019-5-1'::date),
(70, 'Tracey_MacLeod34', '2019-5-4'::date),
(71, 'Stewart_Bell35', '2019-5-3'::date),
(72, 'Stewart_Bell35', '2019-5-3'::date),
(73, 'Kylie_Henderson36', '2019-5-4'::date),
(74, 'Kylie_Henderson36', '2019-5-2'::date),
(75, 'Bella_Ball37', '2019-5-11'::date),
(76, 'Bella_Ball37', '2019-5-5'::date),
(77, 'Grace_Oliver38', '2019-5-4'::date),
(78, 'Grace_Oliver38', '2019-5-11'::date),
(79, 'Carolyn_Hughes39', '2019-5-4'::date),
(80, 'Carolyn_Hughes39', '2019-5-7'::date),
(81, 'Madeleine_Gray40', '2019-5-4'::date),
(82, 'Madeleine_Gray40', '2019-5-9'::date),
(83, 'Kimberly_Ogden41', '2019-5-2'::date),
(84, 'Kimberly_Ogden41', '2019-5-8'::date),
(85, 'Madeleine_Peake42', '2019-5-6'::date),
(86, 'Madeleine_Peake42', '2019-5-10'::date),
(87, 'Leah_Clarkson43', '2019-5-6'::date),
(88, 'Leah_Clarkson43', '2019-5-9'::date),
(89, 'Adrian_Gill44', '2019-5-8'::date),
(90, 'Adrian_Gill44', '2019-5-2'::date),
(91, 'Christian_Gibson45', '2019-5-3'::date),
(92, 'Christian_Gibson45', '2019-5-8'::date),
(93, 'Donna_Lawrence46', '2019-5-10'::date),
(94, 'Donna_Lawrence46', '2019-5-4'::date),
(95, 'Mary_Martin47', '2019-5-6'::date),
(96, 'Mary_Martin47', '2019-5-2'::date),
(97, 'Andrew_Jackson48', '2019-5-11'::date),
(98, 'Andrew_Jackson48', '2019-5-3'::date),
(99, 'Una_Campbell49', '2019-5-1'::date),
(100, 'Una_Campbell49', '2019-5-10'::date),
(101, 'Amanda_Sanderson50', '2019-5-1'::date),
(102, 'Amanda_Sanderson50', '2019-5-9'::date),
(103, 'Claire_Marshall51', '2019-5-5'::date),
(104, 'Claire_Marshall51', '2019-5-9'::date),
(105, 'Ruth_Taylor52', '2019-5-4'::date),
(106, 'Ruth_Taylor52', '2019-5-4'::date),
(107, 'Carol_Edmunds53', '2019-5-2'::date),
(108, 'Carol_Edmunds53', '2019-5-5'::date),
(109, 'Bella_Anderson54', '2019-5-9'::date),
(110, 'Bella_Anderson54', '2019-5-3'::date),
(111, 'Luke_Henderson55', '2019-5-4'::date),
(112, 'Luke_Henderson55', '2019-5-10'::date),
(113, 'Amelia_Parr56', '2019-5-7'::date),
(114, 'Amelia_Parr56', '2019-5-8'::date),
(115, 'Lisa_Chapman57', '2019-5-1'::date),
(116, 'Lisa_Chapman57', '2019-5-7'::date),
(117, 'Stephanie_Rees58', '2019-5-2'::date),
(118, 'Stephanie_Rees58', '2019-5-4'::date),
(119, 'Emma_Simpson59', '2019-5-6'::date),
(120, 'Emma_Simpson59', '2019-5-9'::date),
(121, 'Lily_Johnston60', '2019-5-5'::date),
(122, 'Lily_Johnston60', '2019-5-4'::date),
(123, 'Nathan_Dyer61', '2019-5-4'::date),
(124, 'Nathan_Dyer61', '2019-5-9'::date),
(125, 'Isaac_Allan62', '2019-5-9'::date),
(126, 'Isaac_Allan62', '2019-5-9'::date),
(127, 'Keith_Davidson63', '2019-5-1'::date),
(128, 'Keith_Davidson63', '2019-5-3'::date),
(129, 'Mary_Morgan64', '2019-5-2'::date),
(130, 'Mary_Morgan64', '2019-5-3'::date),
(131, 'Liam_Springer65', '2019-5-8'::date),
(132, 'Liam_Springer65', '2019-5-7'::date),
(133, 'Zoe_Jones66', '2019-5-4'::date),
(134, 'Zoe_Jones66', '2019-5-2'::date),
(135, 'Leah_Allan67', '2019-5-7'::date),
(136, 'Leah_Allan67', '2019-5-9'::date),
(137, 'Lucas_Wright68', '2019-5-9'::date),
(138, 'Lucas_Wright68', '2019-5-7'::date),
(139, 'Jennifer_Coleman69', '2019-5-6'::date),
(140, 'Jennifer_Coleman69', '2019-5-8'::date),
(141, 'Ella_Smith70', '2019-5-2'::date),
(142, 'Ella_Smith70', '2019-5-3'::date),
(143, 'Rebecca_King71', '2019-5-8'::date),
(144, 'Rebecca_King71', '2019-5-6'::date),
(145, 'Anna_Gibson72', '2019-5-6'::date),
(146, 'Anna_Gibson72', '2019-5-7'::date),
(147, 'Natalie_Simpson73', '2019-5-5'::date),
(148, 'Natalie_Simpson73', '2019-5-3'::date),
(149, 'Trevor_Campbell74', '2019-5-2'::date),
(150, 'Trevor_Campbell74', '2019-5-7'::date),
(151, 'Felicity_Rees75', '2019-5-6'::date),
(152, 'Felicity_Rees75', '2019-5-8'::date),
(153, 'Benjamin_Alsop76', '2019-5-5'::date),
(154, 'Benjamin_Alsop76', '2019-5-3'::date),
(155, 'Piers_Churchill77', '2019-5-6'::date),
(156, 'Piers_Churchill77', '2019-5-2'::date),
(157, 'John_Clark78', '2019-5-8'::date),
(158, 'John_Clark78', '2019-5-9'::date),
(159, 'Alan_Alsop79', '2019-5-7'::date),
(160, 'Alan_Alsop79', '2019-5-9'::date),
(161, 'Joan_Sharp80', '2019-5-6'::date),
(162, 'Joan_Sharp80', '2019-5-8'::date),
(163, 'Anthony_Mackenzie81', '2019-5-1'::date),
(164, 'Anthony_Mackenzie81', '2019-5-1'::date),
(165, 'Isaac_Clarkson82', '2019-5-4'::date),
(166, 'Isaac_Clarkson82', '2019-5-2'::date),
(167, 'Christopher_Berry83', '2019-5-4'::date),
(168, 'Christopher_Berry83', '2019-5-10'::date),
(169, 'Rose_Randall84', '2019-5-2'::date),
(170, 'Rose_Randall84', '2019-5-8'::date),
(171, 'Alison_Taylor85', '2019-5-6'::date),
(172, 'Alison_Taylor85', '2019-5-1'::date),
(173, 'Joseph_Fraser86', '2019-5-4'::date),
(174, 'Joseph_Fraser86', '2019-5-6'::date),
(175, 'Audrey_Sharp87', '2019-5-6'::date),
(176, 'Audrey_Sharp87', '2019-5-1'::date),
(177, 'Blake_Wright88', '2019-5-10'::date),
(178, 'Blake_Wright88', '2019-5-10'::date),
(179, 'Mary_Randall89', '2019-5-8'::date),
(180, 'Mary_Randall89', '2019-5-5'::date),
(181, 'Luke_Forsyth90', '2019-5-4'::date),
(182, 'Luke_Forsyth90', '2019-5-11'::date),
(183, 'Jessica_Parr91', '2019-5-8'::date),
(184, 'Jessica_Parr91', '2019-5-9'::date),
(185, 'Jacob_Roberts92', '2019-5-7'::date),
(186, 'Jacob_Roberts92', '2019-5-10'::date),
(187, 'Boris_Dickens93', '2019-5-8'::date),
(188, 'Boris_Dickens93', '2019-5-6'::date),
(189, 'Frank_Parr94', '2019-5-9'::date),
(190, 'Frank_Parr94', '2019-5-8'::date),
(191, 'Claire_Graham95', '2019-5-11'::date),
(192, 'Claire_Graham95', '2019-5-7'::date),
(193, 'Andrew_McGrath96', '2019-5-9'::date),
(194, 'Andrew_McGrath96', '2019-5-8'::date),
(195, 'Paul_Gill97', '2019-5-10'::date),
(196, 'Paul_Gill97', '2019-5-1'::date),
(197, 'Boris_Blake98', '2019-5-2'::date),
(198, 'Boris_Blake98', '2019-5-9'::date),
(199, 'Liam_McGrath99', '2019-5-9'::date),
(200, 'Liam_McGrath99', '2019-5-3'::date),
(201, 'Faith_Lyman100', '2019-5-8'::date),
(202, 'Faith_Lyman100', '2019-5-8'::date),
(203, 'Audrey_Mitchell101', '2019-5-5'::date),
(204, 'Audrey_Mitchell101', '2019-5-8'::date),
(205, 'Pippa_Morrison102', '2019-5-2'::date),
(206, 'Pippa_Morrison102', '2019-5-9'::date),
(207, 'Joe_Taylor103', '2019-5-6'::date),
(208, 'Joe_Taylor103', '2019-5-6'::date),
(209, 'Megan_Welch104', '2019-5-3'::date),
(210, 'Megan_Welch104', '2019-5-8'::date),
(211, 'Jonathan_Duncan105', '2019-5-3'::date),
(212, 'Jonathan_Duncan105', '2019-5-2'::date),
(213, 'Una_Robertson106', '2019-5-1'::date),
(214, 'Una_Robertson106', '2019-5-5'::date),
(215, 'Robert_Marshall107', '2019-5-9'::date),
(216, 'Robert_Marshall107', '2019-5-1'::date),
(217, 'Pippa_North108', '2019-5-11'::date),
(218, 'Pippa_North108', '2019-5-9'::date),
(219, 'Lisa_Poole109', '2019-5-9'::date),
(220, 'Lisa_Poole109', '2019-5-9'::date),
(221, 'Zoe_Mackenzie110', '2019-5-7'::date),
(222, 'Zoe_Mackenzie110', '2019-5-9'::date),
(223, 'Joshua_Mathis111', '2019-5-7'::date),
(224, 'Joshua_Mathis111', '2019-5-10'::date),
(225, 'Amelia_Morrison112', '2019-5-6'::date),
(226, 'Amelia_Morrison112', '2019-5-7'::date),
(227, 'Grace_Miller113', '2019-5-4'::date),
(228, 'Grace_Miller113', '2019-5-1'::date),
(229, 'Donna_Knox114', '2019-5-6'::date),
(230, 'Donna_Knox114', '2019-5-3'::date),
(231, 'Joanne_Mills115', '2019-5-1'::date),
(232, 'Joanne_Mills115', '2019-5-2'::date),
(233, 'Joseph_Ross116', '2019-5-1'::date),
(234, 'Joseph_Ross116', '2019-5-6'::date),
(235, 'David_Short117', '2019-5-6'::date),
(236, 'David_Short117', '2019-5-3'::date),
(237, 'Carl_Mackay118', '2019-5-6'::date),
(238, 'Carl_Mackay118', '2019-5-2'::date),
(239, 'Tracey_Gibson119', '2019-5-10'::date),
(240, 'Tracey_Gibson119', '2019-5-3'::date),
(241, 'Lily_Metcalfe120', '2019-5-2'::date),
(242, 'Lily_Metcalfe120', '2019-5-1'::date),
(243, 'Lucas_Russell121', '2019-5-4'::date),
(244, 'Lucas_Russell121', '2019-5-6'::date),
(245, 'Alan_Newman122', '2019-5-9'::date),
(246, 'Alan_Newman122', '2019-5-10'::date),
(247, 'Paul_May123', '2019-5-2'::date),
(248, 'Paul_May123', '2019-5-10'::date),
(249, 'Jennifer_Sharp124', '2019-5-5'::date),
(250, 'Jennifer_Sharp124', '2019-5-7'::date),
(251, 'Fiona_Harris125', '2019-5-11'::date),
(252, 'Fiona_Harris125', '2019-5-11'::date),
(253, 'Piers_Underwood126', '2019-5-6'::date),
(254, 'Piers_Underwood126', '2019-5-1'::date),
(255, 'Maria_May127', '2019-5-1'::date),
(256, 'Maria_May127', '2019-5-4'::date),
(257, 'James_Welch128', '2019-5-2'::date),
(258, 'James_Welch128', '2019-5-5'::date),
(259, 'Sebastian_Cameron129', '2019-5-6'::date),
(260, 'Sebastian_Cameron129', '2019-5-9'::date),
(261, 'Christopher_Short130', '2019-5-7'::date),
(262, 'Christopher_Short130', '2019-5-5'::date),
(263, 'Stephanie_Lee131', '2019-5-5'::date),
(264, 'Stephanie_Lee131', '2019-5-2'::date),
(265, 'Steven_Lambert132', '2019-5-7'::date),
(266, 'Steven_Lambert132', '2019-5-9'::date),
(267, 'Claire_Grant133', '2019-5-9'::date),
(268, 'Claire_Grant133', '2019-5-3'::date),
(269, 'Colin_Ross134', '2019-5-1'::date),
(270, 'Colin_Ross134', '2019-5-9'::date),
(271, 'Michelle_Tucker135', '2019-5-3'::date),
(272, 'Michelle_Tucker135', '2019-5-9'::date),
(273, 'Adrian_Lawrence136', '2019-5-10'::date),
(274, 'Adrian_Lawrence136', '2019-5-4'::date),
(275, 'Kimberly_Glover137', '2019-5-11'::date),
(276, 'Kimberly_Glover137', '2019-5-9'::date),
(277, 'Jason_Wilson138', '2019-5-9'::date),
(278, 'Jason_Wilson138', '2019-5-7'::date),
(279, 'Sean_Dickens139', '2019-5-11'::date),
(280, 'Sean_Dickens139', '2019-5-1'::date),
(281, 'Christian_Randall140', '2019-5-5'::date),
(282, 'Christian_Randall140', '2019-5-2'::date),
(283, 'Rachel_Underwood141', '2019-5-2'::date),
(284, 'Rachel_Underwood141', '2019-5-3'::date),
(285, 'Donna_Hodges142', '2019-5-8'::date),
(286, 'Donna_Hodges142', '2019-5-10'::date),
(287, 'Jennifer_Hemmings143', '2019-5-5'::date),
(288, 'Jennifer_Hemmings143', '2019-5-6'::date),
(289, 'Jason_Sutherland144', '2019-5-9'::date),
(290, 'Jason_Sutherland144', '2019-5-7'::date),
(291, 'Jan_Short145', '2019-5-3'::date),
(292, 'Jan_Short145', '2019-5-7'::date),
(293, 'Leonard_Young146', '2019-5-6'::date),
(294, 'Leonard_Young146', '2019-5-4'::date),
(295, 'Vanessa_Sharp147', '2019-5-9'::date),
(296, 'Vanessa_Sharp147', '2019-5-3'::date),
(297, 'Diana_Miller148', '2019-5-7'::date),
(298, 'Diana_Miller148', '2019-5-10'::date),
(299, 'Yvonne_Anderson149', '2019-5-8'::date),
(300, 'Yvonne_Anderson149', '2019-5-11'::date),
(301, 'Keith_Metcalfe150', '2019-5-11'::date),
(302, 'Keith_Metcalfe150', '2019-5-5'::date),
(303, 'Felicity_Vance151', '2019-5-10'::date),
(304, 'Felicity_Vance151', '2019-5-3'::date),
(305, 'Dan_Manning152', '2019-5-5'::date),
(306, 'Dan_Manning152', '2019-5-10'::date),
(307, 'Anne_Quinn153', '2019-5-11'::date),
(308, 'Anne_Quinn153', '2019-5-8'::date),
(309, 'Abigail_Ellison154', '2019-5-9'::date),
(310, 'Abigail_Ellison154', '2019-5-8'::date),
(311, 'Zoe_Davies155', '2019-5-7'::date),
(312, 'Zoe_Davies155', '2019-5-4'::date),
(313, 'Theresa_Chapman156', '2019-5-8'::date),
(314, 'Theresa_Chapman156', '2019-5-4'::date),
(315, 'James_Mills157', '2019-5-8'::date),
(316, 'James_Mills157', '2019-5-5'::date),
(317, 'Deirdre_Metcalfe158', '2019-5-2'::date),
(318, 'Deirdre_Metcalfe158', '2019-5-2'::date),
(319, 'Cameron_Davidson159', '2019-5-4'::date),
(320, 'Cameron_Davidson159', '2019-5-3'::date),
(321, 'Keith_Springer160', '2019-5-9'::date),
(322, 'Keith_Springer160', '2019-5-5'::date),
(323, 'Joseph_Sutherland161', '2019-5-10'::date),
(324, 'Joseph_Sutherland161', '2019-5-7'::date),
(325, 'David_Abraham162', '2019-5-10'::date),
(326, 'David_Abraham162', '2019-5-10'::date),
(327, 'Caroline_Knox163', '2019-5-8'::date),
(328, 'Caroline_Knox163', '2019-5-8'::date),
(329, 'Kylie_Lewis164', '2019-5-7'::date),
(330, 'Kylie_Lewis164', '2019-5-6'::date),
(331, 'Sarah_Ellison165', '2019-5-6'::date),
(332, 'Sarah_Ellison165', '2019-5-5'::date),
(333, 'Carol_Dyer166', '2019-5-3'::date),
(334, 'Carol_Dyer166', '2019-5-5'::date),
(335, 'Neil_Pullman167', '2019-5-1'::date),
(336, 'Neil_Pullman167', '2019-5-8'::date),
(337, 'Theresa_Terry168', '2019-5-6'::date),
(338, 'Theresa_Terry168', '2019-5-9'::date),
(339, 'Heather_Lewis169', '2019-5-10'::date),
(340, 'Heather_Lewis169', '2019-5-11'::date),
(341, 'Leonard_Berry170', '2019-5-11'::date),
(342, 'Leonard_Berry170', '2019-5-3'::date),
(343, 'Elizabeth_Lyman171', '2019-5-2'::date),
(344, 'Elizabeth_Lyman171', '2019-5-8'::date),
(345, 'Max_Walsh172', '2019-5-7'::date),
(346, 'Max_Walsh172', '2019-5-4'::date),
(347, 'Frank_Poole173', '2019-5-8'::date),
(348, 'Frank_Poole173', '2019-5-3'::date),
(349, 'Owen_May174', '2019-5-6'::date),
(350, 'Owen_May174', '2019-5-4'::date),
(351, 'Carl_Nash175', '2019-5-5'::date),
(352, 'Carl_Nash175', '2019-5-9'::date),
(353, 'James_Payne176', '2019-5-4'::date),
(354, 'James_Payne176', '2019-5-10'::date),
(355, 'Sarah_Peters177', '2019-5-5'::date),
(356, 'Sarah_Peters177', '2019-5-6'::date),
(357, 'Gavin_Carr178', '2019-5-11'::date),
(358, 'Gavin_Carr178', '2019-5-3'::date),
(359, 'Felicity_Lawrence179', '2019-5-4'::date),
(360, 'Felicity_Lawrence179', '2019-5-3'::date),
(361, 'Brandon_Pullman180', '2019-5-4'::date),
(362, 'Brandon_Pullman180', '2019-5-4'::date),
(363, 'Dorothy_King181', '2019-5-1'::date),
(364, 'Dorothy_King181', '2019-5-1'::date),
(365, 'Charles_Harris182', '2019-5-2'::date),
(366, 'Charles_Harris182', '2019-5-7'::date),
(367, 'Phil_Wright183', '2019-5-5'::date),
(368, 'Phil_Wright183', '2019-5-1'::date),
(369, 'Rebecca_Wallace184', '2019-5-4'::date),
(370, 'Rebecca_Wallace184', '2019-5-10'::date),
(371, 'Olivia_Berry185', '2019-5-7'::date),
(372, 'Olivia_Berry185', '2019-5-7'::date),
(373, 'Katherine_Ince186', '2019-5-6'::date),
(374, 'Katherine_Ince186', '2019-5-7'::date),
(375, 'Anthony_Greene187', '2019-5-9'::date),
(376, 'Anthony_Greene187', '2019-5-10'::date),
(377, 'Thomas_Henderson188', '2019-5-1'::date),
(378, 'Thomas_Henderson188', '2019-5-4'::date),
(379, 'Joshua_Walker189', '2019-5-4'::date),
(380, 'Joshua_Walker189', '2019-5-8'::date),
(381, 'Audrey_Mackay190', '2019-5-2'::date),
(382, 'Audrey_Mackay190', '2019-5-4'::date),
(383, 'Brian_Kelly191', '2019-5-3'::date),
(384, 'Brian_Kelly191', '2019-5-7'::date),
(385, 'Blake_Howard192', '2019-5-6'::date),
(386, 'Blake_Howard192', '2019-5-3'::date),
(387, 'Emma_Young193', '2019-5-3'::date),
(388, 'Emma_Young193', '2019-5-4'::date),
(389, 'Diana_Watson194', '2019-5-6'::date),
(390, 'Diana_Watson194', '2019-5-9'::date),
(391, 'Isaac_Dowd195', '2019-5-3'::date),
(392, 'Isaac_Dowd195', '2019-5-10'::date),
(393, 'Jonathan_Churchill196', '2019-5-2'::date),
(394, 'Jonathan_Churchill196', '2019-5-8'::date),
(395, 'Andrea_Hughes197', '2019-5-7'::date),
(396, 'Andrea_Hughes197', '2019-5-8'::date),
(397, 'Andrew_Randall198', '2019-5-3'::date),
(398, 'Andrew_Randall198', '2019-5-1'::date),
(399, 'Stephen_Mills199', '2019-5-9'::date),
(400, 'Stephen_Mills199', '2019-5-1'::date);

INSERT INTO transit_reservation(id, transit, departure_date, reservation) VALUES
(1, 48, '2019-06-12 07:00:00.000000'::timestamp, 1),
(2, 61, '2019-05-26 09:00:00.000000'::timestamp, 1),
(3, 3, '2019-05-21 10:00:00.000000'::timestamp, 2),
(4, 52, '2019-05-19 09:00:00.000000'::timestamp, 2),
(5, 43, '2019-05-20 10:00:00.000000'::timestamp, 2),
(6, 64, '2019-06-26 10:00:00.000000'::timestamp, 3),
(7, 60, '2019-05-28 09:00:00.000000'::timestamp, 3),
(8, 60, '2019-06-06 08:00:00.000000'::timestamp, 3),
(9, 44, '2019-05-31 09:00:00.000000'::timestamp, 4),
(10, 25, '2019-06-09 10:00:00.000000'::timestamp, 4),
(11, 25, '2019-06-12 10:00:00.000000'::timestamp, 4),
(12, 3, '2019-05-25 19:00:00.000000'::timestamp, 5),
(13, 59, '2019-05-25 10:00:00.000000'::timestamp, 5),
(14, 49, '2019-05-19 07:00:00.000000'::timestamp, 5),
(15, 22, '2019-05-14 08:00:00.000000'::timestamp, 6),
(16, 51, '2019-05-23 07:00:00.000000'::timestamp, 7),
(17, 44, '2019-06-05 07:00:00.000000'::timestamp, 8),
(18, 64, '2019-06-29 07:00:00.000000'::timestamp, 8),
(19, 9, '2019-06-05 09:00:00.000000'::timestamp, 9),
(20, 8, '2019-05-28 07:00:00.000000'::timestamp, 9),
(21, 48, '2019-06-13 06:00:00.000000'::timestamp, 10),
(22, 12, '2019-06-24 07:00:00.000000'::timestamp, 10),
(23, 6, '2019-05-15 11:00:00.000000'::timestamp, 11),
(24, 62, '2019-05-26 08:00:00.000000'::timestamp, 11),
(25, 61, '2019-05-21 08:00:00.000000'::timestamp, 12),
(26, 54, '2019-06-26 10:00:00.000000'::timestamp, 12),
(27, 34, '2019-06-07 10:00:00.000000'::timestamp, 13),
(28, 58, '2019-05-14 07:00:00.000000'::timestamp, 14),
(29, 63, '2019-06-13 09:00:00.000000'::timestamp, 14),
(30, 46, '2019-06-03 11:00:00.000000'::timestamp, 15),
(31, 52, '2019-05-31 11:00:00.000000'::timestamp, 15),
(32, 36, '2019-05-17 09:00:00.000000'::timestamp, 15),
(33, 22, '2019-06-09 10:00:00.000000'::timestamp, 16),
(34, 42, '2019-06-13 06:00:00.000000'::timestamp, 16),
(35, 24, '2019-06-24 11:00:00.000000'::timestamp, 16),
(36, 31, '2019-05-30 21:00:00.000000'::timestamp, 17),
(37, 32, '2019-05-13 06:00:00.000000'::timestamp, 17),
(38, 14, '2019-05-25 06:00:00.000000'::timestamp, 17),
(39, 9, '2019-06-23 07:00:00.000000'::timestamp, 18),
(40, 29, '2019-06-05 11:00:00.000000'::timestamp, 18),
(41, 24, '2019-06-03 11:00:00.000000'::timestamp, 18),
(42, 63, '2019-05-13 10:00:00.000000'::timestamp, 19),
(43, 67, '2019-05-31 11:00:00.000000'::timestamp, 19),
(44, 58, '2019-05-28 07:00:00.000000'::timestamp, 19),
(45, 32, '2019-05-16 08:00:00.000000'::timestamp, 20),
(46, 57, '2019-06-18 10:00:00.000000'::timestamp, 20),
(47, 49, '2019-05-12 07:00:00.000000'::timestamp, 21),
(48, 14, '2019-05-29 10:00:00.000000'::timestamp, 21),
(49, 37, '2019-05-22 11:00:00.000000'::timestamp, 22),
(50, 61, '2019-05-31 07:00:00.000000'::timestamp, 22),
(51, 10, '2019-05-28 09:00:00.000000'::timestamp, 22),
(52, 12, '2019-05-27 07:00:00.000000'::timestamp, 23),
(53, 60, '2019-05-30 08:00:00.000000'::timestamp, 23),
(54, 24, '2019-05-13 11:00:00.000000'::timestamp, 24),
(55, 2, '2019-06-25 10:00:00.000000'::timestamp, 25),
(56, 30, '2019-05-23 10:00:00.000000'::timestamp, 25),
(57, 56, '2019-05-16 08:00:00.000000'::timestamp, 25),
(58, 37, '2019-05-28 09:00:00.000000'::timestamp, 26),
(59, 10, '2019-05-24 08:00:00.000000'::timestamp, 26),
(60, 58, '2019-06-08 08:00:00.000000'::timestamp, 27),
(61, 58, '2019-05-17 11:00:00.000000'::timestamp, 28),
(62, 22, '2019-05-20 07:00:00.000000'::timestamp, 28),
(63, 67, '2019-05-18 06:00:00.000000'::timestamp, 29),
(64, 51, '2019-05-25 10:00:00.000000'::timestamp, 29),
(65, 67, '2019-06-18 09:00:00.000000'::timestamp, 30),
(66, 49, '2019-05-30 06:00:00.000000'::timestamp, 30),
(67, 9, '2019-06-04 11:00:00.000000'::timestamp, 31),
(68, 41, '2019-05-23 06:00:00.000000'::timestamp, 32),
(69, 9, '2019-06-25 11:00:00.000000'::timestamp, 32),
(70, 54, '2019-05-27 11:00:00.000000'::timestamp, 32),
(71, 60, '2019-05-29 09:00:00.000000'::timestamp, 33),
(72, 48, '2019-06-05 07:00:00.000000'::timestamp, 34),
(73, 26, '2019-06-04 10:00:00.000000'::timestamp, 34),
(74, 49, '2019-06-20 06:00:00.000000'::timestamp, 35),
(75, 54, '2019-05-20 11:00:00.000000'::timestamp, 36),
(76, 25, '2019-06-28 08:00:00.000000'::timestamp, 37),
(77, 26, '2019-05-20 10:00:00.000000'::timestamp, 38),
(78, 18, '2019-06-01 09:00:00.000000'::timestamp, 39),
(79, 34, '2019-05-24 10:00:00.000000'::timestamp, 39),
(80, 16, '2019-06-10 07:00:00.000000'::timestamp, 39),
(81, 30, '2019-06-21 06:00:00.000000'::timestamp, 40),
(82, 33, '2019-05-18 06:00:00.000000'::timestamp, 40),
(83, 29, '2019-06-11 10:00:00.000000'::timestamp, 40),
(84, 63, '2019-06-20 09:00:00.000000'::timestamp, 41),
(85, 17, '2019-06-28 09:00:00.000000'::timestamp, 41),
(86, 26, '2019-06-09 07:00:00.000000'::timestamp, 42),
(87, 24, '2019-05-23 06:00:00.000000'::timestamp, 42),
(88, 41, '2019-05-24 09:00:00.000000'::timestamp, 42),
(89, 32, '2019-05-27 06:00:00.000000'::timestamp, 43),
(90, 17, '2019-06-22 09:00:00.000000'::timestamp, 43),
(91, 15, '2019-06-16 09:00:00.000000'::timestamp, 44),
(92, 42, '2019-06-07 10:00:00.000000'::timestamp, 44),
(93, 22, '2019-06-18 08:00:00.000000'::timestamp, 45),
(94, 42, '2019-06-20 06:00:00.000000'::timestamp, 45),
(95, 54, '2019-05-29 10:00:00.000000'::timestamp, 45),
(96, 54, '2019-06-17 11:00:00.000000'::timestamp, 46),
(97, 9, '2019-05-28 11:00:00.000000'::timestamp, 46),
(98, 48, '2019-06-04 11:00:00.000000'::timestamp, 46),
(99, 41, '2019-06-11 08:00:00.000000'::timestamp, 47),
(100, 51, '2019-06-01 22:00:00.000000'::timestamp, 47),
(101, 17, '2019-06-07 09:00:00.000000'::timestamp, 47),
(102, 39, '2019-06-23 11:00:00.000000'::timestamp, 48),
(103, 65, '2019-06-13 07:00:00.000000'::timestamp, 48),
(104, 53, '2019-06-17 09:00:00.000000'::timestamp, 48),
(105, 26, '2019-06-17 10:00:00.000000'::timestamp, 49),
(106, 24, '2019-05-31 10:00:00.000000'::timestamp, 50),
(107, 65, '2019-05-22 10:00:00.000000'::timestamp, 50),
(108, 55, '2019-05-20 08:00:00.000000'::timestamp, 50),
(109, 41, '2019-06-07 09:00:00.000000'::timestamp, 51),
(110, 58, '2019-06-25 07:00:00.000000'::timestamp, 51),
(111, 67, '2019-05-17 11:00:00.000000'::timestamp, 52),
(112, 14, '2019-05-18 06:00:00.000000'::timestamp, 52),
(113, 2, '2019-05-28 10:00:00.000000'::timestamp, 52),
(114, 31, '2019-05-20 07:00:00.000000'::timestamp, 53),
(115, 17, '2019-05-26 11:00:00.000000'::timestamp, 54),
(116, 58, '2019-06-14 11:00:00.000000'::timestamp, 55),
(117, 24, '2019-05-27 11:00:00.000000'::timestamp, 56),
(118, 31, '2019-06-26 22:00:00.000000'::timestamp, 57),
(119, 58, '2019-06-12 08:00:00.000000'::timestamp, 57),
(120, 60, '2019-06-11 09:00:00.000000'::timestamp, 58),
(121, 54, '2019-05-28 11:00:00.000000'::timestamp, 58),
(122, 42, '2019-06-21 10:00:00.000000'::timestamp, 58),
(123, 1, '2019-05-22 09:00:00.000000'::timestamp, 59),
(124, 50, '2019-05-13 07:00:00.000000'::timestamp, 60),
(125, 12, '2019-06-27 06:00:00.000000'::timestamp, 61),
(126, 31, '2019-05-22 22:00:00.000000'::timestamp, 62),
(127, 36, '2019-06-30 11:00:00.000000'::timestamp, 62),
(128, 52, '2019-05-20 08:00:00.000000'::timestamp, 63),
(129, 30, '2019-06-05 07:00:00.000000'::timestamp, 64),
(130, 43, '2019-05-27 10:00:00.000000'::timestamp, 64),
(131, 9, '2019-06-22 09:00:00.000000'::timestamp, 65),
(132, 36, '2019-06-09 11:00:00.000000'::timestamp, 65),
(133, 20, '2019-06-20 07:00:00.000000'::timestamp, 66),
(134, 64, '2019-05-28 09:00:00.000000'::timestamp, 66),
(135, 34, '2019-06-27 09:00:00.000000'::timestamp, 67),
(136, 15, '2019-06-17 10:00:00.000000'::timestamp, 67),
(137, 50, '2019-06-17 07:00:00.000000'::timestamp, 68),
(138, 10, '2019-05-21 09:00:00.000000'::timestamp, 68),
(139, 63, '2019-06-23 08:00:00.000000'::timestamp, 69),
(140, 37, '2019-05-21 09:00:00.000000'::timestamp, 69),
(141, 12, '2019-05-23 06:00:00.000000'::timestamp, 69),
(142, 9, '2019-05-29 09:00:00.000000'::timestamp, 70),
(143, 26, '2019-06-23 07:00:00.000000'::timestamp, 70),
(144, 47, '2019-05-15 09:00:00.000000'::timestamp, 70),
(145, 22, '2019-06-11 08:00:00.000000'::timestamp, 71),
(146, 3, '2019-05-30 09:00:00.000000'::timestamp, 71),
(147, 59, '2019-05-22 08:00:00.000000'::timestamp, 71),
(148, 40, '2019-05-28 09:00:00.000000'::timestamp, 72),
(149, 65, '2019-06-21 08:00:00.000000'::timestamp, 73),
(150, 33, '2019-05-26 11:00:00.000000'::timestamp, 74),
(151, 44, '2019-05-17 09:00:00.000000'::timestamp, 75),
(152, 59, '2019-06-27 11:00:00.000000'::timestamp, 75),
(153, 1, '2019-05-15 09:00:00.000000'::timestamp, 76),
(154, 33, '2019-05-17 06:00:00.000000'::timestamp, 76),
(155, 65, '2019-06-04 21:00:00.000000'::timestamp, 76),
(156, 40, '2019-05-14 09:00:00.000000'::timestamp, 77),
(157, 63, '2019-05-20 10:00:00.000000'::timestamp, 77),
(158, 17, '2019-06-23 11:00:00.000000'::timestamp, 77),
(159, 12, '2019-06-20 06:00:00.000000'::timestamp, 78),
(160, 11, '2019-05-24 07:00:00.000000'::timestamp, 79),
(161, 2, '2019-05-13 06:00:00.000000'::timestamp, 79),
(162, 65, '2019-06-07 20:00:00.000000'::timestamp, 80),
(163, 46, '2019-06-17 11:00:00.000000'::timestamp, 80),
(164, 50, '2019-06-28 10:00:00.000000'::timestamp, 81),
(165, 23, '2019-06-07 09:00:00.000000'::timestamp, 81),
(166, 65, '2019-06-14 20:00:00.000000'::timestamp, 81),
(167, 29, '2019-06-26 11:00:00.000000'::timestamp, 82),
(168, 39, '2019-06-06 07:00:00.000000'::timestamp, 82),
(169, 37, '2019-05-27 11:00:00.000000'::timestamp, 82),
(170, 30, '2019-06-03 11:00:00.000000'::timestamp, 83),
(171, 17, '2019-06-18 10:00:00.000000'::timestamp, 83),
(172, 53, '2019-05-20 09:00:00.000000'::timestamp, 84),
(173, 46, '2019-06-25 09:00:00.000000'::timestamp, 84),
(174, 11, '2019-05-17 07:00:00.000000'::timestamp, 85),
(175, 12, '2019-05-16 06:00:00.000000'::timestamp, 85),
(176, 14, '2019-05-15 10:00:00.000000'::timestamp, 85),
(177, 65, '2019-05-23 07:00:00.000000'::timestamp, 86),
(178, 9, '2019-06-02 07:00:00.000000'::timestamp, 86),
(179, 28, '2019-06-16 07:00:00.000000'::timestamp, 86),
(180, 9, '2019-05-15 09:00:00.000000'::timestamp, 87),
(181, 52, '2019-06-28 11:00:00.000000'::timestamp, 88),
(182, 66, '2019-06-02 08:00:00.000000'::timestamp, 88),
(183, 11, '2019-05-30 11:00:00.000000'::timestamp, 88),
(184, 36, '2019-05-12 11:00:00.000000'::timestamp, 89),
(185, 62, '2019-05-19 08:00:00.000000'::timestamp, 89),
(186, 63, '2019-05-12 08:00:00.000000'::timestamp, 90),
(187, 39, '2019-06-30 11:00:00.000000'::timestamp, 90),
(188, 21, '2019-05-15 06:00:00.000000'::timestamp, 91),
(189, 25, '2019-05-18 10:00:00.000000'::timestamp, 91),
(190, 17, '2019-06-09 11:00:00.000000'::timestamp, 92),
(191, 67, '2019-06-25 09:00:00.000000'::timestamp, 92),
(192, 8, '2019-06-01 09:00:00.000000'::timestamp, 92),
(193, 9, '2019-06-29 09:00:00.000000'::timestamp, 93),
(194, 17, '2019-06-13 10:00:00.000000'::timestamp, 94),
(195, 35, '2019-05-13 06:00:00.000000'::timestamp, 95),
(196, 66, '2019-06-03 09:00:00.000000'::timestamp, 95),
(197, 48, '2019-06-06 06:00:00.000000'::timestamp, 95),
(198, 23, '2019-05-21 08:00:00.000000'::timestamp, 96),
(199, 30, '2019-06-17 11:00:00.000000'::timestamp, 97),
(200, 59, '2019-06-29 10:00:00.000000'::timestamp, 97),
(201, 19, '2019-05-21 06:00:00.000000'::timestamp, 98),
(202, 29, '2019-06-13 09:00:00.000000'::timestamp, 98),
(203, 30, '2019-05-15 07:00:00.000000'::timestamp, 98),
(204, 58, '2019-06-10 10:00:00.000000'::timestamp, 99),
(205, 63, '2019-06-09 08:00:00.000000'::timestamp, 99),
(206, 35, '2019-05-28 07:00:00.000000'::timestamp, 100),
(207, 28, '2019-06-08 09:00:00.000000'::timestamp, 100),
(208, 26, '2019-06-30 07:00:00.000000'::timestamp, 100),
(209, 65, '2019-05-21 21:00:00.000000'::timestamp, 101),
(210, 25, '2019-06-14 08:00:00.000000'::timestamp, 101),
(211, 19, '2019-05-20 10:00:00.000000'::timestamp, 101),
(212, 66, '2019-05-13 09:00:00.000000'::timestamp, 102),
(213, 17, '2019-06-04 10:00:00.000000'::timestamp, 102),
(214, 60, '2019-05-22 09:00:00.000000'::timestamp, 103),
(215, 22, '2019-06-24 07:00:00.000000'::timestamp, 103),
(216, 30, '2019-05-30 10:00:00.000000'::timestamp, 103),
(217, 59, '2019-06-12 08:00:00.000000'::timestamp, 104),
(218, 15, '2019-06-30 09:00:00.000000'::timestamp, 105),
(219, 57, '2019-06-12 07:00:00.000000'::timestamp, 105),
(220, 32, '2019-05-20 06:00:00.000000'::timestamp, 105),
(221, 22, '2019-06-02 10:00:00.000000'::timestamp, 106),
(222, 24, '2019-06-10 11:00:00.000000'::timestamp, 106),
(223, 2, '2019-06-24 06:00:00.000000'::timestamp, 107),
(224, 32, '2019-06-01 10:00:00.000000'::timestamp, 107),
(225, 62, '2019-05-20 08:00:00.000000'::timestamp, 108),
(226, 52, '2019-06-07 11:00:00.000000'::timestamp, 108),
(227, 57, '2019-05-22 07:00:00.000000'::timestamp, 109),
(228, 57, '2019-06-13 06:00:00.000000'::timestamp, 109),
(229, 52, '2019-05-17 11:00:00.000000'::timestamp, 110),
(230, 64, '2019-05-21 09:00:00.000000'::timestamp, 110),
(231, 43, '2019-05-30 09:00:00.000000'::timestamp, 110),
(232, 20, '2019-06-18 10:00:00.000000'::timestamp, 111),
(233, 25, '2019-06-08 10:00:00.000000'::timestamp, 111),
(234, 14, '2019-05-24 09:00:00.000000'::timestamp, 111),
(235, 33, '2019-06-04 09:00:00.000000'::timestamp, 112),
(236, 10, '2019-05-27 08:00:00.000000'::timestamp, 112),
(237, 23, '2019-05-17 09:00:00.000000'::timestamp, 113),
(238, 61, '2019-05-24 07:00:00.000000'::timestamp, 113),
(239, 2, '2019-06-11 10:00:00.000000'::timestamp, 114),
(240, 46, '2019-05-12 08:00:00.000000'::timestamp, 114),
(241, 57, '2019-06-19 07:00:00.000000'::timestamp, 114),
(242, 67, '2019-05-16 07:00:00.000000'::timestamp, 115),
(243, 57, '2019-05-14 10:00:00.000000'::timestamp, 116),
(244, 40, '2019-05-21 09:00:00.000000'::timestamp, 116),
(245, 59, '2019-06-26 08:00:00.000000'::timestamp, 117),
(246, 15, '2019-05-22 09:00:00.000000'::timestamp, 117),
(247, 52, '2019-05-23 08:00:00.000000'::timestamp, 118),
(248, 3, '2019-06-01 08:00:00.000000'::timestamp, 118),
(249, 67, '2019-06-08 06:00:00.000000'::timestamp, 118),
(250, 15, '2019-05-27 10:00:00.000000'::timestamp, 119),
(251, 34, '2019-06-29 09:00:00.000000'::timestamp, 119),
(252, 15, '2019-05-13 10:00:00.000000'::timestamp, 119),
(253, 60, '2019-06-13 08:00:00.000000'::timestamp, 120),
(254, 33, '2019-06-18 09:00:00.000000'::timestamp, 120),
(255, 63, '2019-06-16 08:00:00.000000'::timestamp, 121),
(256, 11, '2019-06-04 06:00:00.000000'::timestamp, 122),
(257, 26, '2019-06-16 07:00:00.000000'::timestamp, 122),
(258, 66, '2019-05-14 08:00:00.000000'::timestamp, 122),
(259, 55, '2019-05-24 08:00:00.000000'::timestamp, 123),
(260, 59, '2019-05-23 11:00:00.000000'::timestamp, 124),
(261, 60, '2019-06-19 09:00:00.000000'::timestamp, 125),
(262, 27, '2019-06-29 11:00:00.000000'::timestamp, 126),
(263, 31, '2019-06-03 07:00:00.000000'::timestamp, 127),
(264, 60, '2019-06-20 08:00:00.000000'::timestamp, 127),
(265, 21, '2019-05-13 10:00:00.000000'::timestamp, 127),
(266, 33, '2019-06-01 06:00:00.000000'::timestamp, 128),
(267, 63, '2019-05-31 07:00:00.000000'::timestamp, 128),
(268, 33, '2019-06-29 06:00:00.000000'::timestamp, 128),
(269, 45, '2019-05-15 10:00:00.000000'::timestamp, 129),
(270, 36, '2019-05-25 06:00:00.000000'::timestamp, 129),
(271, 24, '2019-06-14 10:00:00.000000'::timestamp, 129),
(272, 21, '2019-05-19 08:00:00.000000'::timestamp, 130),
(273, 12, '2019-06-09 09:00:00.000000'::timestamp, 131),
(274, 41, '2019-06-04 08:00:00.000000'::timestamp, 132),
(275, 26, '2019-06-15 10:00:00.000000'::timestamp, 132),
(276, 26, '2019-05-21 10:00:00.000000'::timestamp, 133),
(277, 54, '2019-06-21 07:00:00.000000'::timestamp, 133),
(278, 20, '2019-06-10 09:00:00.000000'::timestamp, 133),
(279, 3, '2019-05-14 10:00:00.000000'::timestamp, 134),
(280, 25, '2019-06-07 08:00:00.000000'::timestamp, 134),
(281, 61, '2019-05-14 08:00:00.000000'::timestamp, 135),
(282, 57, '2019-06-02 09:00:00.000000'::timestamp, 135),
(283, 15, '2019-05-20 10:00:00.000000'::timestamp, 135),
(284, 28, '2019-05-19 07:00:00.000000'::timestamp, 136),
(285, 29, '2019-06-12 11:00:00.000000'::timestamp, 137),
(286, 51, '2019-05-15 23:00:00.000000'::timestamp, 138),
(287, 30, '2019-06-22 10:00:00.000000'::timestamp, 138),
(288, 17, '2019-05-21 10:00:00.000000'::timestamp, 138),
(289, 57, '2019-06-09 09:00:00.000000'::timestamp, 139),
(290, 29, '2019-05-16 09:00:00.000000'::timestamp, 140),
(291, 23, '2019-06-29 06:00:00.000000'::timestamp, 140),
(292, 22, '2019-06-30 10:00:00.000000'::timestamp, 140),
(293, 20, '2019-05-23 07:00:00.000000'::timestamp, 141),
(294, 41, '2019-06-20 06:00:00.000000'::timestamp, 141),
(295, 16, '2019-05-20 07:00:00.000000'::timestamp, 141),
(296, 12, '2019-05-12 09:00:00.000000'::timestamp, 142),
(297, 9, '2019-06-10 09:00:00.000000'::timestamp, 143),
(298, 13, '2019-05-20 08:00:00.000000'::timestamp, 143),
(299, 16, '2019-06-15 10:00:00.000000'::timestamp, 144),
(300, 44, '2019-06-07 09:00:00.000000'::timestamp, 145),
(301, 51, '2019-05-22 23:00:00.000000'::timestamp, 145),
(302, 22, '2019-05-13 07:00:00.000000'::timestamp, 146),
(303, 38, '2019-05-19 09:00:00.000000'::timestamp, 146),
(304, 36, '2019-06-14 09:00:00.000000'::timestamp, 146),
(305, 67, '2019-06-13 07:00:00.000000'::timestamp, 147),
(306, 48, '2019-05-17 11:00:00.000000'::timestamp, 147),
(307, 46, '2019-05-26 08:00:00.000000'::timestamp, 147),
(308, 5, '2019-05-30 07:00:00.000000'::timestamp, 148),
(309, 2, '2019-05-14 10:00:00.000000'::timestamp, 148),
(310, 28, '2019-05-15 06:00:00.000000'::timestamp, 149),
(311, 58, '2019-06-21 11:00:00.000000'::timestamp, 149),
(312, 21, '2019-05-30 06:00:00.000000'::timestamp, 149),
(313, 26, '2019-05-26 07:00:00.000000'::timestamp, 150),
(314, 65, '2019-05-28 08:00:00.000000'::timestamp, 151),
(315, 54, '2019-06-12 10:00:00.000000'::timestamp, 151),
(316, 52, '2019-06-14 11:00:00.000000'::timestamp, 152),
(317, 26, '2019-05-18 10:00:00.000000'::timestamp, 152),
(318, 15, '2019-06-03 10:00:00.000000'::timestamp, 153),
(319, 16, '2019-05-13 07:00:00.000000'::timestamp, 153),
(320, 13, '2019-05-12 08:00:00.000000'::timestamp, 154),
(321, 66, '2019-05-28 08:00:00.000000'::timestamp, 154),
(322, 16, '2019-05-16 09:00:00.000000'::timestamp, 155),
(323, 16, '2019-06-17 07:00:00.000000'::timestamp, 155),
(324, 20, '2019-05-28 10:00:00.000000'::timestamp, 155),
(325, 20, '2019-06-11 10:00:00.000000'::timestamp, 156),
(326, 16, '2019-05-27 07:00:00.000000'::timestamp, 156),
(327, 11, '2019-06-29 09:00:00.000000'::timestamp, 157),
(328, 28, '2019-06-04 06:00:00.000000'::timestamp, 157),
(329, 11, '2019-05-28 06:00:00.000000'::timestamp, 158),
(330, 35, '2019-05-14 07:00:00.000000'::timestamp, 158),
(331, 31, '2019-06-17 20:00:00.000000'::timestamp, 158),
(332, 54, '2019-05-13 11:00:00.000000'::timestamp, 159),
(333, 11, '2019-05-16 11:00:00.000000'::timestamp, 159),
(334, 18, '2019-05-22 08:00:00.000000'::timestamp, 159),
(335, 41, '2019-06-25 08:00:00.000000'::timestamp, 160),
(336, 33, '2019-06-14 06:00:00.000000'::timestamp, 160),
(337, 24, '2019-05-24 10:00:00.000000'::timestamp, 160),
(338, 49, '2019-06-27 06:00:00.000000'::timestamp, 161),
(339, 56, '2019-05-17 09:00:00.000000'::timestamp, 161),
(340, 17, '2019-06-01 09:00:00.000000'::timestamp, 161),
(341, 39, '2019-05-27 08:00:00.000000'::timestamp, 162),
(342, 39, '2019-06-24 08:00:00.000000'::timestamp, 163),
(343, 60, '2019-06-26 09:00:00.000000'::timestamp, 163),
(344, 33, '2019-06-28 06:00:00.000000'::timestamp, 164),
(345, 59, '2019-06-22 10:00:00.000000'::timestamp, 164),
(346, 27, '2019-06-24 08:00:00.000000'::timestamp, 164),
(347, 51, '2019-05-18 22:00:00.000000'::timestamp, 165),
(348, 37, '2019-05-20 11:00:00.000000'::timestamp, 165),
(349, 50, '2019-05-31 10:00:00.000000'::timestamp, 165),
(350, 58, '2019-06-28 11:00:00.000000'::timestamp, 166),
(351, 42, '2019-06-17 06:00:00.000000'::timestamp, 167),
(352, 38, '2019-05-22 09:00:00.000000'::timestamp, 167),
(353, 66, '2019-06-16 08:00:00.000000'::timestamp, 168),
(354, 11, '2019-05-14 06:00:00.000000'::timestamp, 169),
(355, 22, '2019-05-27 07:00:00.000000'::timestamp, 170),
(356, 29, '2019-05-22 11:00:00.000000'::timestamp, 170),
(357, 58, '2019-05-18 08:00:00.000000'::timestamp, 171),
(358, 17, '2019-05-23 10:00:00.000000'::timestamp, 172),
(359, 67, '2019-05-21 09:00:00.000000'::timestamp, 172),
(360, 38, '2019-05-26 09:00:00.000000'::timestamp, 173),
(361, 5, '2019-05-31 07:00:00.000000'::timestamp, 173),
(362, 18, '2019-05-25 09:00:00.000000'::timestamp, 174),
(363, 29, '2019-06-04 10:00:00.000000'::timestamp, 175),
(364, 3, '2019-05-14 23:00:00.000000'::timestamp, 175),
(365, 65, '2019-05-29 23:00:00.000000'::timestamp, 176),
(366, 9, '2019-06-01 09:00:00.000000'::timestamp, 177),
(367, 66, '2019-06-04 08:00:00.000000'::timestamp, 177),
(368, 27, '2019-06-04 08:00:00.000000'::timestamp, 177),
(369, 65, '2019-05-29 10:00:00.000000'::timestamp, 178),
(370, 66, '2019-06-11 08:00:00.000000'::timestamp, 178),
(371, 31, '2019-06-05 22:00:00.000000'::timestamp, 179),
(372, 46, '2019-05-28 09:00:00.000000'::timestamp, 179),
(373, 23, '2019-06-25 08:00:00.000000'::timestamp, 179),
(374, 45, '2019-05-25 09:00:00.000000'::timestamp, 180),
(375, 48, '2019-06-20 06:00:00.000000'::timestamp, 180),
(376, 64, '2019-05-29 10:00:00.000000'::timestamp, 181),
(377, 19, '2019-05-23 09:00:00.000000'::timestamp, 181),
(378, 51, '2019-06-01 10:00:00.000000'::timestamp, 182),
(379, 52, '2019-05-26 09:00:00.000000'::timestamp, 183),
(380, 27, '2019-06-16 09:00:00.000000'::timestamp, 183),
(381, 33, '2019-06-21 06:00:00.000000'::timestamp, 183),
(382, 50, '2019-06-18 09:00:00.000000'::timestamp, 184),
(383, 48, '2019-06-18 11:00:00.000000'::timestamp, 185),
(384, 37, '2019-05-12 09:00:00.000000'::timestamp, 186),
(385, 34, '2019-06-22 09:00:00.000000'::timestamp, 187),
(386, 28, '2019-06-01 09:00:00.000000'::timestamp, 187),
(387, 23, '2019-05-28 08:00:00.000000'::timestamp, 187),
(388, 23, '2019-05-14 08:00:00.000000'::timestamp, 188),
(389, 36, '2019-05-31 09:00:00.000000'::timestamp, 188),
(390, 42, '2019-05-19 07:00:00.000000'::timestamp, 188),
(391, 67, '2019-05-25 06:00:00.000000'::timestamp, 189),
(392, 65, '2019-05-16 18:00:00.000000'::timestamp, 190),
(393, 48, '2019-05-31 11:00:00.000000'::timestamp, 191),
(394, 34, '2019-05-23 09:00:00.000000'::timestamp, 192),
(395, 53, '2019-06-04 11:00:00.000000'::timestamp, 192),
(396, 28, '2019-06-30 07:00:00.000000'::timestamp, 193),
(397, 27, '2019-05-14 08:00:00.000000'::timestamp, 194),
(398, 56, '2019-05-19 09:00:00.000000'::timestamp, 194),
(399, 11, '2019-06-20 11:00:00.000000'::timestamp, 194),
(400, 17, '2019-05-25 09:00:00.000000'::timestamp, 195),
(401, 50, '2019-06-04 09:00:00.000000'::timestamp, 195),
(402, 27, '2019-05-12 09:00:00.000000'::timestamp, 196),
(403, 45, '2019-05-22 10:00:00.000000'::timestamp, 196),
(404, 31, '2019-06-05 08:00:00.000000'::timestamp, 197),
(405, 33, '2019-06-25 09:00:00.000000'::timestamp, 197),
(406, 30, '2019-05-29 07:00:00.000000'::timestamp, 197),
(407, 24, '2019-05-17 10:00:00.000000'::timestamp, 198),
(408, 15, '2019-06-10 10:00:00.000000'::timestamp, 199),
(409, 5, '2019-05-17 07:00:00.000000'::timestamp, 200),
(410, 58, '2019-06-24 10:00:00.000000'::timestamp, 201),
(411, 48, '2019-05-15 07:00:00.000000'::timestamp, 201),
(412, 51, '2019-05-29 23:00:00.000000'::timestamp, 201),
(413, 52, '2019-06-16 09:00:00.000000'::timestamp, 202),
(414, 62, '2019-05-12 08:00:00.000000'::timestamp, 203),
(415, 58, '2019-05-31 11:00:00.000000'::timestamp, 204),
(416, 52, '2019-05-30 08:00:00.000000'::timestamp, 204),
(417, 51, '2019-05-18 10:00:00.000000'::timestamp, 205),
(418, 35, '2019-05-12 07:00:00.000000'::timestamp, 205),
(419, 36, '2019-06-07 09:00:00.000000'::timestamp, 205),
(420, 36, '2019-05-18 06:00:00.000000'::timestamp, 206),
(421, 51, '2019-05-29 07:00:00.000000'::timestamp, 206),
(422, 54, '2019-06-11 11:00:00.000000'::timestamp, 207),
(423, 47, '2019-05-24 09:00:00.000000'::timestamp, 207),
(424, 28, '2019-06-09 07:00:00.000000'::timestamp, 208),
(425, 57, '2019-06-30 09:00:00.000000'::timestamp, 208),
(426, 27, '2019-06-25 08:00:00.000000'::timestamp, 208),
(427, 9, '2019-06-16 07:00:00.000000'::timestamp, 209),
(428, 59, '2019-06-03 09:00:00.000000'::timestamp, 210),
(429, 56, '2019-05-24 09:00:00.000000'::timestamp, 210),
(430, 65, '2019-05-15 10:00:00.000000'::timestamp, 211),
(431, 23, '2019-06-14 09:00:00.000000'::timestamp, 211),
(432, 49, '2019-05-14 07:00:00.000000'::timestamp, 212),
(433, 57, '2019-06-15 08:00:00.000000'::timestamp, 213),
(434, 50, '2019-06-14 10:00:00.000000'::timestamp, 213),
(435, 33, '2019-06-08 06:00:00.000000'::timestamp, 214),
(436, 49, '2019-06-06 06:00:00.000000'::timestamp, 214),
(437, 14, '2019-05-22 10:00:00.000000'::timestamp, 215),
(438, 42, '2019-05-24 10:00:00.000000'::timestamp, 215),
(439, 46, '2019-06-18 09:00:00.000000'::timestamp, 216),
(440, 33, '2019-05-14 09:00:00.000000'::timestamp, 216),
(441, 47, '2019-05-19 11:00:00.000000'::timestamp, 217),
(442, 52, '2019-06-12 09:00:00.000000'::timestamp, 218),
(443, 52, '2019-06-06 08:00:00.000000'::timestamp, 219),
(444, 56, '2019-05-22 11:00:00.000000'::timestamp, 220),
(445, 62, '2019-05-17 10:00:00.000000'::timestamp, 220),
(446, 42, '2019-06-28 10:00:00.000000'::timestamp, 221),
(447, 33, '2019-06-15 06:00:00.000000'::timestamp, 221),
(448, 52, '2019-05-12 09:00:00.000000'::timestamp, 222),
(449, 34, '2019-05-25 09:00:00.000000'::timestamp, 222),
(450, 53, '2019-05-26 08:00:00.000000'::timestamp, 222),
(451, 48, '2019-05-23 06:00:00.000000'::timestamp, 223),
(452, 23, '2019-05-24 09:00:00.000000'::timestamp, 223),
(453, 6, '2019-05-25 07:00:00.000000'::timestamp, 224),
(454, 31, '2019-06-24 20:00:00.000000'::timestamp, 225),
(455, 65, '2019-06-13 18:00:00.000000'::timestamp, 226),
(456, 46, '2019-06-09 08:00:00.000000'::timestamp, 226),
(457, 40, '2019-05-15 07:00:00.000000'::timestamp, 226),
(458, 44, '2019-06-29 09:00:00.000000'::timestamp, 227),
(459, 15, '2019-06-05 09:00:00.000000'::timestamp, 228),
(460, 52, '2019-06-19 09:00:00.000000'::timestamp, 228),
(461, 42, '2019-05-12 07:00:00.000000'::timestamp, 229),
(462, 42, '2019-06-09 07:00:00.000000'::timestamp, 229),
(463, 30, '2019-05-20 11:00:00.000000'::timestamp, 230),
(464, 16, '2019-06-18 06:00:00.000000'::timestamp, 230),
(465, 66, '2019-05-12 08:00:00.000000'::timestamp, 231),
(466, 12, '2019-05-26 09:00:00.000000'::timestamp, 231),
(467, 29, '2019-06-24 10:00:00.000000'::timestamp, 232),
(468, 33, '2019-06-02 11:00:00.000000'::timestamp, 232),
(469, 28, '2019-05-29 06:00:00.000000'::timestamp, 233),
(470, 24, '2019-06-07 10:00:00.000000'::timestamp, 233),
(471, 31, '2019-05-29 22:00:00.000000'::timestamp, 234),
(472, 54, '2019-05-17 07:00:00.000000'::timestamp, 234),
(473, 65, '2019-05-14 21:00:00.000000'::timestamp, 235),
(474, 30, '2019-06-29 10:00:00.000000'::timestamp, 236),
(475, 16, '2019-06-04 06:00:00.000000'::timestamp, 236),
(476, 49, '2019-06-12 09:00:00.000000'::timestamp, 236),
(477, 25, '2019-05-29 10:00:00.000000'::timestamp, 237),
(478, 7, '2019-05-14 09:00:00.000000'::timestamp, 237),
(479, 50, '2019-05-16 09:00:00.000000'::timestamp, 238),
(480, 15, '2019-05-26 09:00:00.000000'::timestamp, 238),
(481, 10, '2019-05-17 08:00:00.000000'::timestamp, 238),
(482, 8, '2019-05-18 09:00:00.000000'::timestamp, 239),
(483, 12, '2019-06-23 09:00:00.000000'::timestamp, 239),
(484, 59, '2019-05-15 08:00:00.000000'::timestamp, 240),
(485, 50, '2019-06-13 09:00:00.000000'::timestamp, 240),
(486, 29, '2019-06-17 10:00:00.000000'::timestamp, 241),
(487, 49, '2019-05-22 09:00:00.000000'::timestamp, 241),
(488, 9, '2019-06-18 11:00:00.000000'::timestamp, 241),
(489, 44, '2019-05-18 09:00:00.000000'::timestamp, 242),
(490, 24, '2019-06-20 06:00:00.000000'::timestamp, 242),
(491, 58, '2019-06-04 07:00:00.000000'::timestamp, 242),
(492, 58, '2019-06-17 10:00:00.000000'::timestamp, 243),
(493, 40, '2019-05-24 08:00:00.000000'::timestamp, 243),
(494, 39, '2019-06-20 07:00:00.000000'::timestamp, 244),
(495, 50, '2019-06-25 09:00:00.000000'::timestamp, 245),
(496, 29, '2019-05-13 10:00:00.000000'::timestamp, 245),
(497, 40, '2019-05-19 06:00:00.000000'::timestamp, 245),
(498, 31, '2019-05-13 07:00:00.000000'::timestamp, 246),
(499, 30, '2019-05-22 07:00:00.000000'::timestamp, 246),
(500, 13, '2019-05-19 08:00:00.000000'::timestamp, 247),
(501, 57, '2019-06-06 06:00:00.000000'::timestamp, 248),
(502, 52, '2019-05-13 08:00:00.000000'::timestamp, 249),
(503, 25, '2019-06-19 10:00:00.000000'::timestamp, 249),
(504, 42, '2019-06-06 06:00:00.000000'::timestamp, 250),
(505, 45, '2019-05-29 10:00:00.000000'::timestamp, 250),
(506, 49, '2019-06-18 07:00:00.000000'::timestamp, 251),
(507, 22, '2019-05-28 08:00:00.000000'::timestamp, 251),
(508, 25, '2019-05-26 10:00:00.000000'::timestamp, 251),
(509, 28, '2019-05-28 06:00:00.000000'::timestamp, 252),
(510, 16, '2019-05-30 09:00:00.000000'::timestamp, 252),
(511, 7, '2019-05-20 07:00:00.000000'::timestamp, 252),
(512, 20, '2019-06-03 09:00:00.000000'::timestamp, 253),
(513, 23, '2019-06-08 06:00:00.000000'::timestamp, 254),
(514, 17, '2019-06-02 11:00:00.000000'::timestamp, 254),
(515, 31, '2019-05-29 08:00:00.000000'::timestamp, 254),
(516, 42, '2019-06-10 06:00:00.000000'::timestamp, 255),
(517, 47, '2019-05-12 11:00:00.000000'::timestamp, 256),
(518, 31, '2019-06-06 07:00:00.000000'::timestamp, 257),
(519, 54, '2019-05-15 10:00:00.000000'::timestamp, 258),
(520, 47, '2019-05-26 11:00:00.000000'::timestamp, 259),
(521, 65, '2019-06-21 20:00:00.000000'::timestamp, 259),
(522, 44, '2019-06-28 09:00:00.000000'::timestamp, 260),
(523, 19, '2019-05-28 06:00:00.000000'::timestamp, 260),
(524, 28, '2019-05-22 06:00:00.000000'::timestamp, 261),
(525, 52, '2019-06-23 09:00:00.000000'::timestamp, 261),
(526, 65, '2019-06-04 08:00:00.000000'::timestamp, 261),
(527, 60, '2019-06-22 09:00:00.000000'::timestamp, 262),
(528, 37, '2019-05-26 09:00:00.000000'::timestamp, 263),
(529, 50, '2019-06-06 09:00:00.000000'::timestamp, 263),
(530, 5, '2019-05-23 07:00:00.000000'::timestamp, 264),
(531, 57, '2019-06-27 06:00:00.000000'::timestamp, 264),
(532, 28, '2019-06-26 06:00:00.000000'::timestamp, 264),
(533, 12, '2019-06-13 06:00:00.000000'::timestamp, 265),
(534, 32, '2019-05-23 08:00:00.000000'::timestamp, 266),
(535, 64, '2019-06-25 09:00:00.000000'::timestamp, 266),
(536, 59, '2019-06-08 10:00:00.000000'::timestamp, 266),
(537, 50, '2019-05-27 07:00:00.000000'::timestamp, 267),
(538, 13, '2019-05-27 08:00:00.000000'::timestamp, 268),
(539, 2, '2019-05-27 06:00:00.000000'::timestamp, 269),
(540, 53, '2019-05-23 08:00:00.000000'::timestamp, 269),
(541, 28, '2019-06-18 06:00:00.000000'::timestamp, 270),
(542, 31, '2019-06-27 21:00:00.000000'::timestamp, 270),
(543, 36, '2019-06-08 06:00:00.000000'::timestamp, 270),
(544, 60, '2019-06-29 09:00:00.000000'::timestamp, 271),
(545, 26, '2019-05-28 10:00:00.000000'::timestamp, 271),
(546, 49, '2019-06-19 09:00:00.000000'::timestamp, 272),
(547, 28, '2019-06-22 09:00:00.000000'::timestamp, 272),
(548, 45, '2019-05-13 06:00:00.000000'::timestamp, 273),
(549, 42, '2019-06-23 07:00:00.000000'::timestamp, 273),
(550, 60, '2019-06-12 09:00:00.000000'::timestamp, 274),
(551, 27, '2019-06-30 09:00:00.000000'::timestamp, 274),
(552, 22, '2019-05-26 10:00:00.000000'::timestamp, 274),
(553, 64, '2019-06-18 09:00:00.000000'::timestamp, 275),
(554, 50, '2019-05-21 09:00:00.000000'::timestamp, 276),
(555, 23, '2019-06-18 08:00:00.000000'::timestamp, 277),
(556, 53, '2019-05-21 11:00:00.000000'::timestamp, 277),
(557, 23, '2019-05-18 06:00:00.000000'::timestamp, 277),
(558, 38, '2019-05-15 09:00:00.000000'::timestamp, 278),
(559, 6, '2019-06-01 07:00:00.000000'::timestamp, 279),
(560, 34, '2019-06-01 09:00:00.000000'::timestamp, 280),
(561, 34, '2019-05-31 10:00:00.000000'::timestamp, 280),
(562, 64, '2019-06-11 09:00:00.000000'::timestamp, 281),
(563, 58, '2019-06-11 07:00:00.000000'::timestamp, 281),
(564, 31, '2019-06-03 20:00:00.000000'::timestamp, 281),
(565, 2, '2019-05-20 06:00:00.000000'::timestamp, 282),
(566, 20, '2019-05-13 09:00:00.000000'::timestamp, 282),
(567, 46, '2019-05-27 11:00:00.000000'::timestamp, 282),
(568, 60, '2019-05-21 09:00:00.000000'::timestamp, 283),
(569, 34, '2019-05-16 09:00:00.000000'::timestamp, 284),
(570, 11, '2019-05-25 09:00:00.000000'::timestamp, 284),
(571, 54, '2019-06-24 11:00:00.000000'::timestamp, 284),
(572, 31, '2019-05-15 08:00:00.000000'::timestamp, 285),
(573, 65, '2019-06-11 08:00:00.000000'::timestamp, 285),
(574, 8, '2019-05-22 09:00:00.000000'::timestamp, 286),
(575, 33, '2019-06-09 11:00:00.000000'::timestamp, 287),
(576, 31, '2019-05-23 07:00:00.000000'::timestamp, 287),
(577, 2, '2019-06-17 06:00:00.000000'::timestamp, 288),
(578, 35, '2019-05-20 06:00:00.000000'::timestamp, 289),
(579, 50, '2019-06-20 09:00:00.000000'::timestamp, 290),
(580, 48, '2019-05-21 11:00:00.000000'::timestamp, 290),
(581, 48, '2019-06-14 11:00:00.000000'::timestamp, 291),
(582, 33, '2019-05-31 06:00:00.000000'::timestamp, 291),
(583, 44, '2019-06-12 07:00:00.000000'::timestamp, 291),
(584, 10, '2019-05-31 08:00:00.000000'::timestamp, 292),
(585, 30, '2019-05-16 10:00:00.000000'::timestamp, 292),
(586, 40, '2019-05-17 08:00:00.000000'::timestamp, 293),
(587, 16, '2019-05-21 06:00:00.000000'::timestamp, 294),
(588, 42, '2019-05-23 06:00:00.000000'::timestamp, 295),
(589, 4, '2019-05-26 07:00:00.000000'::timestamp, 295),
(590, 48, '2019-06-07 11:00:00.000000'::timestamp, 296),
(591, 43, '2019-05-22 11:00:00.000000'::timestamp, 296),
(592, 11, '2019-05-23 11:00:00.000000'::timestamp, 296),
(593, 30, '2019-06-10 11:00:00.000000'::timestamp, 297),
(594, 31, '2019-06-19 08:00:00.000000'::timestamp, 298),
(595, 50, '2019-06-21 10:00:00.000000'::timestamp, 298),
(596, 38, '2019-05-28 11:00:00.000000'::timestamp, 299),
(597, 21, '2019-05-23 06:00:00.000000'::timestamp, 300),
(598, 66, '2019-06-24 09:00:00.000000'::timestamp, 300),
(599, 63, '2019-06-06 09:00:00.000000'::timestamp, 300),
(600, 52, '2019-06-09 09:00:00.000000'::timestamp, 301),
(601, 33, '2019-06-23 11:00:00.000000'::timestamp, 301),
(602, 64, '2019-05-25 07:00:00.000000'::timestamp, 302),
(603, 59, '2019-06-17 09:00:00.000000'::timestamp, 302),
(604, 31, '2019-05-23 21:00:00.000000'::timestamp, 302),
(605, 50, '2019-05-17 10:00:00.000000'::timestamp, 303),
(606, 65, '2019-06-18 08:00:00.000000'::timestamp, 303),
(607, 48, '2019-06-28 11:00:00.000000'::timestamp, 303),
(608, 9, '2019-06-24 09:00:00.000000'::timestamp, 304),
(609, 28, '2019-06-02 07:00:00.000000'::timestamp, 304),
(610, 25, '2019-06-05 10:00:00.000000'::timestamp, 304),
(611, 47, '2019-05-17 09:00:00.000000'::timestamp, 305),
(612, 63, '2019-05-19 08:00:00.000000'::timestamp, 305),
(613, 46, '2019-06-02 08:00:00.000000'::timestamp, 305),
(614, 51, '2019-05-16 21:00:00.000000'::timestamp, 306),
(615, 15, '2019-06-13 11:00:00.000000'::timestamp, 306),
(616, 11, '2019-05-21 06:00:00.000000'::timestamp, 307),
(617, 65, '2019-06-26 10:00:00.000000'::timestamp, 307),
(618, 1, '2019-05-18 09:00:00.000000'::timestamp, 307),
(619, 50, '2019-06-27 09:00:00.000000'::timestamp, 308),
(620, 39, '2019-05-13 08:00:00.000000'::timestamp, 308),
(621, 2, '2019-06-10 06:00:00.000000'::timestamp, 308),
(622, 59, '2019-06-24 09:00:00.000000'::timestamp, 309),
(623, 26, '2019-06-25 10:00:00.000000'::timestamp, 309),
(624, 48, '2019-06-26 07:00:00.000000'::timestamp, 309),
(625, 65, '2019-06-06 07:00:00.000000'::timestamp, 310),
(626, 13, '2019-05-18 08:00:00.000000'::timestamp, 311),
(627, 25, '2019-06-15 10:00:00.000000'::timestamp, 311),
(628, 44, '2019-06-22 09:00:00.000000'::timestamp, 312),
(629, 11, '2019-06-27 11:00:00.000000'::timestamp, 312),
(630, 55, '2019-05-31 08:00:00.000000'::timestamp, 312),
(631, 25, '2019-06-26 10:00:00.000000'::timestamp, 313),
(632, 13, '2019-05-24 09:00:00.000000'::timestamp, 313),
(633, 31, '2019-06-19 22:00:00.000000'::timestamp, 313),
(634, 15, '2019-05-23 11:00:00.000000'::timestamp, 314),
(635, 41, '2019-06-21 09:00:00.000000'::timestamp, 314),
(636, 67, '2019-05-30 07:00:00.000000'::timestamp, 314),
(637, 15, '2019-05-30 11:00:00.000000'::timestamp, 315),
(638, 52, '2019-06-24 08:00:00.000000'::timestamp, 316),
(639, 28, '2019-06-23 07:00:00.000000'::timestamp, 317),
(640, 20, '2019-06-27 07:00:00.000000'::timestamp, 318),
(641, 60, '2019-05-23 08:00:00.000000'::timestamp, 319),
(642, 7, '2019-05-21 09:00:00.000000'::timestamp, 319),
(643, 57, '2019-05-23 06:00:00.000000'::timestamp, 320),
(644, 65, '2019-06-18 21:00:00.000000'::timestamp, 320),
(645, 7, '2019-05-28 09:00:00.000000'::timestamp, 321),
(646, 9, '2019-06-30 07:00:00.000000'::timestamp, 321),
(647, 50, '2019-05-14 09:00:00.000000'::timestamp, 321),
(648, 57, '2019-06-04 10:00:00.000000'::timestamp, 322),
(649, 16, '2019-05-23 09:00:00.000000'::timestamp, 322),
(650, 57, '2019-05-15 07:00:00.000000'::timestamp, 322),
(651, 52, '2019-05-24 11:00:00.000000'::timestamp, 323),
(652, 1, '2019-05-24 10:00:00.000000'::timestamp, 323),
(653, 20, '2019-05-30 07:00:00.000000'::timestamp, 324),
(654, 60, '2019-05-16 08:00:00.000000'::timestamp, 324),
(655, 12, '2019-05-30 06:00:00.000000'::timestamp, 324),
(656, 42, '2019-06-14 10:00:00.000000'::timestamp, 325),
(657, 30, '2019-05-18 10:00:00.000000'::timestamp, 326),
(658, 30, '2019-05-31 06:00:00.000000'::timestamp, 326),
(659, 27, '2019-05-18 11:00:00.000000'::timestamp, 327),
(660, 51, '2019-05-30 07:00:00.000000'::timestamp, 328),
(661, 66, '2019-06-23 08:00:00.000000'::timestamp, 328),
(662, 52, '2019-06-10 08:00:00.000000'::timestamp, 328),
(663, 26, '2019-06-08 10:00:00.000000'::timestamp, 329),
(664, 15, '2019-06-27 11:00:00.000000'::timestamp, 330),
(665, 39, '2019-05-23 07:00:00.000000'::timestamp, 330),
(666, 51, '2019-05-16 07:00:00.000000'::timestamp, 330),
(667, 59, '2019-05-18 10:00:00.000000'::timestamp, 331),
(668, 25, '2019-05-22 10:00:00.000000'::timestamp, 332),
(669, 44, '2019-06-15 09:00:00.000000'::timestamp, 333),
(670, 36, '2019-05-24 09:00:00.000000'::timestamp, 334),
(671, 46, '2019-06-04 09:00:00.000000'::timestamp, 335),
(672, 49, '2019-05-28 07:00:00.000000'::timestamp, 335),
(673, 25, '2019-05-19 10:00:00.000000'::timestamp, 336),
(674, 27, '2019-05-28 08:00:00.000000'::timestamp, 336),
(675, 63, '2019-05-24 07:00:00.000000'::timestamp, 336),
(676, 49, '2019-06-23 07:00:00.000000'::timestamp, 337),
(677, 11, '2019-05-18 09:00:00.000000'::timestamp, 338),
(678, 44, '2019-05-25 09:00:00.000000'::timestamp, 339),
(679, 9, '2019-06-26 09:00:00.000000'::timestamp, 340),
(680, 8, '2019-05-25 09:00:00.000000'::timestamp, 340),
(681, 3, '2019-05-28 23:00:00.000000'::timestamp, 340),
(682, 6, '2019-05-23 11:00:00.000000'::timestamp, 341),
(683, 65, '2019-06-05 23:00:00.000000'::timestamp, 342),
(684, 28, '2019-05-18 09:00:00.000000'::timestamp, 342),
(685, 46, '2019-06-10 11:00:00.000000'::timestamp, 343),
(686, 58, '2019-06-22 08:00:00.000000'::timestamp, 343),
(687, 37, '2019-05-29 11:00:00.000000'::timestamp, 343),
(688, 54, '2019-05-21 11:00:00.000000'::timestamp, 344),
(689, 43, '2019-05-29 11:00:00.000000'::timestamp, 344),
(690, 9, '2019-05-12 07:00:00.000000'::timestamp, 345),
(691, 27, '2019-06-02 09:00:00.000000'::timestamp, 345),
(692, 50, '2019-06-11 09:00:00.000000'::timestamp, 346),
(693, 63, '2019-06-07 07:00:00.000000'::timestamp, 346),
(694, 22, '2019-06-17 07:00:00.000000'::timestamp, 347),
(695, 12, '2019-05-20 07:00:00.000000'::timestamp, 347),
(696, 46, '2019-05-20 11:00:00.000000'::timestamp, 347),
(697, 31, '2019-05-16 21:00:00.000000'::timestamp, 348),
(698, 36, '2019-06-21 09:00:00.000000'::timestamp, 349),
(699, 50, '2019-05-24 10:00:00.000000'::timestamp, 349),
(700, 6, '2019-05-14 09:00:00.000000'::timestamp, 350),
(701, 39, '2019-06-16 11:00:00.000000'::timestamp, 351),
(702, 66, '2019-06-17 09:00:00.000000'::timestamp, 352),
(703, 31, '2019-06-17 07:00:00.000000'::timestamp, 352),
(704, 61, '2019-05-19 09:00:00.000000'::timestamp, 352),
(705, 38, '2019-05-14 11:00:00.000000'::timestamp, 353),
(706, 63, '2019-06-14 07:00:00.000000'::timestamp, 354),
(707, 61, '2019-05-22 08:00:00.000000'::timestamp, 354),
(708, 53, '2019-06-27 08:00:00.000000'::timestamp, 354),
(709, 32, '2019-05-30 08:00:00.000000'::timestamp, 355),
(710, 28, '2019-06-11 06:00:00.000000'::timestamp, 356),
(711, 56, '2019-05-15 11:00:00.000000'::timestamp, 356),
(712, 54, '2019-06-28 07:00:00.000000'::timestamp, 356),
(713, 11, '2019-06-21 07:00:00.000000'::timestamp, 357),
(714, 30, '2019-06-13 10:00:00.000000'::timestamp, 358),
(715, 30, '2019-06-28 06:00:00.000000'::timestamp, 359),
(716, 21, '2019-05-12 08:00:00.000000'::timestamp, 359),
(717, 45, '2019-05-21 09:00:00.000000'::timestamp, 359),
(718, 36, '2019-06-23 11:00:00.000000'::timestamp, 360),
(719, 57, '2019-05-28 10:00:00.000000'::timestamp, 360),
(720, 58, '2019-05-27 10:00:00.000000'::timestamp, 361),
(721, 49, '2019-05-29 09:00:00.000000'::timestamp, 361),
(722, 26, '2019-06-03 10:00:00.000000'::timestamp, 361),
(723, 30, '2019-06-12 07:00:00.000000'::timestamp, 362),
(724, 34, '2019-06-13 09:00:00.000000'::timestamp, 362),
(725, 4, '2019-05-19 07:00:00.000000'::timestamp, 363),
(726, 17, '2019-05-14 10:00:00.000000'::timestamp, 364),
(727, 53, '2019-05-27 09:00:00.000000'::timestamp, 364),
(728, 61, '2019-05-30 10:00:00.000000'::timestamp, 364),
(729, 27, '2019-06-09 09:00:00.000000'::timestamp, 365),
(730, 55, '2019-05-13 08:00:00.000000'::timestamp, 365),
(731, 54, '2019-06-07 07:00:00.000000'::timestamp, 365),
(732, 52, '2019-06-26 09:00:00.000000'::timestamp, 366),
(733, 57, '2019-06-03 09:00:00.000000'::timestamp, 366),
(734, 30, '2019-06-14 06:00:00.000000'::timestamp, 366),
(735, 49, '2019-06-04 07:00:00.000000'::timestamp, 367),
(736, 16, '2019-05-25 10:00:00.000000'::timestamp, 367),
(737, 16, '2019-05-18 10:00:00.000000'::timestamp, 367),
(738, 12, '2019-05-19 09:00:00.000000'::timestamp, 368),
(739, 56, '2019-05-12 09:00:00.000000'::timestamp, 369),
(740, 61, '2019-05-12 09:00:00.000000'::timestamp, 370),
(741, 10, '2019-05-14 09:00:00.000000'::timestamp, 370),
(742, 45, '2019-05-28 09:00:00.000000'::timestamp, 371),
(743, 17, '2019-05-19 11:00:00.000000'::timestamp, 371),
(744, 18, '2019-05-15 08:00:00.000000'::timestamp, 371),
(745, 39, '2019-05-20 08:00:00.000000'::timestamp, 372),
(746, 49, '2019-06-09 07:00:00.000000'::timestamp, 372),
(747, 48, '2019-06-21 11:00:00.000000'::timestamp, 372),
(748, 27, '2019-06-22 11:00:00.000000'::timestamp, 373),
(749, 44, '2019-05-24 09:00:00.000000'::timestamp, 373),
(750, 65, '2019-06-07 08:00:00.000000'::timestamp, 374),
(751, 29, '2019-05-21 10:00:00.000000'::timestamp, 374),
(752, 35, '2019-05-26 07:00:00.000000'::timestamp, 375),
(753, 19, '2019-05-27 10:00:00.000000'::timestamp, 375),
(754, 61, '2019-05-15 08:00:00.000000'::timestamp, 375),
(755, 16, '2019-05-14 06:00:00.000000'::timestamp, 376),
(756, 31, '2019-05-27 07:00:00.000000'::timestamp, 376),
(757, 38, '2019-05-29 09:00:00.000000'::timestamp, 377),
(758, 26, '2019-05-13 10:00:00.000000'::timestamp, 377),
(759, 16, '2019-06-29 10:00:00.000000'::timestamp, 377),
(760, 51, '2019-05-30 21:00:00.000000'::timestamp, 378),
(761, 27, '2019-06-11 08:00:00.000000'::timestamp, 378),
(762, 16, '2019-06-06 09:00:00.000000'::timestamp, 379),
(763, 13, '2019-05-31 09:00:00.000000'::timestamp, 379),
(764, 15, '2019-06-19 09:00:00.000000'::timestamp, 380),
(765, 15, '2019-06-02 09:00:00.000000'::timestamp, 380),
(766, 6, '2019-05-29 11:00:00.000000'::timestamp, 381),
(767, 65, '2019-05-23 18:00:00.000000'::timestamp, 382),
(768, 9, '2019-05-22 09:00:00.000000'::timestamp, 382),
(769, 9, '2019-05-18 09:00:00.000000'::timestamp, 383),
(770, 6, '2019-05-22 11:00:00.000000'::timestamp, 383),
(771, 29, '2019-06-25 10:00:00.000000'::timestamp, 383),
(772, 31, '2019-06-06 21:00:00.000000'::timestamp, 384),
(773, 60, '2019-05-15 09:00:00.000000'::timestamp, 384),
(774, 25, '2019-06-16 10:00:00.000000'::timestamp, 384),
(775, 27, '2019-06-17 08:00:00.000000'::timestamp, 385),
(776, 28, '2019-05-12 07:00:00.000000'::timestamp, 385),
(777, 2, '2019-05-21 10:00:00.000000'::timestamp, 386),
(778, 36, '2019-06-28 09:00:00.000000'::timestamp, 386),
(779, 59, '2019-06-15 10:00:00.000000'::timestamp, 387),
(780, 11, '2019-06-11 06:00:00.000000'::timestamp, 387),
(781, 27, '2019-06-08 11:00:00.000000'::timestamp, 388),
(782, 57, '2019-05-13 09:00:00.000000'::timestamp, 389),
(783, 5, '2019-05-27 06:00:00.000000'::timestamp, 389),
(784, 65, '2019-06-19 10:00:00.000000'::timestamp, 389),
(785, 60, '2019-05-25 09:00:00.000000'::timestamp, 390),
(786, 65, '2019-06-20 07:00:00.000000'::timestamp, 391),
(787, 44, '2019-05-29 07:00:00.000000'::timestamp, 391),
(788, 25, '2019-06-02 10:00:00.000000'::timestamp, 392),
(789, 27, '2019-06-01 11:00:00.000000'::timestamp, 393),
(790, 27, '2019-05-27 08:00:00.000000'::timestamp, 393),
(791, 28, '2019-06-05 06:00:00.000000'::timestamp, 393),
(792, 57, '2019-06-25 10:00:00.000000'::timestamp, 394),
(793, 9, '2019-05-25 09:00:00.000000'::timestamp, 395),
(794, 27, '2019-06-23 09:00:00.000000'::timestamp, 396),
(795, 34, '2019-06-20 09:00:00.000000'::timestamp, 397),
(796, 53, '2019-06-18 11:00:00.000000'::timestamp, 397),
(797, 59, '2019-06-19 08:00:00.000000'::timestamp, 397),
(798, 26, '2019-06-22 10:00:00.000000'::timestamp, 398),
(799, 22, '2019-06-04 08:00:00.000000'::timestamp, 399),
(800, 67, '2019-06-06 07:00:00.000000'::timestamp, 400);

INSERT INTO seat_reservation(seat, transit_reservation_id) VALUES
(1, 1),
(2, 1),
(3, 1),
(4, 1),
(1, 2),
(2, 2),
(3, 2),
(1, 3),
(2, 3),
(3, 3),
(4, 3),
(5, 3),
(1, 4),
(1, 5),
(2, 5),
(3, 5),
(1, 6),
(2, 6),
(3, 6),
(4, 6),
(5, 6),
(1, 7),
(2, 7),
(3, 7),
(1, 8),
(2, 8),
(3, 8),
(4, 8),
(5, 8),
(1, 9),
(2, 9),
(3, 9),
(4, 9),
(1, 10),
(2, 10),
(3, 10),
(4, 10),
(1, 11),
(1, 12),
(2, 12),
(3, 12),
(1, 13),
(2, 13),
(3, 13),
(4, 13),
(1, 14),
(2, 14),
(3, 14),
(4, 14),
(5, 14),
(1, 15),
(2, 15),
(3, 15),
(1, 16),
(1, 17),
(2, 17),
(3, 17),
(1, 18),
(2, 18),
(3, 18),
(4, 18),
(1, 19),
(1, 20),
(2, 20),
(1, 21),
(2, 21),
(1, 22),
(2, 22),
(3, 22),
(4, 22),
(5, 22),
(1, 23),
(2, 23),
(3, 23),
(4, 23),
(1, 24),
(2, 24),
(3, 24),
(4, 24),
(1, 25),
(2, 25),
(3, 25),
(4, 25),
(1, 26),
(2, 26),
(3, 26),
(4, 26),
(5, 26),
(1, 27),
(2, 27),
(3, 27),
(4, 27),
(5, 27),
(1, 28),
(2, 28),
(1, 29),
(1, 30),
(2, 30),
(3, 30),
(4, 30),
(1, 31),
(2, 31),
(3, 31),
(4, 31),
(1, 32),
(2, 32),
(3, 32),
(1, 33),
(2, 33),
(3, 33),
(1, 34),
(2, 34),
(3, 34),
(4, 34),
(5, 34),
(1, 35),
(2, 35),
(3, 35),
(1, 36),
(2, 36),
(3, 36),
(4, 36),
(1, 37),
(2, 37),
(3, 37),
(1, 38),
(2, 38),
(3, 38),
(4, 38),
(5, 38),
(1, 39),
(1, 40),
(2, 40),
(3, 40),
(4, 40),
(1, 41),
(2, 41),
(3, 41),
(4, 41),
(5, 41),
(1, 42),
(2, 42),
(3, 42),
(1, 43),
(2, 43),
(3, 43),
(4, 43),
(1, 44),
(2, 44),
(3, 44),
(4, 44),
(1, 45),
(2, 45),
(3, 45),
(1, 46),
(1, 47),
(2, 47),
(1, 48),
(2, 48),
(3, 48),
(1, 49),
(2, 49),
(1, 50),
(2, 50),
(3, 50),
(1, 51),
(1, 52),
(2, 52),
(1, 53),
(2, 53),
(3, 53),
(4, 53),
(1, 54),
(2, 54),
(3, 54),
(4, 54),
(1, 55),
(2, 55),
(1, 56),
(2, 56),
(1, 57),
(1, 58),
(2, 58),
(3, 58),
(4, 58),
(5, 58),
(1, 59),
(2, 59),
(3, 59),
(4, 59),
(5, 59),
(1, 60),
(2, 60),
(3, 60),
(4, 60),
(1, 61),
(2, 61),
(3, 61),
(4, 61),
(5, 61),
(1, 62),
(2, 62),
(3, 62),
(1, 63),
(2, 63),
(3, 63),
(4, 63),
(5, 63),
(1, 64),
(1, 65),
(1, 66),
(2, 66),
(3, 66),
(4, 66),
(1, 67),
(2, 67),
(3, 67),
(4, 67),
(5, 67),
(1, 68),
(2, 68),
(3, 68),
(1, 69),
(1, 70),
(2, 70),
(1, 71),
(2, 71),
(3, 71),
(4, 71),
(1, 72),
(2, 72),
(3, 72),
(1, 73),
(1, 74),
(2, 74),
(3, 74),
(1, 75),
(2, 75),
(3, 75),
(4, 75),
(1, 76),
(2, 76),
(3, 76),
(4, 76),
(5, 76),
(1, 77),
(2, 77),
(1, 78),
(2, 78),
(3, 78),
(4, 78),
(5, 78),
(1, 79),
(2, 79),
(3, 79),
(4, 79),
(5, 79),
(1, 80),
(1, 81),
(1, 82),
(2, 82),
(1, 83),
(2, 83),
(3, 83),
(1, 84),
(2, 84),
(1, 85),
(2, 85),
(3, 85),
(4, 85),
(1, 86),
(2, 86),
(3, 86),
(4, 86),
(5, 86),
(1, 87),
(2, 87),
(1, 88),
(2, 88),
(3, 88),
(4, 88),
(5, 88),
(1, 89),
(1, 90),
(2, 90),
(3, 90),
(4, 90),
(1, 91),
(1, 92),
(1, 93),
(2, 93),
(3, 93),
(1, 94),
(2, 94),
(3, 94),
(4, 94),
(5, 94),
(1, 95),
(1, 96),
(2, 96),
(3, 96),
(1, 97),
(2, 97),
(1, 98),
(1, 99),
(2, 99),
(3, 99),
(4, 99),
(5, 99),
(1, 100),
(2, 100),
(3, 100),
(4, 100),
(1, 101),
(2, 101),
(3, 101),
(1, 102),
(2, 102),
(1, 103),
(2, 103),
(3, 103),
(4, 103),
(5, 103),
(1, 104),
(2, 104),
(1, 105),
(1, 106),
(2, 106),
(3, 106),
(4, 106),
(1, 107),
(2, 107),
(1, 108),
(2, 108),
(1, 109),
(2, 109),
(3, 109),
(4, 109),
(5, 109),
(1, 110),
(2, 110),
(3, 110),
(1, 111),
(2, 111),
(3, 111),
(1, 112),
(2, 112),
(3, 112),
(1, 113),
(2, 113),
(3, 113),
(4, 113),
(1, 114),
(2, 114),
(3, 114),
(4, 114),
(5, 114),
(1, 115),
(1, 116),
(1, 117),
(2, 117),
(3, 117),
(4, 117),
(1, 118),
(2, 118),
(3, 118),
(1, 119),
(2, 119),
(3, 119),
(4, 119),
(5, 119),
(1, 120),
(2, 120),
(3, 120),
(4, 120),
(1, 121),
(1, 122),
(1, 123),
(2, 123),
(3, 123),
(4, 123),
(1, 124),
(2, 124),
(3, 124),
(4, 124),
(5, 124),
(1, 125),
(2, 125),
(3, 125),
(4, 125),
(1, 126),
(2, 126),
(3, 126),
(4, 126),
(5, 126),
(1, 127),
(1, 128),
(2, 128),
(3, 128),
(4, 128),
(1, 129),
(2, 129),
(1, 130),
(2, 130),
(3, 130),
(4, 130),
(1, 131),
(2, 131),
(3, 131),
(4, 131),
(1, 132),
(2, 132),
(1, 133),
(2, 133),
(3, 133),
(4, 133),
(5, 133),
(1, 134),
(2, 134),
(3, 134),
(4, 134),
(5, 134),
(1, 135),
(2, 135),
(1, 136),
(2, 136),
(3, 136),
(4, 136),
(5, 136),
(1, 137),
(2, 137),
(3, 137),
(4, 137),
(1, 138),
(2, 138),
(1, 139),
(2, 139),
(3, 139),
(4, 139),
(5, 139),
(1, 140),
(2, 140),
(1, 141),
(2, 141),
(3, 141),
(4, 141),
(5, 141),
(1, 142),
(2, 142),
(1, 143),
(1, 144),
(2, 144),
(1, 145),
(2, 145),
(1, 146),
(1, 147),
(2, 147),
(3, 147),
(4, 147),
(5, 147),
(1, 148),
(1, 149),
(2, 149),
(3, 149),
(1, 150),
(1, 151),
(2, 151),
(1, 152),
(2, 152),
(3, 152),
(4, 152),
(1, 153),
(2, 153),
(3, 153),
(1, 154),
(2, 154),
(3, 154),
(1, 155),
(2, 155),
(1, 156),
(2, 156),
(3, 156),
(1, 157),
(2, 157),
(3, 157),
(1, 158),
(1, 159),
(2, 159),
(3, 159),
(1, 160),
(2, 160),
(3, 160),
(4, 160),
(1, 161),
(2, 161),
(1, 162),
(2, 162),
(3, 162),
(4, 162),
(5, 162),
(1, 163),
(2, 163),
(3, 163),
(4, 163),
(5, 163),
(1, 164),
(1, 165),
(2, 165),
(3, 165),
(1, 166),
(2, 166),
(1, 167),
(2, 167),
(3, 167),
(4, 167),
(5, 167),
(1, 168),
(2, 168),
(1, 169),
(2, 169),
(1, 170),
(2, 170),
(1, 171),
(1, 172),
(2, 172),
(3, 172),
(4, 172),
(1, 173),
(1, 174),
(2, 174),
(3, 174),
(4, 174),
(1, 175),
(2, 175),
(3, 175),
(1, 176),
(2, 176),
(1, 177),
(1, 178),
(2, 178),
(1, 179),
(2, 179),
(1, 180),
(2, 180),
(1, 181),
(2, 181),
(1, 182),
(2, 182),
(3, 182),
(4, 182),
(1, 183),
(1, 184),
(2, 184),
(3, 184),
(1, 185),
(2, 185),
(3, 185),
(4, 185),
(1, 186),
(2, 186),
(3, 186),
(4, 186),
(5, 186),
(1, 187),
(2, 187),
(1, 188),
(1, 189),
(2, 189),
(1, 190),
(2, 190),
(3, 190),
(4, 190),
(5, 190),
(1, 191),
(2, 191),
(3, 191),
(4, 191),
(1, 192),
(1, 193),
(2, 193),
(3, 193),
(4, 193),
(5, 193),
(1, 194),
(2, 194),
(3, 194),
(4, 194),
(5, 194),
(1, 195),
(2, 195),
(3, 195),
(4, 195),
(5, 195),
(1, 196),
(2, 196),
(1, 197),
(2, 197),
(3, 197),
(4, 197),
(1, 198),
(2, 198),
(3, 198),
(1, 199),
(1, 200),
(1, 201),
(2, 201),
(3, 201),
(1, 202),
(2, 202),
(3, 202),
(4, 202),
(5, 202),
(1, 203),
(1, 204),
(2, 204),
(3, 204),
(4, 204),
(5, 204),
(1, 205),
(2, 205),
(1, 206),
(2, 206),
(3, 206),
(4, 206),
(1, 207),
(2, 207),
(3, 207),
(4, 207),
(5, 207),
(1, 208),
(2, 208),
(3, 208),
(1, 209),
(2, 209),
(3, 209),
(4, 209),
(1, 210),
(2, 210),
(1, 211),
(2, 211),
(1, 212),
(2, 212),
(3, 212),
(1, 213),
(1, 214),
(2, 214),
(3, 214),
(4, 214),
(5, 214),
(1, 215),
(2, 215),
(3, 215),
(1, 216),
(1, 217),
(1, 218),
(2, 218),
(3, 218),
(4, 218),
(1, 219),
(2, 219),
(3, 219),
(4, 219),
(5, 219),
(1, 220),
(2, 220),
(3, 220),
(4, 220),
(1, 221),
(2, 221),
(3, 221),
(1, 222),
(1, 223),
(1, 224),
(2, 224),
(3, 224),
(1, 225),
(2, 225),
(3, 225),
(1, 226),
(1, 227),
(2, 227),
(3, 227),
(1, 228),
(2, 228),
(3, 228),
(1, 229),
(2, 229),
(3, 229),
(4, 229),
(5, 229),
(1, 230),
(2, 230),
(3, 230),
(4, 230),
(1, 231),
(2, 231),
(3, 231),
(1, 232),
(2, 232),
(1, 233),
(2, 233),
(1, 234),
(1, 235),
(2, 235),
(3, 235),
(1, 236),
(2, 236),
(3, 236),
(1, 237),
(2, 237),
(3, 237),
(4, 237),
(1, 238),
(2, 238),
(1, 239),
(2, 239),
(3, 239),
(4, 239),
(5, 239),
(1, 240),
(2, 240),
(1, 241),
(2, 241),
(1, 242),
(2, 242),
(3, 242),
(4, 242),
(5, 242),
(1, 243),
(2, 243),
(3, 243),
(4, 243),
(5, 243),
(1, 244),
(2, 244),
(3, 244),
(4, 244),
(1, 245),
(2, 245),
(1, 246),
(2, 246),
(1, 247),
(2, 247),
(1, 248),
(2, 248),
(3, 248),
(4, 248),
(1, 249),
(2, 249),
(3, 249),
(1, 250),
(2, 250),
(3, 250),
(4, 250),
(5, 250),
(1, 251),
(2, 251),
(3, 251),
(4, 251),
(5, 251),
(1, 252),
(2, 252),
(3, 252),
(4, 252),
(5, 252),
(1, 253),
(2, 253),
(3, 253),
(1, 254),
(1, 255),
(2, 255),
(3, 255),
(1, 256),
(1, 257),
(2, 257),
(1, 258),
(2, 258),
(3, 258),
(1, 259),
(2, 259),
(3, 259),
(4, 259),
(5, 259),
(1, 260),
(1, 261),
(2, 261),
(1, 262),
(2, 262),
(3, 262),
(1, 263),
(2, 263),
(3, 263),
(1, 264),
(2, 264),
(3, 264),
(4, 264),
(5, 264),
(1, 265),
(2, 265),
(3, 265),
(4, 265),
(1, 266),
(2, 266),
(1, 267),
(2, 267),
(1, 268),
(2, 268),
(1, 269),
(1, 270),
(2, 270),
(3, 270),
(1, 271),
(2, 271),
(1, 272),
(2, 272),
(3, 272),
(4, 272),
(1, 273),
(2, 273),
(3, 273),
(4, 273),
(5, 273),
(1, 274),
(1, 275),
(1, 276),
(2, 276),
(3, 276),
(4, 276),
(1, 277),
(2, 277),
(3, 277),
(1, 278),
(2, 278),
(3, 278),
(4, 278),
(5, 278),
(1, 279),
(2, 279),
(3, 279),
(4, 279),
(1, 280),
(2, 280),
(3, 280),
(1, 281),
(2, 281),
(3, 281),
(4, 281),
(5, 281),
(1, 282),
(2, 282),
(1, 283),
(1, 284),
(2, 284),
(3, 284),
(4, 284),
(1, 285),
(2, 285),
(3, 285),
(4, 285),
(5, 285),
(1, 286),
(1, 287),
(2, 287),
(3, 287),
(1, 288),
(2, 288),
(3, 288),
(1, 289),
(1, 290),
(2, 290),
(3, 290),
(1, 291),
(2, 291),
(3, 291),
(1, 292),
(2, 292),
(3, 292),
(4, 292),
(1, 293),
(1, 294),
(2, 294),
(3, 294),
(4, 294),
(1, 295),
(2, 295),
(3, 295),
(4, 295),
(1, 296),
(2, 296),
(3, 296),
(1, 297),
(2, 297),
(3, 297),
(4, 297),
(1, 298),
(1, 299),
(2, 299),
(3, 299),
(4, 299),
(5, 299),
(1, 300),
(2, 300),
(1, 301),
(2, 301),
(3, 301),
(4, 301),
(5, 301),
(1, 302),
(2, 302),
(3, 302),
(4, 302),
(5, 302),
(1, 303),
(1, 304),
(1, 305),
(1, 306),
(2, 306),
(3, 306),
(1, 307),
(2, 307),
(3, 307),
(1, 308),
(2, 308),
(3, 308),
(4, 308),
(1, 309),
(1, 310),
(2, 310),
(1, 311),
(1, 312),
(1, 313),
(2, 313),
(1, 314),
(2, 314),
(3, 314),
(4, 314),
(5, 314),
(1, 315),
(2, 315),
(3, 315),
(4, 315),
(5, 315),
(1, 316),
(2, 316),
(3, 316),
(4, 316),
(5, 316),
(1, 317),
(2, 317),
(3, 317),
(4, 317),
(1, 318),
(2, 318),
(3, 318),
(1, 319),
(2, 319),
(3, 319),
(4, 319),
(1, 320),
(2, 320),
(3, 320),
(1, 321),
(2, 321),
(3, 321),
(4, 321),
(1, 322),
(2, 322),
(1, 323),
(2, 323),
(3, 323),
(1, 324),
(2, 324),
(3, 324),
(4, 324),
(5, 324),
(1, 325),
(2, 325),
(1, 326),
(2, 326),
(3, 326),
(4, 326),
(5, 326),
(1, 327),
(2, 327),
(3, 327),
(4, 327),
(5, 327),
(1, 328),
(2, 328),
(3, 328),
(4, 328),
(5, 328),
(1, 329),
(2, 329),
(3, 329),
(1, 330),
(2, 330),
(3, 330),
(4, 330),
(5, 330),
(1, 331),
(2, 331),
(3, 331),
(4, 331),
(1, 332),
(2, 332),
(3, 332),
(4, 332),
(5, 332),
(1, 333),
(2, 333),
(1, 334),
(2, 334),
(3, 334),
(4, 334),
(1, 335),
(2, 335),
(3, 335),
(1, 336),
(2, 336),
(1, 337),
(2, 337),
(1, 338),
(2, 338),
(1, 339),
(1, 340),
(2, 340),
(3, 340),
(4, 340),
(1, 341),
(2, 341),
(3, 341),
(4, 341),
(5, 341),
(1, 342),
(1, 343),
(2, 343),
(3, 343),
(4, 343),
(5, 343),
(1, 344),
(2, 344),
(3, 344),
(1, 345),
(2, 345),
(1, 346),
(2, 346),
(3, 346),
(1, 347),
(2, 347),
(1, 348),
(2, 348),
(1, 349),
(2, 349),
(3, 349),
(4, 349),
(5, 349),
(1, 350),
(1, 351),
(1, 352),
(2, 352),
(3, 352),
(4, 352),
(1, 353),
(2, 353),
(3, 353),
(1, 354),
(2, 354),
(3, 354),
(4, 354),
(1, 355),
(2, 355),
(3, 355),
(4, 355),
(5, 355),
(1, 356),
(2, 356),
(3, 356),
(1, 357),
(2, 357),
(1, 358),
(2, 358),
(3, 358),
(4, 358),
(5, 358),
(1, 359),
(1, 360),
(2, 360),
(3, 360),
(4, 360),
(1, 361),
(2, 361),
(3, 361),
(4, 361),
(5, 361),
(1, 362),
(2, 362),
(1, 363),
(1, 364),
(2, 364),
(3, 364),
(4, 364),
(5, 364),
(1, 365),
(1, 366),
(2, 366),
(3, 366),
(4, 366),
(5, 366),
(1, 367),
(1, 368),
(1, 369),
(2, 369),
(1, 370),
(2, 370),
(3, 370),
(4, 370),
(1, 371),
(2, 371),
(3, 371),
(1, 372),
(2, 372),
(3, 372),
(4, 372),
(5, 372),
(1, 373),
(2, 373),
(1, 374),
(2, 374),
(1, 375),
(2, 375),
(3, 375),
(4, 375),
(1, 376),
(2, 376),
(1, 377),
(2, 377),
(1, 378),
(2, 378),
(3, 378),
(4, 378),
(1, 379),
(2, 379),
(3, 379),
(4, 379),
(1, 380),
(2, 380),
(3, 380),
(4, 380),
(1, 381),
(1, 382),
(2, 382),
(3, 382),
(4, 382),
(1, 383),
(2, 383),
(3, 383),
(4, 383),
(1, 384),
(2, 384),
(3, 384),
(4, 384),
(5, 384),
(1, 385),
(2, 385),
(3, 385),
(4, 385),
(1, 386),
(2, 386),
(1, 387),
(2, 387),
(1, 388),
(2, 388),
(3, 388),
(1, 389),
(2, 389),
(3, 389),
(1, 390),
(2, 390),
(3, 390),
(4, 390),
(5, 390),
(1, 391),
(2, 391),
(3, 391),
(1, 392),
(1, 393),
(2, 393),
(3, 393),
(4, 393),
(1, 394),
(2, 394),
(3, 394),
(4, 394),
(1, 395),
(2, 395),
(3, 395),
(1, 396),
(2, 396),
(1, 397),
(2, 397),
(3, 397),
(1, 398),
(2, 398),
(1, 399),
(2, 399),
(1, 400),
(1, 401),
(2, 401),
(1, 402),
(2, 402),
(3, 402),
(1, 403),
(2, 403),
(1, 404),
(2, 404),
(3, 404),
(4, 404),
(5, 404),
(1, 405),
(2, 405),
(3, 405),
(4, 405),
(1, 406),
(2, 406),
(3, 406),
(1, 407),
(2, 407),
(3, 407),
(4, 407),
(5, 407),
(1, 408),
(2, 408),
(3, 408),
(4, 408),
(5, 408),
(1, 409),
(1, 410),
(2, 410),
(1, 411),
(1, 412),
(2, 412),
(3, 412),
(4, 412),
(5, 412),
(1, 413),
(2, 413),
(3, 413),
(4, 413),
(1, 414),
(2, 414),
(3, 414),
(4, 414),
(1, 415),
(2, 415),
(3, 415),
(4, 415),
(5, 415),
(1, 416),
(2, 416),
(3, 416),
(4, 416),
(5, 416),
(1, 417),
(1, 418),
(2, 418),
(3, 418),
(1, 419),
(2, 419),
(3, 419),
(1, 420),
(2, 420),
(1, 421),
(1, 422),
(2, 422),
(3, 422),
(4, 422),
(1, 423),
(2, 423),
(3, 423),
(4, 423),
(1, 424),
(2, 424),
(1, 425),
(2, 425),
(1, 426),
(1, 427),
(2, 427),
(1, 428),
(2, 428),
(1, 429),
(2, 429),
(1, 430),
(2, 430),
(3, 430),
(4, 430),
(1, 431),
(2, 431),
(1, 432),
(2, 432),
(1, 433),
(1, 434),
(2, 434),
(3, 434),
(4, 434),
(1, 435),
(2, 435),
(3, 435),
(4, 435),
(1, 436),
(2, 436),
(3, 436),
(1, 437),
(1, 438),
(1, 439),
(2, 439),
(3, 439),
(4, 439),
(5, 439),
(1, 440),
(1, 441),
(2, 441),
(3, 441),
(4, 441),
(5, 441),
(1, 442),
(1, 443),
(2, 443),
(3, 443),
(1, 444),
(2, 444),
(3, 444),
(4, 444),
(5, 444),
(1, 445),
(1, 446),
(2, 446),
(3, 446),
(4, 446),
(5, 446),
(1, 447),
(2, 447),
(3, 447),
(4, 447),
(1, 448),
(2, 448),
(3, 448),
(1, 449),
(1, 450),
(1, 451),
(2, 451),
(3, 451),
(4, 451),
(5, 451),
(1, 452),
(2, 452),
(1, 453),
(1, 454),
(1, 455),
(2, 455),
(3, 455),
(1, 456),
(2, 456),
(3, 456),
(4, 456),
(1, 457),
(2, 457),
(1, 458),
(2, 458),
(3, 458),
(1, 459),
(2, 459),
(1, 460),
(2, 460),
(3, 460),
(4, 460),
(5, 460),
(1, 461),
(2, 461),
(3, 461),
(1, 462),
(1, 463),
(2, 463),
(3, 463),
(4, 463),
(5, 463),
(1, 464),
(2, 464),
(3, 464),
(1, 465),
(2, 465),
(3, 465),
(4, 465),
(5, 465),
(1, 466),
(1, 467),
(2, 467),
(3, 467),
(1, 468),
(2, 468),
(1, 469),
(2, 469),
(3, 469),
(1, 470),
(2, 470),
(1, 471),
(2, 471),
(1, 472),
(1, 473),
(2, 473),
(3, 473),
(4, 473),
(5, 473),
(1, 474),
(1, 475),
(2, 475),
(3, 475),
(4, 475),
(1, 476),
(1, 477),
(2, 477),
(1, 478),
(2, 478),
(3, 478),
(4, 478),
(1, 479),
(2, 479),
(3, 479),
(4, 479),
(1, 480),
(2, 480),
(3, 480),
(4, 480),
(1, 481),
(1, 482),
(2, 482),
(3, 482),
(4, 482),
(5, 482),
(1, 483),
(2, 483),
(3, 483),
(4, 483),
(5, 483),
(1, 484),
(2, 484),
(1, 485),
(2, 485),
(3, 485),
(1, 486),
(2, 486),
(3, 486),
(1, 487),
(2, 487),
(3, 487),
(4, 487),
(5, 487),
(1, 488),
(2, 488),
(3, 488),
(4, 488),
(5, 488),
(1, 489),
(2, 489),
(1, 490),
(1, 491),
(2, 491),
(3, 491),
(1, 492),
(2, 492),
(1, 493),
(1, 494),
(1, 495),
(2, 495),
(3, 495),
(4, 495),
(5, 495),
(1, 496),
(2, 496),
(1, 497),
(2, 497),
(3, 497),
(4, 497),
(5, 497),
(1, 498),
(1, 499),
(2, 499),
(3, 499),
(4, 499),
(5, 499),
(1, 500),
(2, 500),
(1, 501),
(2, 501),
(3, 501),
(1, 502),
(2, 502),
(1, 503),
(1, 504),
(1, 505),
(2, 505),
(3, 505),
(4, 505),
(1, 506),
(2, 506),
(3, 506),
(1, 507),
(2, 507),
(1, 508),
(1, 509),
(2, 509),
(1, 510),
(2, 510),
(3, 510),
(4, 510),
(5, 510),
(1, 511),
(1, 512),
(2, 512),
(3, 512),
(4, 512),
(1, 513),
(2, 513),
(3, 513),
(4, 513),
(1, 514),
(2, 514),
(3, 514),
(4, 514),
(5, 514),
(1, 515),
(2, 515),
(3, 515),
(1, 516),
(1, 517),
(2, 517),
(1, 518),
(2, 518),
(1, 519),
(1, 520),
(2, 520),
(1, 521),
(2, 521),
(3, 521),
(4, 521),
(5, 521),
(1, 522),
(2, 522),
(3, 522),
(1, 523),
(1, 524),
(2, 524),
(3, 524),
(1, 525),
(2, 525),
(3, 525),
(1, 526),
(2, 526),
(3, 526),
(4, 526),
(1, 527),
(2, 527),
(1, 528),
(1, 529),
(2, 529),
(3, 529),
(1, 530),
(2, 530),
(3, 530),
(4, 530),
(5, 530),
(1, 531),
(1, 532),
(1, 533),
(2, 533),
(3, 533),
(4, 533),
(5, 533),
(1, 534),
(2, 534),
(3, 534),
(1, 535),
(1, 536),
(2, 536),
(3, 536),
(1, 537),
(2, 537),
(3, 537),
(4, 537),
(5, 537),
(1, 538),
(2, 538),
(3, 538),
(4, 538),
(5, 538),
(1, 539),
(2, 539),
(3, 539),
(4, 539),
(5, 539),
(1, 540),
(2, 540),
(3, 540),
(4, 540),
(5, 540),
(1, 541),
(2, 541),
(3, 541),
(4, 541),
(1, 542),
(2, 542),
(3, 542),
(4, 542),
(1, 543),
(1, 544),
(2, 544),
(1, 545),
(2, 545),
(1, 546),
(2, 546),
(3, 546),
(1, 547),
(2, 547),
(1, 548),
(2, 548),
(3, 548),
(4, 548),
(1, 549),
(1, 550),
(2, 550),
(3, 550),
(1, 551),
(2, 551),
(1, 552),
(2, 552),
(1, 553),
(2, 553),
(1, 554),
(2, 554),
(1, 555),
(2, 555),
(1, 556),
(2, 556),
(1, 557),
(2, 557),
(3, 557),
(4, 557),
(5, 557),
(1, 558),
(2, 558),
(1, 559),
(2, 559),
(3, 559),
(4, 559),
(5, 559),
(1, 560),
(2, 560),
(3, 560),
(4, 560),
(1, 561),
(2, 561),
(3, 561),
(4, 561),
(5, 561),
(1, 562),
(1, 563),
(1, 564),
(2, 564),
(3, 564),
(1, 565),
(2, 565),
(3, 565),
(4, 565),
(5, 565),
(1, 566),
(1, 567),
(2, 567),
(1, 568),
(2, 568),
(3, 568),
(4, 568),
(5, 568),
(1, 569),
(2, 569),
(1, 570),
(2, 570),
(1, 571),
(1, 572),
(1, 573),
(2, 573),
(1, 574),
(1, 575),
(2, 575),
(3, 575),
(4, 575),
(1, 576),
(2, 576),
(1, 577),
(2, 577),
(3, 577),
(1, 578),
(2, 578),
(3, 578),
(1, 579),
(1, 580),
(2, 580),
(3, 580),
(1, 581),
(2, 581),
(3, 581),
(4, 581),
(5, 581),
(1, 582),
(2, 582),
(3, 582),
(4, 582),
(1, 583),
(2, 583),
(1, 584),
(2, 584),
(3, 584),
(1, 585),
(1, 586),
(2, 586),
(3, 586),
(1, 587),
(2, 587),
(3, 587),
(1, 588),
(2, 588),
(1, 589),
(2, 589),
(3, 589),
(4, 589),
(1, 590),
(2, 590),
(3, 590),
(4, 590),
(1, 591),
(2, 591),
(3, 591),
(4, 591),
(1, 592),
(2, 592),
(3, 592),
(4, 592),
(1, 593),
(2, 593),
(3, 593),
(4, 593),
(5, 593),
(1, 594),
(2, 594),
(3, 594),
(4, 594),
(5, 594),
(1, 595),
(1, 596),
(2, 596),
(3, 596),
(4, 596),
(1, 597),
(2, 597),
(3, 597),
(4, 597),
(1, 598),
(2, 598),
(3, 598),
(4, 598),
(1, 599),
(2, 599),
(3, 599),
(1, 600),
(2, 600),
(3, 600),
(4, 600),
(1, 601),
(2, 601),
(1, 602),
(2, 602),
(3, 602),
(1, 603),
(2, 603),
(3, 603),
(4, 603),
(5, 603),
(1, 604),
(2, 604),
(3, 604),
(4, 604),
(1, 605),
(2, 605),
(3, 605),
(4, 605),
(5, 605),
(1, 606),
(2, 606),
(3, 606),
(4, 606),
(1, 607),
(2, 607),
(3, 607),
(1, 608),
(2, 608),
(3, 608),
(1, 609),
(2, 609),
(3, 609),
(4, 609),
(1, 610),
(2, 610),
(3, 610),
(4, 610),
(5, 610),
(1, 611),
(2, 611),
(3, 611),
(4, 611),
(5, 611),
(1, 612),
(2, 612),
(3, 612),
(4, 612),
(1, 613),
(2, 613),
(3, 613),
(4, 613),
(1, 614),
(2, 614),
(3, 614),
(1, 615),
(1, 616),
(2, 616),
(3, 616),
(4, 616),
(1, 617),
(2, 617),
(3, 617),
(4, 617),
(1, 618),
(2, 618),
(3, 618),
(4, 618),
(5, 618),
(1, 619),
(1, 620),
(1, 621),
(1, 622),
(2, 622),
(3, 622),
(4, 622),
(5, 622),
(1, 623),
(2, 623),
(1, 624),
(2, 624),
(1, 625),
(1, 626),
(2, 626),
(3, 626),
(4, 626),
(5, 626),
(1, 627),
(2, 627),
(3, 627),
(4, 627),
(1, 628),
(2, 628),
(3, 628),
(4, 628),
(5, 628),
(1, 629),
(1, 630),
(2, 630),
(3, 630),
(1, 631),
(2, 631),
(3, 631),
(1, 632),
(2, 632),
(3, 632),
(4, 632),
(5, 632),
(1, 633),
(2, 633),
(3, 633),
(1, 634),
(2, 634),
(1, 635),
(1, 636),
(2, 636),
(1, 637),
(2, 637),
(3, 637),
(4, 637),
(1, 638),
(1, 639),
(1, 640),
(2, 640),
(3, 640),
(1, 641),
(2, 641),
(3, 641),
(4, 641),
(1, 642),
(2, 642),
(1, 643),
(2, 643),
(1, 644),
(2, 644),
(3, 644),
(1, 645),
(2, 645),
(3, 645),
(4, 645),
(5, 645),
(1, 646),
(1, 647),
(1, 648),
(2, 648),
(3, 648),
(1, 649),
(2, 649),
(3, 649),
(1, 650),
(2, 650),
(1, 651),
(2, 651),
(3, 651),
(4, 651),
(5, 651),
(1, 652),
(2, 652),
(3, 652),
(4, 652),
(5, 652),
(1, 653),
(2, 653),
(1, 654),
(2, 654),
(3, 654),
(4, 654),
(5, 654),
(1, 655),
(2, 655),
(3, 655),
(4, 655),
(1, 656),
(2, 656),
(3, 656),
(4, 656),
(1, 657),
(2, 657),
(3, 657),
(1, 658),
(2, 658),
(1, 659),
(2, 659),
(3, 659),
(1, 660),
(2, 660),
(3, 660),
(1, 661),
(2, 661),
(3, 661),
(4, 661),
(5, 661),
(1, 662),
(2, 662),
(3, 662),
(1, 663),
(2, 663),
(1, 664),
(1, 665),
(2, 665),
(3, 665),
(1, 666),
(1, 667),
(2, 667),
(3, 667),
(1, 668),
(2, 668),
(3, 668),
(4, 668),
(1, 669),
(2, 669),
(3, 669),
(1, 670),
(2, 670),
(3, 670),
(1, 671),
(1, 672),
(2, 672),
(1, 673),
(2, 673),
(3, 673),
(1, 674),
(1, 675),
(2, 675),
(3, 675),
(4, 675),
(5, 675),
(1, 676),
(2, 676),
(3, 676),
(4, 676),
(1, 677),
(1, 678),
(2, 678),
(3, 678),
(4, 678),
(1, 679),
(2, 679),
(3, 679),
(1, 680),
(2, 680),
(1, 681),
(2, 681),
(3, 681),
(1, 682),
(2, 682),
(3, 682),
(4, 682),
(5, 682),
(1, 683),
(1, 684),
(2, 684),
(1, 685),
(2, 685),
(3, 685),
(4, 685),
(5, 685),
(1, 686),
(1, 687),
(2, 687),
(1, 688),
(1, 689),
(2, 689),
(3, 689),
(4, 689),
(5, 689),
(1, 690),
(2, 690),
(3, 690),
(4, 690),
(1, 691),
(1, 692),
(2, 692),
(3, 692),
(1, 693),
(2, 693),
(3, 693),
(4, 693),
(1, 694),
(2, 694),
(3, 694),
(1, 695),
(2, 695),
(3, 695),
(4, 695),
(1, 696),
(2, 696),
(3, 696),
(4, 696),
(5, 696),
(1, 697),
(2, 697),
(1, 698),
(1, 699),
(1, 700),
(1, 701),
(2, 701),
(3, 701),
(4, 701),
(1, 702),
(2, 702),
(3, 702),
(1, 703),
(1, 704),
(1, 705),
(2, 705),
(3, 705),
(1, 706),
(2, 706),
(3, 706),
(4, 706),
(5, 706),
(1, 707),
(2, 707),
(3, 707),
(4, 707),
(5, 707),
(1, 708),
(2, 708),
(3, 708),
(4, 708),
(5, 708),
(1, 709),
(2, 709),
(1, 710),
(1, 711),
(2, 711),
(3, 711),
(4, 711),
(5, 711),
(1, 712),
(2, 712),
(3, 712),
(4, 712),
(1, 713),
(2, 713),
(1, 714),
(1, 715),
(1, 716),
(2, 716),
(1, 717),
(2, 717),
(1, 718),
(2, 718),
(3, 718),
(1, 719),
(2, 719),
(3, 719),
(1, 720),
(2, 720),
(3, 720),
(4, 720),
(5, 720),
(1, 721),
(2, 721),
(1, 722),
(2, 722),
(3, 722),
(1, 723),
(1, 724),
(2, 724),
(3, 724),
(1, 725),
(2, 725),
(3, 725),
(4, 725),
(5, 725),
(1, 726),
(2, 726),
(1, 727),
(2, 727),
(3, 727),
(1, 728),
(2, 728),
(3, 728),
(4, 728),
(5, 728),
(1, 729),
(1, 730),
(2, 730),
(3, 730),
(4, 730),
(1, 731),
(1, 732),
(2, 732),
(1, 733),
(2, 733),
(3, 733),
(1, 734),
(2, 734),
(3, 734),
(1, 735),
(2, 735),
(1, 736),
(2, 736),
(3, 736),
(4, 736),
(1, 737),
(2, 737),
(3, 737),
(1, 738),
(2, 738),
(3, 738),
(4, 738),
(5, 738),
(1, 739),
(2, 739),
(3, 739),
(4, 739),
(1, 740),
(2, 740),
(3, 740),
(4, 740),
(1, 741),
(1, 742),
(2, 742),
(3, 742),
(1, 743),
(1, 744),
(1, 745),
(2, 745),
(3, 745),
(4, 745),
(5, 745),
(1, 746),
(1, 747),
(2, 747),
(3, 747),
(4, 747),
(1, 748),
(2, 748),
(3, 748),
(1, 749),
(2, 749),
(3, 749),
(4, 749),
(1, 750),
(2, 750),
(3, 750),
(4, 750),
(5, 750),
(1, 751),
(2, 751),
(1, 752),
(1, 753),
(2, 753),
(3, 753),
(1, 754),
(2, 754),
(3, 754),
(4, 754),
(1, 755),
(2, 755),
(3, 755),
(1, 756),
(2, 756),
(3, 756),
(1, 757),
(2, 757),
(1, 758),
(2, 758),
(1, 759),
(2, 759),
(3, 759),
(1, 760),
(1, 761),
(2, 761),
(1, 762),
(1, 763),
(1, 764),
(2, 764),
(3, 764),
(1, 765),
(2, 765),
(3, 765),
(4, 765),
(5, 765),
(1, 766),
(2, 766),
(1, 767),
(2, 767),
(1, 768),
(1, 769),
(2, 769),
(3, 769),
(4, 769),
(5, 769),
(1, 770),
(2, 770),
(3, 770),
(1, 771),
(2, 771),
(3, 771),
(4, 771),
(1, 772),
(2, 772),
(3, 772),
(4, 772),
(5, 772),
(1, 773),
(2, 773),
(3, 773),
(1, 774),
(2, 774),
(1, 775),
(2, 775),
(1, 776),
(2, 776),
(3, 776),
(4, 776),
(5, 776),
(1, 777),
(2, 777),
(3, 777),
(4, 777),
(5, 777),
(1, 778),
(2, 778),
(3, 778),
(4, 778),
(5, 778),
(1, 779),
(2, 779),
(3, 779),
(4, 779),
(1, 780),
(2, 780),
(3, 780),
(4, 780),
(5, 780),
(1, 781),
(2, 781),
(3, 781),
(4, 781),
(5, 781),
(1, 782),
(1, 783),
(2, 783),
(3, 783),
(1, 784),
(2, 784),
(3, 784),
(4, 784),
(1, 785),
(2, 785),
(3, 785),
(1, 786),
(1, 787),
(2, 787),
(3, 787),
(1, 788),
(2, 788),
(3, 788),
(4, 788),
(5, 788),
(1, 789),
(2, 789),
(3, 789),
(1, 790),
(2, 790),
(3, 790),
(1, 791),
(2, 791),
(3, 791),
(1, 792),
(2, 792),
(3, 792),
(4, 792),
(1, 793),
(2, 793),
(3, 793),
(1, 794),
(1, 795),
(2, 795),
(3, 795),
(4, 795),
(1, 796),
(2, 796),
(3, 796),
(4, 796),
(5, 796),
(1, 797),
(2, 797),
(3, 797),
(4, 797),
(1, 798),
(2, 798),
(3, 798),
(1, 799),
(2, 799),
(3, 799),
(1, 800);
