-- noinspection SpellCheckingInspectionForFile

-- noinspection SqlResolveForFile

-- exemplary data
INSERT INTO cities (id, name, rating, average_price, country) VALUES
(1, 'Krakow', 4.27, 74, 'Poland'), --
(2, 'Mozyr', 3.00, 30, 'Belarus'), --
(3, 'Poznan', 3.20, 49, 'Poland'), --
(4, 'Warszawa', 3.94, 88, 'Poland'),--
(5, 'Lodz', 2.20, 52, 'Poland'), --
(6, 'Gdansk', 3.20, 50, 'Poland'),--
(7, 'Szczecin', 2.40, 44, 'Poland'),--
(8, 'Bydgoszcz', 2.10, 44, 'Poland'),--
(9, 'Lublin', 3.12, 46, 'Poland'), --
(10, 'Bialystok', 2.4, 41, 'Poland'),--
(11, 'Wroclaw', 3.03, 42, 'Poland'), --
(12, 'Vienna', 4.12, 110, 'Austria'), --
(13, 'Prague', 4.03, 100, 'Czech'), --
(14, 'Berlin', 3.94, 118, 'Germany'),--
(15, 'Budapest', 3.88, 88, 'Hungary'), --
(16, 'Kiev', 3.31, 77, 'Ukraine'), --
(17, 'Lvov', 3.10, 69, 'Ukraine'), --
(18, 'Vilnius', 3.90, 85, 'Latvia'), --
(19, 'Moscow', 4.44, 90, 'Russia'), --
(20, 'Copenhagen', 4.55, 155, 'Denmark'), --
(21, 'Paris', 4.59, 172, 'France'), --
(22, 'Milan', 4.28, 121, 'Italy'), --
(23, 'Zagreb', 4.10, 92, 'Croatia'), --
(24, 'Munich', 3.59, 101, 'Germany'),--
(25, 'Minsk', 4.33, 55, 'Belarus'),
(26, 'Katowice', 4.22, 74, 'Poland'), --
(27, 'Kielce', 2.78, 50, 'Poland'), --
(28, 'Olsztyn', 3.9, 64, 'Poland'), --
(29, 'Rzeszow', 4.1, 48, 'Poland'), --
(30, 'Torun', 4.3, 51, 'Poland'); --

-- stops data
INSERT INTO bus_stops(id, stop_name, city) VALUES
(1, 'Dworzec autobusowy w Białymstoku', 10),
(2, 'Dworzec autobusowy w Bydgoszczy', 8),
(3, 'Dworzec PKS Gdańsk', 6),
(4, 'Dworzec autobusowy w Katowicach', 26),
(5, 'Dworzec PKS w Kielcach', 27),
(6, 'Dworzec MDA w Krakowie', 1),
(7, 'Dworzec autobusowy w Lublinie', 9),
(8, 'Dworzec autobusowy Centralny w Łodzi', 5),
(9, 'Dworzec autobusowy Łódź Kaliska', 5),
(10, 'Dworzec autobusowy w Olsztynie', 28),
(11, 'Dworzec autobusowy w Poznaniu', 3),
(12, 'Dworzec autobusowy w Rzeszowie', 29),
(13, 'Dworzec autobusowy w Szczecinie', 7),
(14, 'Dworzec autobusowy w Toruniu', 30), --
(15, 'Dworzec PKS w Toruniu', 30), --
(16, 'Dworzec autobusowy Warszawa Stadion', 4), --
(17, 'Dworzec autobusowy Warszawa Zachodnia', 4), --
(18, 'Dworzec Wrocław', 11), --
(19, 'Kiev Central Bus Station', 16), --
(20, 'Lviv bus station', 17), --
(21, 'Zentraler Omnibusbahnhof Berlin', 14), --
(22, 'Zentraler Omnibusbahnhof München', 24), --
(23, 'Avtovokzal Mazyr', 2), --
(24, 'Vienna International Busterminal', 12), --
(25, 'Vienna bu station', 12), --
(26, 'Praha Florenc', 13), --
(27, 'Budapest bus station', 15), --
(28, 'Vilnius Bus Station', 18), --
(29, 'Moscow-Butyrskaya Station', 19), --
(30, 'Kurskiy Railway Station', 20), --
(31, 'Copenhagen Central Station', 20), --
(32, 'Porte Maillot', 21), --
(33, 'BUS Milan central station', 22), --
(34, 'Zagreb Bus Station', 23), --
(35, 'Central Bus Terminals', 25);

-- users data
INSERT INTO new_users(username, email_address, password, name, surname) VALUES
('admin1', 'admin1@example.com', 'admin1', 'Łukasz', 'Selwa'),
('Thomas_Mathis0', 'thomas.mathis@example.com', '111111', 'Thomas', 'Mathis'),
('Piers_King1', 'piers.king@example.com', '2000', 'Piers', 'King'),
('Sonia_Allan2', 'sonia.allan@example.com', '159753', 'Sonia', 'Allan'),
('Phil_Arnold3', 'phil.arnold@example.com', '112233', 'Phil', 'Arnold'),
('Una_Wright4', 'una.wright@example.com', '000000', 'Una', 'Wright'),
('Andrea_Fraser5', 'andrea.fraser@example.com', 'maggie', 'Andrea', 'Fraser'),
('Julian_Davies6', 'julian.davies@example.com', 'andrew', 'Julian', 'Davies'),
('Isaac_Lee7', 'isaac.lee@example.com', 'cheese', 'Isaac', 'Lee'),
('Julia_White8', 'julia.white@example.com', '1234567890', 'Julia', 'White'),
('Isaac_Dickens9', 'isaac.dickens@example.com', 'dragon', 'Isaac', 'Dickens'),
('Wanda_Butler10', 'wanda.butler@example.com', 'buster', 'Wanda', 'Butler'),
('Max_Bailey11', 'max.bailey@example.com', 'zxcvbn', 'Max', 'Bailey'),
('Ella_Skinner12', 'ella.skinner@example.com', 'austin', 'Ella', 'Skinner'),
('Peter_Blake13', 'peter.blake@example.com', 'harley', 'Peter', 'Blake'),
('Sean_Mills14', 'sean.mills@example.com', 'matthew', 'Sean', 'Mills'),
('Adam_Thomson15', 'adam.thomson@example.com', 'qwerty', 'Adam', 'Thomson'),
('Amanda_Fraser16', 'amanda.fraser@example.com', '1qaz2wsx', 'Amanda', 'Fraser'),
('Faith_Wright17', 'faith.wright@example.com', '121212', 'Faith', 'Wright'),
('Christian_Alsop18', 'christian.alsop@example.com', 'buster', 'Christian', 'Alsop'),
('Michael_Fraser19', 'michael.fraser@example.com', 'abc123', 'Michael', 'Fraser'),
('Gavin_Metcalfe20', 'gavin.metcalfe@example.com', 'qwerty', 'Gavin', 'Metcalfe'),
('Madeleine_Thomson21', 'madeleine.thomson@example.com', 'freedom', 'Madeleine', 'Thomson'),
('Keith_Vance22', 'keith.vance@example.com', 'dragon', 'Keith', 'Vance'),
('Boris_North23', 'boris.north@example.com', 'klaster', 'Boris', 'North'),
('Nicola_Marshall24', 'nicola.marshall@example.com', 'computer', 'Nicola', 'Marshall'),
('Una_MacLeod25', 'una.macleod@example.com', 'killer', 'Una', 'MacLeod'),
('Penelope_Russell26', 'penelope.russell@example.com', 'martin', 'Penelope', 'Russell'),
('Jason_Greene27', 'jason.greene@example.com', 'cheese', 'Jason', 'Greene'),
('Nicola_Churchill28', 'nicola.churchill@example.com', '696969', 'Nicola', 'Churchill'),
('Tim_Kelly29', 'tim.kelly@example.com', 'jordan', 'Tim', 'Kelly'),
('Joseph_Black30', 'joseph.black@example.com', 'corvette', 'Joseph', 'Black'),
('Felicity_Avery31', 'felicity.avery@example.com', 'superman', 'Felicity', 'Avery'),
('Julia_Welch32', 'julia.welch@example.com', 'abc123', 'Julia', 'Welch'),
('Sally_Jackson33', 'sally.jackson@example.com', '11111111', 'Sally', 'Jackson'),
('Tracey_MacLeod34', 'tracey.macleod@example.com', '123123', 'Tracey', 'MacLeod'),
('Stewart_Bell35', 'stewart.bell@example.com', 'killer', 'Stewart', 'Bell'),
('Kylie_Henderson36', 'kylie.henderson@example.com', 'amanda', 'Kylie', 'Henderson'),
('Bella_Ball37', 'bella.ball@example.com', '2000', 'Bella', 'Ball'),
('Grace_Oliver38', 'grace.oliver@example.com', 'amanda', 'Grace', 'Oliver'),
('Carolyn_Hughes39', 'carolyn.hughes@example.com', '123321', 'Carolyn', 'Hughes'),
('Madeleine_Gray40', 'madeleine.gray@example.com', '11111111', 'Madeleine', 'Gray'),
('Kimberly_Ogden41', 'kimberly.ogden@example.com', 'maggie', 'Kimberly', 'Ogden'),
('Madeleine_Peake42', 'madeleine.peake@example.com', 'thunder', 'Madeleine', 'Peake'),
('Leah_Clarkson43', 'leah.clarkson@example.com', 'jennifer', 'Leah', 'Clarkson'),
('Adrian_Gill44', 'adrian.gill@example.com', 'chelsea', 'Adrian', 'Gill'),
('Christian_Gibson45', 'christian.gibson@example.com', 'tigger', 'Christian', 'Gibson'),
('Donna_Lawrence46', 'donna.lawrence@example.com', '7777777', 'Donna', 'Lawrence'),
('Mary_Martin47', 'mary.martin@example.com', 'dallas', 'Mary', 'Martin'),
('Andrew_Jackson48', 'andrew.jackson@example.com', 'taylor', 'Andrew', 'Jackson'),
('Una_Campbell49', 'una.campbell@example.com', 'klaster', 'Una', 'Campbell'),
('Amanda_Sanderson50', 'amanda.sanderson@example.com', 'password', 'Amanda', 'Sanderson'),
('Claire_Marshall51', 'claire.marshall@example.com', 'hockey', 'Claire', 'Marshall'),
('Ruth_Taylor52', 'ruth.taylor@example.com', '1234567', 'Ruth', 'Taylor'),
('Carol_Edmunds53', 'carol.edmunds@example.com', 'andrew', 'Carol', 'Edmunds'),
('Bella_Anderson54', 'bella.anderson@example.com', '131313', 'Bella', 'Anderson'),
('Luke_Henderson55', 'luke.henderson@example.com', '987654321', 'Luke', 'Henderson'),
('Amelia_Parr56', 'amelia.parr@example.com', 'michael', 'Amelia', 'Parr'),
('Lisa_Chapman57', 'lisa.chapman@example.com', 'william', 'Lisa', 'Chapman'),
('Stephanie_Rees58', 'stephanie.rees@example.com', '000000', 'Stephanie', 'Rees'),
('Emma_Simpson59', 'emma.simpson@example.com', 'qwerty', 'Emma', 'Simpson'),
('Lily_Johnston60', 'lily.johnston@example.com', 'mustang', 'Lily', 'Johnston'),
('Nathan_Dyer61', 'nathan.dyer@example.com', '555555', 'Nathan', 'Dyer'),
('Isaac_Allan62', 'isaac.allan@example.com', '2000', 'Isaac', 'Allan'),
('Keith_Davidson63', 'keith.davidson@example.com', 'michael', 'Keith', 'Davidson'),
('Mary_Morgan64', 'mary.morgan@example.com', 'password', 'Mary', 'Morgan'),
('Liam_Springer65', 'liam.springer@example.com', 'hockey', 'Liam', 'Springer'),
('Zoe_Jones66', 'zoe.jones@example.com', 'joshua', 'Zoe', 'Jones'),
('Leah_Allan67', 'leah.allan@example.com', '1234567', 'Leah', 'Allan'),
('Lucas_Wright68', 'lucas.wright@example.com', '7777777', 'Lucas', 'Wright'),
('Jennifer_Coleman69', 'jennifer.coleman@example.com', 'killer', 'Jennifer', 'Coleman'),
('Ella_Smith70', 'ella.smith@example.com', 'hello', 'Ella', 'Smith'),
('Rebecca_King71', 'rebecca.king@example.com', 'love', 'Rebecca', 'King'),
('Anna_Gibson72', 'anna.gibson@example.com', 'jordan', 'Anna', 'Gibson'),
('Natalie_Simpson73', 'natalie.simpson@example.com', 'football', 'Natalie', 'Simpson'),
('Trevor_Campbell74', 'trevor.campbell@example.com', 'zxcvbn', 'Trevor', 'Campbell'),
('Felicity_Rees75', 'felicity.rees@example.com', 'monkey', 'Felicity', 'Rees'),
('Benjamin_Alsop76', 'benjamin.alsop@example.com', 'pepper', 'Benjamin', 'Alsop'),
('Piers_Churchill77', 'piers.churchill@example.com', 'jennifer', 'Piers', 'Churchill'),
('John_Clark78', 'john.clark@example.com', '654321', 'John', 'Clark'),
('Alan_Alsop79', 'alan.alsop@example.com', 'freedom', 'Alan', 'Alsop'),
('Joan_Sharp80', 'joan.sharp@example.com', 'letmein', 'Joan', 'Sharp'),
('Anthony_Mackenzie81', 'anthony.mackenzie@example.com', 'taylor', 'Anthony', 'Mackenzie'),
('Isaac_Clarkson82', 'isaac.clarkson@example.com', '121212', 'Isaac', 'Clarkson'),
('Christopher_Berry83', 'christopher.berry@example.com', 'password', 'Christopher', 'Berry'),
('Rose_Randall84', 'rose.randall@example.com', 'shadow', 'Rose', 'Randall'),
('Alison_Taylor85', 'alison.taylor@example.com', 'matrix', 'Alison', 'Taylor'),
('Joseph_Fraser86', 'joseph.fraser@example.com', '12345', 'Joseph', 'Fraser'),
('Audrey_Sharp87', 'audrey.sharp@example.com', '123456789', 'Audrey', 'Sharp'),
('Blake_Wright88', 'blake.wright@example.com', 'robert', 'Blake', 'Wright'),
('Mary_Randall89', 'mary.randall@example.com', 'hello', 'Mary', 'Randall'),
('Luke_Forsyth90', 'luke.forsyth@example.com', 'access', 'Luke', 'Forsyth'),
('Jessica_Parr91', 'jessica.parr@example.com', '1234567890', 'Jessica', 'Parr'),
('Jacob_Roberts92', 'jacob.roberts@example.com', '12345', 'Jacob', 'Roberts'),
('Boris_Dickens93', 'boris.dickens@example.com', 'ashley', 'Boris', 'Dickens'),
('Frank_Parr94', 'frank.parr@example.com', 'thomas', 'Frank', 'Parr'),
('Claire_Graham95', 'claire.graham@example.com', '555555', 'Claire', 'Graham'),
('Andrew_McGrath96', 'andrew.mcgrath@example.com', '696969', 'Andrew', 'McGrath'),
('Paul_Gill97', 'paul.gill@example.com', 'zxcvbnm', 'Paul', 'Gill'),
('Boris_Blake98', 'boris.blake@example.com', 'asdfgh', 'Boris', 'Blake'),
('Liam_McGrath99', 'liam.mcgrath@example.com', 'andrew', 'Liam', 'McGrath'),
('Faith_Lyman100', 'faith.lyman@example.com', 'password', 'Faith', 'Lyman'),
('Audrey_Mitchell101', 'audrey.mitchell@example.com', 'corvette', 'Audrey', 'Mitchell'),
('Pippa_Morrison102', 'pippa.morrison@example.com', 'pass', 'Pippa', 'Morrison'),
('Joe_Taylor103', 'joe.taylor@example.com', '7777777', 'Joe', 'Taylor'),
('Megan_Welch104', 'megan.welch@example.com', 'zxcvbnm', 'Megan', 'Welch'),
('Jonathan_Duncan105', 'jonathan.duncan@example.com', '112233', 'Jonathan', 'Duncan'),
('Una_Robertson106', 'una.robertson@example.com', 'joshua', 'Una', 'Robertson'),
('Robert_Marshall107', 'robert.marshall@example.com', 'corvette', 'Robert', 'Marshall'),
('Pippa_North108', 'pippa.north@example.com', 'taylor', 'Pippa', 'North'),
('Lisa_Poole109', 'lisa.poole@example.com', '123456789', 'Lisa', 'Poole'),
('Zoe_Mackenzie110', 'zoe.mackenzie@example.com', 'dragon', 'Zoe', 'Mackenzie'),
('Joshua_Mathis111', 'joshua.mathis@example.com', 'qazwsx', 'Joshua', 'Mathis'),
('Amelia_Morrison112', 'amelia.morrison@example.com', 'tigger', 'Amelia', 'Morrison'),
('Grace_Miller113', 'grace.miller@example.com', 'ginger', 'Grace', 'Miller'),
('Donna_Knox114', 'donna.knox@example.com', 'jordan', 'Donna', 'Knox'),
('Joanne_Mills115', 'joanne.mills@example.com', 'hello', 'Joanne', 'Mills'),
('Joseph_Ross116', 'joseph.ross@example.com', 'harley', 'Joseph', 'Ross'),
('David_Short117', 'david.short@example.com', 'martin', 'David', 'Short'),
('Carl_Mackay118', 'carl.mackay@example.com', '131313', 'Carl', 'Mackay'),
('Tracey_Gibson119', 'tracey.gibson@example.com', 'abc123', 'Tracey', 'Gibson'),
('Lily_Metcalfe120', 'lily.metcalfe@example.com', 'computer', 'Lily', 'Metcalfe'),
('Lucas_Russell121', 'lucas.russell@example.com', 'klaster', 'Lucas', 'Russell'),
('Alan_Newman122', 'alan.newman@example.com', 'taylor', 'Alan', 'Newman'),
('Paul_May123', 'paul.may@example.com', '1234567', 'Paul', 'May'),
('Jennifer_Sharp124', 'jennifer.sharp@example.com', 'matrix', 'Jennifer', 'Sharp'),
('Fiona_Harris125', 'fiona.harris@example.com', '131313', 'Fiona', 'Harris'),
('Piers_Underwood126', 'piers.underwood@example.com', 'football', 'Piers', 'Underwood'),
('Maria_May127', 'maria.may@example.com', '000000', 'Maria', 'May'),
('James_Welch128', 'james.welch@example.com', '1234', 'James', 'Welch'),
('Sebastian_Cameron129', 'sebastian.cameron@example.com', 'jessica', 'Sebastian', 'Cameron'),
('Christopher_Short130', 'christopher.short@example.com', 'harley', 'Christopher', 'Short'),
('Stephanie_Lee131', 'stephanie.lee@example.com', 'zxcvbn', 'Stephanie', 'Lee'),
('Steven_Lambert132', 'steven.lambert@example.com', 'ashley', 'Steven', 'Lambert'),
('Claire_Grant133', 'claire.grant@example.com', 'thomas', 'Claire', 'Grant'),
('Colin_Ross134', 'colin.ross@example.com', '11111111', 'Colin', 'Ross'),
('Michelle_Tucker135', 'michelle.tucker@example.com', '123321', 'Michelle', 'Tucker'),
('Adrian_Lawrence136', 'adrian.lawrence@example.com', 'matrix', 'Adrian', 'Lawrence'),
('Kimberly_Glover137', 'kimberly.glover@example.com', 'abc123', 'Kimberly', 'Glover'),
('Jason_Wilson138', 'jason.wilson@example.com', 'pass', 'Jason', 'Wilson'),
('Sean_Dickens139', 'sean.dickens@example.com', 'password', 'Sean', 'Dickens'),
('Christian_Randall140', 'christian.randall@example.com', '987654321', 'Christian', 'Randall'),
('Rachel_Underwood141', 'rachel.underwood@example.com', 'qazwsx', 'Rachel', 'Underwood'),
('Donna_Hodges142', 'donna.hodges@example.com', 'asdfgh', 'Donna', 'Hodges'),
('Jennifer_Hemmings143', 'jennifer.hemmings@example.com', 'klaster', 'Jennifer', 'Hemmings'),
('Jason_Sutherland144', 'jason.sutherland@example.com', '696969', 'Jason', 'Sutherland'),
('Jan_Short145', 'jan.short@example.com', '987654321', 'Jan', 'Short'),
('Leonard_Young146', 'leonard.young@example.com', 'buster', 'Leonard', 'Young'),
('Vanessa_Sharp147', 'vanessa.sharp@example.com', 'amanda', 'Vanessa', 'Sharp'),
('Diana_Miller148', 'diana.miller@example.com', 'jordan', 'Diana', 'Miller'),
('Yvonne_Anderson149', 'yvonne.anderson@example.com', '1234', 'Yvonne', 'Anderson'),
('Keith_Metcalfe150', 'keith.metcalfe@example.com', 'maggie', 'Keith', 'Metcalfe'),
('Felicity_Vance151', 'felicity.vance@example.com', 'hello', 'Felicity', 'Vance'),
('Dan_Manning152', 'dan.manning@example.com', 'matrix', 'Dan', 'Manning'),
('Anne_Quinn153', 'anne.quinn@example.com', '666666', 'Anne', 'Quinn'),
('Abigail_Ellison154', 'abigail.ellison@example.com', 'ranger', 'Abigail', 'Ellison'),
('Zoe_Davies155', 'zoe.davies@example.com', '1234567890', 'Zoe', 'Davies'),
('Theresa_Chapman156', 'theresa.chapman@example.com', 'yankees', 'Theresa', 'Chapman'),
('James_Mills157', 'james.mills@example.com', 'computer', 'James', 'Mills'),
('Deirdre_Metcalfe158', 'deirdre.metcalfe@example.com', '12345', 'Deirdre', 'Metcalfe'),
('Cameron_Davidson159', 'cameron.davidson@example.com', 'superman', 'Cameron', 'Davidson'),
('Keith_Springer160', 'keith.springer@example.com', '1234567890', 'Keith', 'Springer'),
('Joseph_Sutherland161', 'joseph.sutherland@example.com', '1234', 'Joseph', 'Sutherland'),
('David_Abraham162', 'david.abraham@example.com', 'football', 'David', 'Abraham'),
('Caroline_Knox163', 'caroline.knox@example.com', '777777', 'Caroline', 'Knox'),
('Kylie_Lewis164', 'kylie.lewis@example.com', 'asdfgh', 'Kylie', 'Lewis'),
('Sarah_Ellison165', 'sarah.ellison@example.com', 'taylor', 'Sarah', 'Ellison'),
('Carol_Dyer166', 'carol.dyer@example.com', 'qwertyuiop', 'Carol', 'Dyer'),
('Neil_Pullman167', 'neil.pullman@example.com', 'andrew', 'Neil', 'Pullman'),
('Theresa_Terry168', 'theresa.terry@example.com', '555555', 'Theresa', 'Terry'),
('Heather_Lewis169', 'heather.lewis@example.com', 'trustno1', 'Heather', 'Lewis'),
('Leonard_Berry170', 'leonard.berry@example.com', 'superman', 'Leonard', 'Berry'),
('Elizabeth_Lyman171', 'elizabeth.lyman@example.com', 'taylor', 'Elizabeth', 'Lyman'),
('Max_Walsh172', 'max.walsh@example.com', 'pepper', 'Max', 'Walsh'),
('Frank_Poole173', 'frank.poole@example.com', 'asdfgh', 'Frank', 'Poole'),
('Owen_May174', 'owen.may@example.com', 'andrew', 'Owen', 'May'),
('Carl_Nash175', 'carl.nash@example.com', '987654321', 'Carl', 'Nash'),
('James_Payne176', 'james.payne@example.com', 'charlie', 'James', 'Payne'),
('Sarah_Peters177', 'sarah.peters@example.com', 'george', 'Sarah', 'Peters'),
('Gavin_Carr178', 'gavin.carr@example.com', '1234567890', 'Gavin', 'Carr'),
('Felicity_Lawrence179', 'felicity.lawrence@example.com', 'iloveyou', 'Felicity', 'Lawrence'),
('Brandon_Pullman180', 'brandon.pullman@example.com', 'chelsea', 'Brandon', 'Pullman'),
('Dorothy_King181', 'dorothy.king@example.com', 'shadow', 'Dorothy', 'King'),
('Charles_Harris182', 'charles.harris@example.com', 'maggie', 'Charles', 'Harris'),
('Phil_Wright183', 'phil.wright@example.com', 'hunter', 'Phil', 'Wright'),
('Rebecca_Wallace184', 'rebecca.wallace@example.com', 'iloveyou', 'Rebecca', 'Wallace'),
('Olivia_Berry185', 'olivia.berry@example.com', 'chelsea', 'Olivia', 'Berry'),
('Katherine_Ince186', 'katherine.ince@example.com', 'william', 'Katherine', 'Ince'),
('Anthony_Greene187', 'anthony.greene@example.com', 'chelsea', 'Anthony', 'Greene'),
('Thomas_Henderson188', 'thomas.henderson@example.com', '1234567890', 'Thomas', 'Henderson'),
('Joshua_Walker189', 'joshua.walker@example.com', 'qwertyuiop', 'Joshua', 'Walker'),
('Audrey_Mackay190', 'audrey.mackay@example.com', 'andrew', 'Audrey', 'Mackay'),
('Brian_Kelly191', 'brian.kelly@example.com', '131313', 'Brian', 'Kelly'),
('Blake_Howard192', 'blake.howard@example.com', 'jordan', 'Blake', 'Howard'),
('Emma_Young193', 'emma.young@example.com', 'letmein', 'Emma', 'Young'),
('Diana_Watson194', 'diana.watson@example.com', '654321', 'Diana', 'Watson'),
('Isaac_Dowd195', 'isaac.dowd@example.com', 'trustno1', 'Isaac', 'Dowd'),
('Jonathan_Churchill196', 'jonathan.churchill@example.com', 'harley', 'Jonathan', 'Churchill'),
('Andrea_Hughes197', 'andrea.hughes@example.com', 'baseball', 'Andrea', 'Hughes'),
('Andrew_Randall198', 'andrew.randall@example.com', 'amanda', 'Andrew', 'Randall'),
('Stephen_Mills199', 'stephen.mills@example.com', 'thomas', 'Stephen', 'Mills');


-- bus models
INSERT INTO buses_models(id, seats) VALUES
(0, 30),
(1, 40),
(2, 60),
(3, 60),
(4, 50);

INSERT INTO transits(id_transit, departure_stop, arrival_stop, price, bus_model) VALUES
(1, 6, 11, 14, 2),
(2, 6, 17, 11, 0),
(3, 6, 9, 8, 3),
(4, 6, 2, 17, 2),
(5, 6, 7, 11, 2),
(6, 6, 18, 11, 4),
(7, 6, 24, 14, 4),
(8, 6, 26, 17, 1),
(9, 6, 27, 14, 2),
(10, 6, 20, 14, 1),
(11, 6, 4, 2, 3),
(12, 6, 5, 5, 0),
(13, 6, 12, 8, 1),
(14, 6, 15, 17, 3),
(15, 23, 19, 11, 1),
(16, 23, 28, 17, 4),
(17, 23, 35, 11, 4),
(18, 11, 6, 14, 4),
(19, 11, 16, 14, 4),
(20, 11, 9, 8, 0),
(21, 11, 3, 11, 1),
(22, 11, 13, 8, 1),
(23, 11, 2, 5, 4),
(24, 11, 18, 8, 4),
(25, 11, 26, 14, 3),
(26, 11, 21, 11, 3),
(27, 11, 4, 14, 4),
(28, 11, 5, 14, 4),
(29, 11, 10, 14, 2),
(30, 11, 15, 5, 3),
(31, 17, 6, 11, 1),
(32, 16, 11, 14, 2),
(33, 16, 9, 8, 2),
(34, 16, 3, 14, 3),
(35, 17, 2, 11, 2),
(36, 17, 7, 8, 1),
(37, 16, 1, 8, 1),
(38, 17, 18, 14, 4),
(39, 17, 20, 14, 0),
(40, 17, 28, 17, 2),
(41, 16, 4, 11, 1),
(42, 16, 5, 8, 3),
(43, 17, 10, 8, 2),
(44, 16, 12, 11, 1),
(45, 17, 15, 8, 1),
(46, 9, 6, 8, 1),
(47, 8, 11, 8, 0),
(48, 8, 17, 8, 4),
(49, 9, 3, 14, 2),
(50, 8, 13, 17, 3),
(51, 9, 2, 11, 1),
(52, 8, 7, 11, 1),
(53, 8, 1, 14, 4),
(54, 8, 18, 8, 1),
(55, 9, 26, 17, 2),
(56, 8, 20, 17, 3),
(57, 9, 4, 5, 2),
(58, 9, 5, 5, 3),
(59, 8, 10, 11, 0),
(60, 9, 12, 11, 1),
(61, 9, 15, 8, 0),
(62, 3, 11, 11, 2),
(63, 3, 17, 14, 3),
(64, 3, 8, 14, 3),
(65, 3, 13, 14, 3),
(66, 3, 2, 8, 0),
(67, 3, 1, 14, 4),
(68, 3, 18, 17, 1),
(69, 3, 10, 8, 4),
(70, 3, 15, 8, 1),
(71, 13, 11, 8, 3),
(72, 13, 9, 17, 0),
(73, 13, 3, 14, 3),
(74, 13, 2, 11, 0),
(75, 13, 18, 14, 3),
(76, 13, 26, 17, 2),
(77, 13, 21, 8, 3),
(78, 13, 30, 14, 0),
(79, 13, 10, 17, 2),
(80, 13, 15, 11, 3),
(81, 2, 6, 17, 4),
(82, 2, 11, 5, 0),
(83, 2, 17, 11, 1),
(84, 2, 8, 11, 4),
(85, 2, 3, 8, 2),
(86, 2, 13, 11, 3),
(87, 2, 7, 17, 3),
(88, 2, 1, 14, 2),
(89, 2, 18, 11, 0),
(90, 2, 21, 14, 4),
(91, 2, 4, 14, 2),
(92, 2, 5, 14, 3),
(93, 2, 10, 8, 3),
(94, 2, 14, 2, 1),
(95, 7, 6, 11, 2),
(96, 7, 16, 8, 2),
(97, 7, 8, 11, 1),
(98, 7, 2, 17, 0),
(99, 7, 1, 11, 4),
(100, 7, 18, 17, 0),
(101, 7, 20, 8, 3),
(102, 7, 4, 11, 2),
(103, 7, 5, 8, 1),
(104, 7, 10, 14, 0),
(105, 7, 12, 8, 2),
(106, 7, 15, 17, 3),
(107, 1, 16, 8, 4),
(108, 1, 9, 14, 4),
(109, 1, 3, 14, 3),
(110, 1, 2, 14, 2),
(111, 1, 7, 11, 2),
(112, 1, 20, 17, 4),
(113, 1, 28, 11, 4),
(114, 1, 35, 14, 4),
(115, 1, 5, 14, 0),
(116, 1, 10, 8, 0),
(117, 1, 12, 17, 2),
(118, 1, 14, 14, 1),
(119, 18, 6, 11, 0),
(120, 18, 11, 8, 4),
(121, 18, 17, 14, 3),
(122, 18, 9, 8, 4),
(123, 18, 3, 17, 2),
(124, 18, 13, 14, 3),
(125, 18, 2, 11, 2),
(126, 18, 7, 17, 0),
(127, 18, 24, 14, 0),
(128, 18, 26, 11, 3),
(129, 18, 21, 14, 3),
(130, 18, 4, 8, 1),
(131, 18, 5, 11, 3),
(132, 18, 10, 17, 3),
(133, 18, 12, 17, 1),
(134, 18, 14, 11, 1),
(135, 24, 6, 14, 3),
(136, 24, 18, 14, 0),
(137, 25, 26, 11, 3),
(138, 25, 27, 11, 1),
(139, 24, 34, 11, 4),
(140, 25, 22, 17, 4),
(141, 24, 4, 14, 1),
(142, 26, 6, 17, 3),
(143, 26, 11, 14, 2),
(144, 26, 9, 17, 1),
(145, 26, 13, 17, 0),
(146, 26, 18, 11, 4),
(147, 26, 25, 11, 4),
(148, 26, 21, 11, 4),
(149, 26, 22, 14, 3),
(150, 26, 4, 17, 2),
(151, 21, 11, 11, 3),
(152, 21, 13, 8, 1),
(153, 21, 2, 14, 1),
(154, 21, 18, 14, 1),
(155, 21, 26, 11, 1),
(156, 21, 30, 17, 3),
(157, 21, 15, 17, 3),
(158, 27, 6, 14, 3),
(159, 27, 24, 11, 4),
(160, 27, 34, 14, 3),
(161, 27, 4, 14, 4),
(162, 27, 5, 17, 3),
(163, 27, 12, 17, 2),
(164, 19, 23, 11, 1),
(165, 20, 6, 14, 1),
(166, 20, 17, 14, 0),
(167, 20, 8, 17, 1),
(168, 20, 7, 8, 1),
(169, 20, 1, 17, 0),
(170, 20, 4, 17, 1),
(171, 20, 5, 11, 4),
(172, 20, 12, 8, 3),
(173, 28, 23, 17, 3),
(174, 28, 17, 17, 4),
(175, 28, 1, 11, 1),
(176, 28, 35, 8, 0),
(177, 28, 10, 14, 4),
(178, 30, 13, 14, 4),
(179, 30, 21, 17, 4),
(180, 33, 22, 17, 0),
(181, 34, 24, 11, 2),
(182, 34, 27, 14, 3),
(183, 22, 25, 17, 1),
(184, 22, 26, 14, 0),
(185, 22, 33, 17, 2),
(186, 35, 23, 11, 4),
(187, 35, 1, 14, 4),
(188, 35, 28, 8, 4),
(189, 4, 6, 2, 0),
(190, 4, 11, 14, 0),
(191, 4, 16, 11, 2),
(192, 4, 8, 5, 0),
(193, 4, 2, 14, 3),
(194, 4, 7, 11, 2),
(195, 4, 18, 8, 0),
(196, 4, 25, 14, 4),
(197, 4, 26, 17, 0),
(198, 4, 27, 14, 3),
(199, 4, 20, 17, 2),
(200, 4, 5, 5, 4),
(201, 4, 10, 17, 3),
(202, 4, 12, 11, 4),
(203, 4, 14, 14, 0),
(204, 5, 6, 5, 4),
(205, 5, 11, 14, 1),
(206, 5, 17, 8, 0),
(207, 5, 9, 5, 3),
(208, 5, 2, 14, 0),
(209, 5, 7, 8, 4),
(210, 5, 1, 14, 4),
(211, 5, 18, 11, 1),
(212, 5, 27, 17, 4),
(213, 5, 20, 11, 0),
(214, 5, 4, 5, 0),
(215, 5, 10, 14, 1),
(216, 5, 12, 5, 3),
(217, 5, 14, 14, 1),
(218, 10, 11, 14, 2),
(219, 10, 16, 8, 1),
(220, 10, 8, 11, 3),
(221, 10, 3, 8, 0),
(222, 10, 13, 17, 1),
(223, 10, 2, 8, 2),
(224, 10, 7, 14, 3),
(225, 10, 1, 8, 0),
(226, 10, 18, 17, 4),
(227, 10, 28, 14, 4),
(228, 10, 4, 17, 0),
(229, 10, 5, 14, 3),
(230, 10, 15, 8, 1),
(231, 12, 6, 8, 1),
(232, 12, 16, 11, 4),
(233, 12, 9, 11, 3),
(234, 12, 7, 8, 0),
(235, 12, 1, 17, 3),
(236, 12, 18, 17, 0),
(237, 12, 27, 17, 4),
(238, 12, 20, 8, 1),
(239, 12, 4, 11, 3),
(240, 12, 5, 5, 1),
(241, 14, 6, 17, 0),
(242, 15, 11, 5, 2),
(243, 14, 17, 8, 1),
(244, 15, 8, 8, 0),
(245, 14, 3, 8, 4),
(246, 14, 13, 11, 3),
(247, 14, 2, 2, 2),
(248, 15, 7, 17, 1),
(249, 14, 1, 14, 4),
(250, 14, 18, 11, 1),
(251, 14, 21, 17, 1),
(252, 14, 4, 14, 4),
(253, 15, 5, 14, 2),
(254, 14, 10, 8, 0);

INSERT INTO spans(id, begin_date, end_date, transit) VALUES
(1, '2019-1-01'::date, '2019-6-01'::date, 1),
(2, '2019-9-01'::date, '2020-2-01'::date, 1),
(3, '2019-1-01'::date, '2019-6-01'::date, 2),
(4, '2019-10-01'::date, '2020-3-01'::date, 2),
(5, '2019-2-01'::date, '2019-7-01'::date, 3),
(6, '2019-9-01'::date, '2020-2-01'::date, 3),
(7, '2019-3-01'::date, '2019-8-01'::date, 4),
(8, '2019-11-01'::date, '2020-4-01'::date, 4),
(9, '2019-1-01'::date, '2019-6-01'::date, 5),
(10, '2019-10-01'::date, '2020-3-01'::date, 5),
(11, '2019-3-01'::date, '2019-8-01'::date, 6),
(12, '2019-11-01'::date, '2020-4-01'::date, 6),
(13, '2019-2-01'::date, '2019-7-01'::date, 7),
(14, '2019-9-01'::date, '2020-2-01'::date, 7),
(15, '2019-1-01'::date, '2019-6-01'::date, 8),
(16, '2019-9-01'::date, '2020-2-01'::date, 8),
(17, '2019-2-01'::date, '2019-7-01'::date, 9),
(18, '2019-9-01'::date, '2020-2-01'::date, 9),
(19, '2019-1-01'::date, '2019-6-01'::date, 10),
(20, '2019-9-01'::date, '2020-2-01'::date, 10),
(21, '2019-1-01'::date, '2019-6-01'::date, 11),
(22, '2019-9-01'::date, '2020-2-01'::date, 11),
(23, '2019-2-01'::date, '2019-7-01'::date, 12),
(24, '2019-9-01'::date, '2020-2-01'::date, 12),
(25, '2019-2-01'::date, '2019-7-01'::date, 13),
(26, '2019-9-01'::date, '2020-2-01'::date, 13),
(27, '2019-1-01'::date, '2019-6-01'::date, 14),
(28, '2019-9-01'::date, '2020-2-01'::date, 14),
(29, '2019-3-01'::date, '2019-8-01'::date, 15),
(30, '2019-11-01'::date, '2020-4-01'::date, 15),
(31, '2019-1-01'::date, '2019-6-01'::date, 16),
(32, '2019-9-01'::date, '2020-2-01'::date, 16),
(33, '2019-2-01'::date, '2019-7-01'::date, 17),
(34, '2019-10-01'::date, '2020-3-01'::date, 17),
(35, '2019-1-01'::date, '2019-6-01'::date, 18),
(36, '2019-11-01'::date, '2020-4-01'::date, 18),
(37, '2019-3-01'::date, '2019-8-01'::date, 19),
(38, '2019-10-01'::date, '2020-3-01'::date, 19),
(39, '2019-3-01'::date, '2019-8-01'::date, 20),
(40, '2019-9-01'::date, '2020-2-01'::date, 20),
(41, '2019-3-01'::date, '2019-8-01'::date, 21),
(42, '2019-9-01'::date, '2020-2-01'::date, 21),
(43, '2019-2-01'::date, '2019-7-01'::date, 22),
(44, '2019-9-01'::date, '2020-2-01'::date, 22),
(45, '2019-2-01'::date, '2019-7-01'::date, 23),
(46, '2019-9-01'::date, '2020-2-01'::date, 23),
(47, '2019-3-01'::date, '2019-8-01'::date, 24),
(48, '2019-10-01'::date, '2020-3-01'::date, 24),
(49, '2019-2-01'::date, '2019-7-01'::date, 25),
(50, '2019-9-01'::date, '2020-2-01'::date, 25),
(51, '2019-3-01'::date, '2019-8-01'::date, 26),
(52, '2019-11-01'::date, '2020-4-01'::date, 26),
(53, '2019-3-01'::date, '2019-8-01'::date, 27),
(54, '2019-10-01'::date, '2020-3-01'::date, 27),
(55, '2019-2-01'::date, '2019-7-01'::date, 28),
(56, '2019-10-01'::date, '2020-3-01'::date, 28),
(57, '2019-2-01'::date, '2019-7-01'::date, 29),
(58, '2019-9-01'::date, '2020-2-01'::date, 29),
(59, '2019-3-01'::date, '2019-8-01'::date, 30),
(60, '2019-11-01'::date, '2020-4-01'::date, 30),
(61, '2019-2-01'::date, '2019-7-01'::date, 31),
(62, '2019-11-01'::date, '2020-4-01'::date, 31),
(63, '2019-1-01'::date, '2019-6-01'::date, 32),
(64, '2019-9-01'::date, '2020-2-01'::date, 32),
(65, '2019-3-01'::date, '2019-8-01'::date, 33),
(66, '2019-11-01'::date, '2020-4-01'::date, 33),
(67, '2019-2-01'::date, '2019-7-01'::date, 34),
(68, '2019-10-01'::date, '2020-3-01'::date, 34),
(69, '2019-1-01'::date, '2019-6-01'::date, 35),
(70, '2019-9-01'::date, '2020-2-01'::date, 35),
(71, '2019-3-01'::date, '2019-8-01'::date, 36),
(72, '2019-11-01'::date, '2020-4-01'::date, 36),
(73, '2019-3-01'::date, '2019-8-01'::date, 37),
(74, '2019-11-01'::date, '2020-4-01'::date, 37),
(75, '2019-1-01'::date, '2019-6-01'::date, 38),
(76, '2019-10-01'::date, '2020-3-01'::date, 38),
(77, '2019-3-01'::date, '2019-8-01'::date, 39),
(78, '2019-9-01'::date, '2020-2-01'::date, 39),
(79, '2019-2-01'::date, '2019-7-01'::date, 40),
(80, '2019-10-01'::date, '2020-3-01'::date, 40),
(81, '2019-2-01'::date, '2019-7-01'::date, 41),
(82, '2019-11-01'::date, '2020-4-01'::date, 41),
(83, '2019-2-01'::date, '2019-7-01'::date, 42),
(84, '2019-10-01'::date, '2020-3-01'::date, 42),
(85, '2019-1-01'::date, '2019-6-01'::date, 43),
(86, '2019-9-01'::date, '2020-2-01'::date, 43),
(87, '2019-3-01'::date, '2019-8-01'::date, 44),
(88, '2019-10-01'::date, '2020-3-01'::date, 44),
(89, '2019-2-01'::date, '2019-7-01'::date, 45),
(90, '2019-10-01'::date, '2020-3-01'::date, 45),
(91, '2019-3-01'::date, '2019-8-01'::date, 46),
(92, '2019-10-01'::date, '2020-3-01'::date, 46),
(93, '2019-2-01'::date, '2019-7-01'::date, 47),
(94, '2019-9-01'::date, '2020-2-01'::date, 47),
(95, '2019-3-01'::date, '2019-8-01'::date, 48),
(96, '2019-11-01'::date, '2020-4-01'::date, 48),
(97, '2019-3-01'::date, '2019-8-01'::date, 49),
(98, '2019-11-01'::date, '2020-4-01'::date, 49),
(99, '2019-3-01'::date, '2019-8-01'::date, 50),
(100, '2019-11-01'::date, '2020-4-01'::date, 50),
(101, '2019-3-01'::date, '2019-8-01'::date, 51),
(102, '2019-9-01'::date, '2020-2-01'::date, 51),
(103, '2019-1-01'::date, '2019-6-01'::date, 52),
(104, '2019-11-01'::date, '2020-4-01'::date, 52),
(105, '2019-3-01'::date, '2019-8-01'::date, 53),
(106, '2019-9-01'::date, '2020-2-01'::date, 53),
(107, '2019-3-01'::date, '2019-8-01'::date, 54),
(108, '2019-11-01'::date, '2020-4-01'::date, 54),
(109, '2019-3-01'::date, '2019-8-01'::date, 55),
(110, '2019-10-01'::date, '2020-3-01'::date, 55),
(111, '2019-1-01'::date, '2019-6-01'::date, 56),
(112, '2019-11-01'::date, '2020-4-01'::date, 56),
(113, '2019-1-01'::date, '2019-6-01'::date, 57),
(114, '2019-9-01'::date, '2020-2-01'::date, 57),
(115, '2019-3-01'::date, '2019-8-01'::date, 58),
(116, '2019-9-01'::date, '2020-2-01'::date, 58),
(117, '2019-3-01'::date, '2019-8-01'::date, 59),
(118, '2019-10-01'::date, '2020-3-01'::date, 59),
(119, '2019-1-01'::date, '2019-6-01'::date, 60),
(120, '2019-11-01'::date, '2020-4-01'::date, 60),
(121, '2019-2-01'::date, '2019-7-01'::date, 61),
(122, '2019-9-01'::date, '2020-2-01'::date, 61),
(123, '2019-1-01'::date, '2019-6-01'::date, 62),
(124, '2019-11-01'::date, '2020-4-01'::date, 62),
(125, '2019-3-01'::date, '2019-8-01'::date, 63),
(126, '2019-11-01'::date, '2020-4-01'::date, 63),
(127, '2019-1-01'::date, '2019-6-01'::date, 64),
(128, '2019-11-01'::date, '2020-4-01'::date, 64),
(129, '2019-3-01'::date, '2019-8-01'::date, 65),
(130, '2019-10-01'::date, '2020-3-01'::date, 65),
(131, '2019-3-01'::date, '2019-8-01'::date, 66),
(132, '2019-11-01'::date, '2020-4-01'::date, 66),
(133, '2019-3-01'::date, '2019-8-01'::date, 67),
(134, '2019-9-01'::date, '2020-2-01'::date, 67),
(135, '2019-3-01'::date, '2019-8-01'::date, 68),
(136, '2019-11-01'::date, '2020-4-01'::date, 68),
(137, '2019-1-01'::date, '2019-6-01'::date, 69),
(138, '2019-9-01'::date, '2020-2-01'::date, 69),
(139, '2019-2-01'::date, '2019-7-01'::date, 70),
(140, '2019-9-01'::date, '2020-2-01'::date, 70),
(141, '2019-1-01'::date, '2019-6-01'::date, 71),
(142, '2019-10-01'::date, '2020-3-01'::date, 71),
(143, '2019-3-01'::date, '2019-8-01'::date, 72),
(144, '2019-9-01'::date, '2020-2-01'::date, 72),
(145, '2019-1-01'::date, '2019-6-01'::date, 73),
(146, '2019-10-01'::date, '2020-3-01'::date, 73),
(147, '2019-2-01'::date, '2019-7-01'::date, 74),
(148, '2019-10-01'::date, '2020-3-01'::date, 74),
(149, '2019-2-01'::date, '2019-7-01'::date, 75),
(150, '2019-10-01'::date, '2020-3-01'::date, 75),
(151, '2019-2-01'::date, '2019-7-01'::date, 76),
(152, '2019-11-01'::date, '2020-4-01'::date, 76),
(153, '2019-1-01'::date, '2019-6-01'::date, 77),
(154, '2019-9-01'::date, '2020-2-01'::date, 77),
(155, '2019-2-01'::date, '2019-7-01'::date, 78),
(156, '2019-11-01'::date, '2020-4-01'::date, 78),
(157, '2019-2-01'::date, '2019-7-01'::date, 79),
(158, '2019-11-01'::date, '2020-4-01'::date, 79),
(159, '2019-2-01'::date, '2019-7-01'::date, 80),
(160, '2019-10-01'::date, '2020-3-01'::date, 80),
(161, '2019-1-01'::date, '2019-6-01'::date, 81),
(162, '2019-9-01'::date, '2020-2-01'::date, 81),
(163, '2019-1-01'::date, '2019-6-01'::date, 82),
(164, '2019-9-01'::date, '2020-2-01'::date, 82),
(165, '2019-1-01'::date, '2019-6-01'::date, 83),
(166, '2019-9-01'::date, '2020-2-01'::date, 83),
(167, '2019-1-01'::date, '2019-6-01'::date, 84),
(168, '2019-9-01'::date, '2020-2-01'::date, 84),
(169, '2019-1-01'::date, '2019-6-01'::date, 85),
(170, '2019-10-01'::date, '2020-3-01'::date, 85),
(171, '2019-3-01'::date, '2019-8-01'::date, 86),
(172, '2019-11-01'::date, '2020-4-01'::date, 86),
(173, '2019-1-01'::date, '2019-6-01'::date, 87),
(174, '2019-11-01'::date, '2020-4-01'::date, 87),
(175, '2019-2-01'::date, '2019-7-01'::date, 88),
(176, '2019-10-01'::date, '2020-3-01'::date, 88),
(177, '2019-1-01'::date, '2019-6-01'::date, 89),
(178, '2019-11-01'::date, '2020-4-01'::date, 89),
(179, '2019-3-01'::date, '2019-8-01'::date, 90),
(180, '2019-10-01'::date, '2020-3-01'::date, 90),
(181, '2019-3-01'::date, '2019-8-01'::date, 91),
(182, '2019-11-01'::date, '2020-4-01'::date, 91),
(183, '2019-3-01'::date, '2019-8-01'::date, 92),
(184, '2019-11-01'::date, '2020-4-01'::date, 92),
(185, '2019-3-01'::date, '2019-8-01'::date, 93),
(186, '2019-10-01'::date, '2020-3-01'::date, 93),
(187, '2019-3-01'::date, '2019-8-01'::date, 94),
(188, '2019-11-01'::date, '2020-4-01'::date, 94),
(189, '2019-1-01'::date, '2019-6-01'::date, 95),
(190, '2019-11-01'::date, '2020-4-01'::date, 95),
(191, '2019-1-01'::date, '2019-6-01'::date, 96),
(192, '2019-11-01'::date, '2020-4-01'::date, 96),
(193, '2019-2-01'::date, '2019-7-01'::date, 97),
(194, '2019-11-01'::date, '2020-4-01'::date, 97),
(195, '2019-2-01'::date, '2019-7-01'::date, 98),
(196, '2019-10-01'::date, '2020-3-01'::date, 98),
(197, '2019-1-01'::date, '2019-6-01'::date, 99),
(198, '2019-9-01'::date, '2020-2-01'::date, 99),
(199, '2019-2-01'::date, '2019-7-01'::date, 100),
(200, '2019-9-01'::date, '2020-2-01'::date, 100),
(201, '2019-3-01'::date, '2019-8-01'::date, 101),
(202, '2019-9-01'::date, '2020-2-01'::date, 101),
(203, '2019-3-01'::date, '2019-8-01'::date, 102),
(204, '2019-9-01'::date, '2020-2-01'::date, 102),
(205, '2019-1-01'::date, '2019-6-01'::date, 103),
(206, '2019-11-01'::date, '2020-4-01'::date, 103),
(207, '2019-2-01'::date, '2019-7-01'::date, 104),
(208, '2019-10-01'::date, '2020-3-01'::date, 104),
(209, '2019-2-01'::date, '2019-7-01'::date, 105),
(210, '2019-11-01'::date, '2020-4-01'::date, 105),
(211, '2019-2-01'::date, '2019-7-01'::date, 106),
(212, '2019-9-01'::date, '2020-2-01'::date, 106),
(213, '2019-3-01'::date, '2019-8-01'::date, 107),
(214, '2019-11-01'::date, '2020-4-01'::date, 107),
(215, '2019-3-01'::date, '2019-8-01'::date, 108),
(216, '2019-11-01'::date, '2020-4-01'::date, 108),
(217, '2019-3-01'::date, '2019-8-01'::date, 109),
(218, '2019-10-01'::date, '2020-3-01'::date, 109),
(219, '2019-2-01'::date, '2019-7-01'::date, 110),
(220, '2019-11-01'::date, '2020-4-01'::date, 110),
(221, '2019-1-01'::date, '2019-6-01'::date, 111),
(222, '2019-9-01'::date, '2020-2-01'::date, 111),
(223, '2019-1-01'::date, '2019-6-01'::date, 112),
(224, '2019-9-01'::date, '2020-2-01'::date, 112),
(225, '2019-1-01'::date, '2019-6-01'::date, 113),
(226, '2019-10-01'::date, '2020-3-01'::date, 113),
(227, '2019-2-01'::date, '2019-7-01'::date, 114),
(228, '2019-11-01'::date, '2020-4-01'::date, 114),
(229, '2019-3-01'::date, '2019-8-01'::date, 115),
(230, '2019-11-01'::date, '2020-4-01'::date, 115),
(231, '2019-3-01'::date, '2019-8-01'::date, 116),
(232, '2019-10-01'::date, '2020-3-01'::date, 116),
(233, '2019-3-01'::date, '2019-8-01'::date, 117),
(234, '2019-10-01'::date, '2020-3-01'::date, 117),
(235, '2019-1-01'::date, '2019-6-01'::date, 118),
(236, '2019-10-01'::date, '2020-3-01'::date, 118),
(237, '2019-1-01'::date, '2019-6-01'::date, 119),
(238, '2019-10-01'::date, '2020-3-01'::date, 119),
(239, '2019-1-01'::date, '2019-6-01'::date, 120),
(240, '2019-11-01'::date, '2020-4-01'::date, 120),
(241, '2019-3-01'::date, '2019-8-01'::date, 121),
(242, '2019-11-01'::date, '2020-4-01'::date, 121),
(243, '2019-2-01'::date, '2019-7-01'::date, 122),
(244, '2019-9-01'::date, '2020-2-01'::date, 122),
(245, '2019-2-01'::date, '2019-7-01'::date, 123),
(246, '2019-9-01'::date, '2020-2-01'::date, 123),
(247, '2019-2-01'::date, '2019-7-01'::date, 124),
(248, '2019-10-01'::date, '2020-3-01'::date, 124),
(249, '2019-1-01'::date, '2019-6-01'::date, 125),
(250, '2019-9-01'::date, '2020-2-01'::date, 125),
(251, '2019-2-01'::date, '2019-7-01'::date, 126),
(252, '2019-9-01'::date, '2020-2-01'::date, 126),
(253, '2019-2-01'::date, '2019-7-01'::date, 127),
(254, '2019-10-01'::date, '2020-3-01'::date, 127),
(255, '2019-2-01'::date, '2019-7-01'::date, 128),
(256, '2019-10-01'::date, '2020-3-01'::date, 128),
(257, '2019-3-01'::date, '2019-8-01'::date, 129),
(258, '2019-11-01'::date, '2020-4-01'::date, 129),
(259, '2019-2-01'::date, '2019-7-01'::date, 130),
(260, '2019-9-01'::date, '2020-2-01'::date, 130),
(261, '2019-1-01'::date, '2019-6-01'::date, 131),
(262, '2019-9-01'::date, '2020-2-01'::date, 131),
(263, '2019-2-01'::date, '2019-7-01'::date, 132),
(264, '2019-10-01'::date, '2020-3-01'::date, 132),
(265, '2019-3-01'::date, '2019-8-01'::date, 133),
(266, '2019-11-01'::date, '2020-4-01'::date, 133),
(267, '2019-2-01'::date, '2019-7-01'::date, 134),
(268, '2019-9-01'::date, '2020-2-01'::date, 134),
(269, '2019-2-01'::date, '2019-7-01'::date, 135),
(270, '2019-11-01'::date, '2020-4-01'::date, 135),
(271, '2019-1-01'::date, '2019-6-01'::date, 136),
(272, '2019-9-01'::date, '2020-2-01'::date, 136),
(273, '2019-3-01'::date, '2019-8-01'::date, 137),
(274, '2019-10-01'::date, '2020-3-01'::date, 137),
(275, '2019-2-01'::date, '2019-7-01'::date, 138),
(276, '2019-11-01'::date, '2020-4-01'::date, 138),
(277, '2019-1-01'::date, '2019-6-01'::date, 139),
(278, '2019-9-01'::date, '2020-2-01'::date, 139),
(279, '2019-2-01'::date, '2019-7-01'::date, 140),
(280, '2019-9-01'::date, '2020-2-01'::date, 140),
(281, '2019-1-01'::date, '2019-6-01'::date, 141),
(282, '2019-11-01'::date, '2020-4-01'::date, 141),
(283, '2019-3-01'::date, '2019-8-01'::date, 142),
(284, '2019-10-01'::date, '2020-3-01'::date, 142),
(285, '2019-3-01'::date, '2019-8-01'::date, 143),
(286, '2019-9-01'::date, '2020-2-01'::date, 143),
(287, '2019-3-01'::date, '2019-8-01'::date, 144),
(288, '2019-11-01'::date, '2020-4-01'::date, 144),
(289, '2019-3-01'::date, '2019-8-01'::date, 145),
(290, '2019-9-01'::date, '2020-2-01'::date, 145),
(291, '2019-3-01'::date, '2019-8-01'::date, 146),
(292, '2019-10-01'::date, '2020-3-01'::date, 146),
(293, '2019-2-01'::date, '2019-7-01'::date, 147),
(294, '2019-10-01'::date, '2020-3-01'::date, 147),
(295, '2019-1-01'::date, '2019-6-01'::date, 148),
(296, '2019-10-01'::date, '2020-3-01'::date, 148),
(297, '2019-3-01'::date, '2019-8-01'::date, 149),
(298, '2019-9-01'::date, '2020-2-01'::date, 149),
(299, '2019-2-01'::date, '2019-7-01'::date, 150),
(300, '2019-10-01'::date, '2020-3-01'::date, 150),
(301, '2019-2-01'::date, '2019-7-01'::date, 151),
(302, '2019-11-01'::date, '2020-4-01'::date, 151),
(303, '2019-1-01'::date, '2019-6-01'::date, 152),
(304, '2019-9-01'::date, '2020-2-01'::date, 152),
(305, '2019-2-01'::date, '2019-7-01'::date, 153),
(306, '2019-11-01'::date, '2020-4-01'::date, 153),
(307, '2019-1-01'::date, '2019-6-01'::date, 154),
(308, '2019-11-01'::date, '2020-4-01'::date, 154),
(309, '2019-1-01'::date, '2019-6-01'::date, 155),
(310, '2019-11-01'::date, '2020-4-01'::date, 155),
(311, '2019-3-01'::date, '2019-8-01'::date, 156),
(312, '2019-9-01'::date, '2020-2-01'::date, 156),
(313, '2019-3-01'::date, '2019-8-01'::date, 157),
(314, '2019-10-01'::date, '2020-3-01'::date, 157),
(315, '2019-1-01'::date, '2019-6-01'::date, 158),
(316, '2019-10-01'::date, '2020-3-01'::date, 158),
(317, '2019-2-01'::date, '2019-7-01'::date, 159),
(318, '2019-11-01'::date, '2020-4-01'::date, 159),
(319, '2019-1-01'::date, '2019-6-01'::date, 160),
(320, '2019-10-01'::date, '2020-3-01'::date, 160),
(321, '2019-1-01'::date, '2019-6-01'::date, 161),
(322, '2019-10-01'::date, '2020-3-01'::date, 161),
(323, '2019-3-01'::date, '2019-8-01'::date, 162),
(324, '2019-10-01'::date, '2020-3-01'::date, 162),
(325, '2019-1-01'::date, '2019-6-01'::date, 163),
(326, '2019-10-01'::date, '2020-3-01'::date, 163),
(327, '2019-3-01'::date, '2019-8-01'::date, 164),
(328, '2019-9-01'::date, '2020-2-01'::date, 164),
(329, '2019-2-01'::date, '2019-7-01'::date, 165),
(330, '2019-10-01'::date, '2020-3-01'::date, 165),
(331, '2019-1-01'::date, '2019-6-01'::date, 166),
(332, '2019-11-01'::date, '2020-4-01'::date, 166),
(333, '2019-2-01'::date, '2019-7-01'::date, 167),
(334, '2019-10-01'::date, '2020-3-01'::date, 167),
(335, '2019-1-01'::date, '2019-6-01'::date, 168),
(336, '2019-10-01'::date, '2020-3-01'::date, 168),
(337, '2019-3-01'::date, '2019-8-01'::date, 169),
(338, '2019-10-01'::date, '2020-3-01'::date, 169),
(339, '2019-1-01'::date, '2019-6-01'::date, 170),
(340, '2019-10-01'::date, '2020-3-01'::date, 170),
(341, '2019-3-01'::date, '2019-8-01'::date, 171),
(342, '2019-10-01'::date, '2020-3-01'::date, 171),
(343, '2019-2-01'::date, '2019-7-01'::date, 172),
(344, '2019-9-01'::date, '2020-2-01'::date, 172),
(345, '2019-2-01'::date, '2019-7-01'::date, 173),
(346, '2019-9-01'::date, '2020-2-01'::date, 173),
(347, '2019-3-01'::date, '2019-8-01'::date, 174),
(348, '2019-9-01'::date, '2020-2-01'::date, 174),
(349, '2019-2-01'::date, '2019-7-01'::date, 175),
(350, '2019-11-01'::date, '2020-4-01'::date, 175),
(351, '2019-2-01'::date, '2019-7-01'::date, 176),
(352, '2019-10-01'::date, '2020-3-01'::date, 176),
(353, '2019-1-01'::date, '2019-6-01'::date, 177),
(354, '2019-9-01'::date, '2020-2-01'::date, 177),
(355, '2019-3-01'::date, '2019-8-01'::date, 178),
(356, '2019-11-01'::date, '2020-4-01'::date, 178),
(357, '2019-1-01'::date, '2019-6-01'::date, 179),
(358, '2019-10-01'::date, '2020-3-01'::date, 179),
(359, '2019-2-01'::date, '2019-7-01'::date, 180),
(360, '2019-11-01'::date, '2020-4-01'::date, 180),
(361, '2019-1-01'::date, '2019-6-01'::date, 181),
(362, '2019-11-01'::date, '2020-4-01'::date, 181),
(363, '2019-2-01'::date, '2019-7-01'::date, 182),
(364, '2019-9-01'::date, '2020-2-01'::date, 182),
(365, '2019-2-01'::date, '2019-7-01'::date, 183),
(366, '2019-11-01'::date, '2020-4-01'::date, 183),
(367, '2019-3-01'::date, '2019-8-01'::date, 184),
(368, '2019-11-01'::date, '2020-4-01'::date, 184),
(369, '2019-1-01'::date, '2019-6-01'::date, 185),
(370, '2019-9-01'::date, '2020-2-01'::date, 185),
(371, '2019-3-01'::date, '2019-8-01'::date, 186),
(372, '2019-10-01'::date, '2020-3-01'::date, 186),
(373, '2019-1-01'::date, '2019-6-01'::date, 187),
(374, '2019-11-01'::date, '2020-4-01'::date, 187),
(375, '2019-1-01'::date, '2019-6-01'::date, 188),
(376, '2019-11-01'::date, '2020-4-01'::date, 188),
(377, '2019-1-01'::date, '2019-6-01'::date, 189),
(378, '2019-10-01'::date, '2020-3-01'::date, 189),
(379, '2019-2-01'::date, '2019-7-01'::date, 190),
(380, '2019-10-01'::date, '2020-3-01'::date, 190),
(381, '2019-2-01'::date, '2019-7-01'::date, 191),
(382, '2019-10-01'::date, '2020-3-01'::date, 191),
(383, '2019-2-01'::date, '2019-7-01'::date, 192),
(384, '2019-10-01'::date, '2020-3-01'::date, 192),
(385, '2019-3-01'::date, '2019-8-01'::date, 193),
(386, '2019-10-01'::date, '2020-3-01'::date, 193),
(387, '2019-3-01'::date, '2019-8-01'::date, 194),
(388, '2019-11-01'::date, '2020-4-01'::date, 194),
(389, '2019-3-01'::date, '2019-8-01'::date, 195),
(390, '2019-10-01'::date, '2020-3-01'::date, 195),
(391, '2019-3-01'::date, '2019-8-01'::date, 196),
(392, '2019-11-01'::date, '2020-4-01'::date, 196),
(393, '2019-3-01'::date, '2019-8-01'::date, 197),
(394, '2019-9-01'::date, '2020-2-01'::date, 197),
(395, '2019-2-01'::date, '2019-7-01'::date, 198),
(396, '2019-10-01'::date, '2020-3-01'::date, 198),
(397, '2019-1-01'::date, '2019-6-01'::date, 199),
(398, '2019-11-01'::date, '2020-4-01'::date, 199),
(399, '2019-2-01'::date, '2019-7-01'::date, 200),
(400, '2019-11-01'::date, '2020-4-01'::date, 200),
(401, '2019-3-01'::date, '2019-8-01'::date, 201),
(402, '2019-10-01'::date, '2020-3-01'::date, 201),
(403, '2019-1-01'::date, '2019-6-01'::date, 202),
(404, '2019-10-01'::date, '2020-3-01'::date, 202),
(405, '2019-2-01'::date, '2019-7-01'::date, 203),
(406, '2019-11-01'::date, '2020-4-01'::date, 203),
(407, '2019-2-01'::date, '2019-7-01'::date, 204),
(408, '2019-11-01'::date, '2020-4-01'::date, 204),
(409, '2019-2-01'::date, '2019-7-01'::date, 205),
(410, '2019-11-01'::date, '2020-4-01'::date, 205),
(411, '2019-1-01'::date, '2019-6-01'::date, 206),
(412, '2019-10-01'::date, '2020-3-01'::date, 206),
(413, '2019-1-01'::date, '2019-6-01'::date, 207),
(414, '2019-10-01'::date, '2020-3-01'::date, 207),
(415, '2019-2-01'::date, '2019-7-01'::date, 208),
(416, '2019-10-01'::date, '2020-3-01'::date, 208),
(417, '2019-2-01'::date, '2019-7-01'::date, 209),
(418, '2019-10-01'::date, '2020-3-01'::date, 209),
(419, '2019-1-01'::date, '2019-6-01'::date, 210),
(420, '2019-9-01'::date, '2020-2-01'::date, 210),
(421, '2019-3-01'::date, '2019-8-01'::date, 211),
(422, '2019-11-01'::date, '2020-4-01'::date, 211),
(423, '2019-3-01'::date, '2019-8-01'::date, 212),
(424, '2019-10-01'::date, '2020-3-01'::date, 212),
(425, '2019-2-01'::date, '2019-7-01'::date, 213),
(426, '2019-10-01'::date, '2020-3-01'::date, 213),
(427, '2019-3-01'::date, '2019-8-01'::date, 214),
(428, '2019-10-01'::date, '2020-3-01'::date, 214),
(429, '2019-2-01'::date, '2019-7-01'::date, 215),
(430, '2019-10-01'::date, '2020-3-01'::date, 215),
(431, '2019-3-01'::date, '2019-8-01'::date, 216),
(432, '2019-10-01'::date, '2020-3-01'::date, 216),
(433, '2019-2-01'::date, '2019-7-01'::date, 217),
(434, '2019-11-01'::date, '2020-4-01'::date, 217),
(435, '2019-2-01'::date, '2019-7-01'::date, 218),
(436, '2019-9-01'::date, '2020-2-01'::date, 218),
(437, '2019-3-01'::date, '2019-8-01'::date, 219),
(438, '2019-10-01'::date, '2020-3-01'::date, 219),
(439, '2019-2-01'::date, '2019-7-01'::date, 220),
(440, '2019-10-01'::date, '2020-3-01'::date, 220),
(441, '2019-2-01'::date, '2019-7-01'::date, 221),
(442, '2019-9-01'::date, '2020-2-01'::date, 221),
(443, '2019-3-01'::date, '2019-8-01'::date, 222),
(444, '2019-9-01'::date, '2020-2-01'::date, 222),
(445, '2019-2-01'::date, '2019-7-01'::date, 223),
(446, '2019-11-01'::date, '2020-4-01'::date, 223),
(447, '2019-3-01'::date, '2019-8-01'::date, 224),
(448, '2019-10-01'::date, '2020-3-01'::date, 224),
(449, '2019-1-01'::date, '2019-6-01'::date, 225),
(450, '2019-9-01'::date, '2020-2-01'::date, 225),
(451, '2019-3-01'::date, '2019-8-01'::date, 226),
(452, '2019-10-01'::date, '2020-3-01'::date, 226),
(453, '2019-2-01'::date, '2019-7-01'::date, 227),
(454, '2019-11-01'::date, '2020-4-01'::date, 227),
(455, '2019-3-01'::date, '2019-8-01'::date, 228),
(456, '2019-11-01'::date, '2020-4-01'::date, 228),
(457, '2019-2-01'::date, '2019-7-01'::date, 229),
(458, '2019-10-01'::date, '2020-3-01'::date, 229),
(459, '2019-1-01'::date, '2019-6-01'::date, 230),
(460, '2019-9-01'::date, '2020-2-01'::date, 230),
(461, '2019-2-01'::date, '2019-7-01'::date, 231),
(462, '2019-10-01'::date, '2020-3-01'::date, 231),
(463, '2019-3-01'::date, '2019-8-01'::date, 232),
(464, '2019-11-01'::date, '2020-4-01'::date, 232),
(465, '2019-1-01'::date, '2019-6-01'::date, 233),
(466, '2019-11-01'::date, '2020-4-01'::date, 233),
(467, '2019-1-01'::date, '2019-6-01'::date, 234),
(468, '2019-9-01'::date, '2020-2-01'::date, 234),
(469, '2019-2-01'::date, '2019-7-01'::date, 235),
(470, '2019-10-01'::date, '2020-3-01'::date, 235),
(471, '2019-1-01'::date, '2019-6-01'::date, 236),
(472, '2019-10-01'::date, '2020-3-01'::date, 236),
(473, '2019-1-01'::date, '2019-6-01'::date, 237),
(474, '2019-11-01'::date, '2020-4-01'::date, 237),
(475, '2019-1-01'::date, '2019-6-01'::date, 238),
(476, '2019-9-01'::date, '2020-2-01'::date, 238),
(477, '2019-1-01'::date, '2019-6-01'::date, 239),
(478, '2019-9-01'::date, '2020-2-01'::date, 239),
(479, '2019-2-01'::date, '2019-7-01'::date, 240),
(480, '2019-11-01'::date, '2020-4-01'::date, 240),
(481, '2019-1-01'::date, '2019-6-01'::date, 241),
(482, '2019-9-01'::date, '2020-2-01'::date, 241),
(483, '2019-3-01'::date, '2019-8-01'::date, 242),
(484, '2019-9-01'::date, '2020-2-01'::date, 242),
(485, '2019-2-01'::date, '2019-7-01'::date, 243),
(486, '2019-9-01'::date, '2020-2-01'::date, 243),
(487, '2019-2-01'::date, '2019-7-01'::date, 244),
(488, '2019-9-01'::date, '2020-2-01'::date, 244),
(489, '2019-3-01'::date, '2019-8-01'::date, 245),
(490, '2019-10-01'::date, '2020-3-01'::date, 245),
(491, '2019-1-01'::date, '2019-6-01'::date, 246),
(492, '2019-10-01'::date, '2020-3-01'::date, 246),
(493, '2019-3-01'::date, '2019-8-01'::date, 247),
(494, '2019-9-01'::date, '2020-2-01'::date, 247),
(495, '2019-3-01'::date, '2019-8-01'::date, 248),
(496, '2019-11-01'::date, '2020-4-01'::date, 248),
(497, '2019-2-01'::date, '2019-7-01'::date, 249),
(498, '2019-9-01'::date, '2020-2-01'::date, 249),
(499, '2019-3-01'::date, '2019-8-01'::date, 250),
(500, '2019-11-01'::date, '2020-4-01'::date, 250),
(501, '2019-3-01'::date, '2019-8-01'::date, 251),
(502, '2019-9-01'::date, '2020-2-01'::date, 251),
(503, '2019-2-01'::date, '2019-7-01'::date, 252),
(504, '2019-9-01'::date, '2020-2-01'::date, 252),
(505, '2019-1-01'::date, '2019-6-01'::date, 253),
(506, '2019-11-01'::date, '2020-4-01'::date, 253),
(507, '2019-1-01'::date, '2019-6-01'::date, 254),
(508, '2019-10-01'::date, '2020-3-01'::date, 254);

INSERT INTO departure_time(departure, time, span, day_of_the_week) VALUES
('6:00'::time, '5 hours'::interval, 1, 'Tuesday'),
('7:00'::time, '5 hours'::interval, 2, 'Monday'),
('10:00'::time, '4 hours'::interval, 2, 'Saturday'),
('9:00'::time, '5 hours'::interval, 2, 'Sunday'),
('7:00'::time, '3 hours'::interval, 3, 'Monday'),
('8:00'::time, '4 hours'::interval, 3, 'Wednesday'),
('8:00'::time, '4 hours'::interval, 3, 'Sunday'),
('8:00'::time, '4 hours'::interval, 4, 'Monday'),
('6:00'::time, '4 hours'::interval, 4, 'Tuesday'),
('11:00'::time, '3 hours'::interval, 4, 'Friday'),
('7:00'::time, '3 hours'::interval, 4, 'Sunday'),
('6:00'::time, '2 hours'::interval, 5, 'Monday'),
('22:00'::time, '2 hours'::interval, 5, 'Monday'),
('9:00'::time, '2 hours'::interval, 5, 'Tuesday'),
('23:00'::time, '2 hours'::interval, 5, 'Tuesday'),
('9:00'::time, '2 hours'::interval, 5, 'Wednesday'),
('18:00'::time, '2 hours'::interval, 5, 'Wednesday'),
('10:00'::time, '2 hours'::interval, 5, 'Thursday'),
('19:00'::time, '2 hours'::interval, 5, 'Thursday'),
('9:00'::time, '2 hours'::interval, 6, 'Monday'),
('21:00'::time, '2 hours'::interval, 6, 'Monday'),
('11:00'::time, '2 hours'::interval, 6, 'Tuesday'),
('21:00'::time, '2 hours'::interval, 6, 'Tuesday'),
('9:00'::time, '2 hours'::interval, 6, 'Saturday'),
('18:00'::time, '2 hours'::interval, 6, 'Saturday'),
('11:00'::time, '2 hours'::interval, 6, 'Sunday'),
('18:00'::time, '2 hours'::interval, 6, 'Sunday'),
('6:00'::time, '5 hours'::interval, 7, 'Thursday'),
('11:00'::time, '5 hours'::interval, 7, 'Friday'),
('8:00'::time, '5 hours'::interval, 8, 'Thursday'),
('7:00'::time, '5 hours'::interval, 8, 'Friday'),
('10:00'::time, '3 hours'::interval, 9, 'Wednesday'),
('6:00'::time, '3 hours'::interval, 9, 'Friday'),
('7:00'::time, '3 hours'::interval, 9, 'Sunday'),
('9:00'::time, '4 hours'::interval, 10, 'Tuesday'),
('8:00'::time, '4 hours'::interval, 10, 'Saturday'),
('9:00'::time, '3 hours'::interval, 11, 'Monday'),
('11:00'::time, '3 hours'::interval, 11, 'Tuesday'),
('8:00'::time, '3 hours'::interval, 11, 'Thursday'),
('6:00'::time, '3 hours'::interval, 11, 'Saturday'),
('6:00'::time, '3 hours'::interval, 12, 'Monday'),
('10:00'::time, '3 hours'::interval, 12, 'Tuesday'),
('8:00'::time, '3 hours'::interval, 12, 'Wednesday'),
('9:00'::time, '5 hours'::interval, 13, 'Thursday'),
('7:00'::time, '4 hours'::interval, 13, 'Saturday'),
('9:00'::time, '5 hours'::interval, 13, 'Sunday'),
('10:00'::time, '4 hours'::interval, 14, 'Wednesday'),
('8:00'::time, '5 hours'::interval, 14, 'Thursday'),
('9:00'::time, '5 hours'::interval, 14, 'Saturday'),
('7:00'::time, '5 hours'::interval, 15, 'Monday'),
('8:00'::time, '5 hours'::interval, 15, 'Wednesday'),
('11:00'::time, '6 hours'::interval, 16, 'Thursday'),
('9:00'::time, '6 hours'::interval, 16, 'Saturday'),
('11:00'::time, '4 hours'::interval, 17, 'Tuesday'),
('9:00'::time, '4 hours'::interval, 17, 'Wednesday'),
('10:00'::time, '4 hours'::interval, 17, 'Saturday'),
('8:00'::time, '4 hours'::interval, 18, 'Monday'),
('11:00'::time, '4 hours'::interval, 18, 'Tuesday'),
('7:00'::time, '4 hours'::interval, 18, 'Wednesday'),
('9:00'::time, '5 hours'::interval, 19, 'Tuesday'),
('6:00'::time, '4 hours'::interval, 19, 'Wednesday'),
('9:00'::time, '5 hours'::interval, 20, 'Wednesday'),
('9:00'::time, '4 hours'::interval, 20, 'Saturday'),
('9:00'::time, '1 hours'::interval, 21, 'Monday'),
('20:00'::time, '1 hours'::interval, 21, 'Monday'),
('6:00'::time, '1 hours'::interval, 21, 'Tuesday'),
('22:00'::time, '0 hours'::interval, 21, 'Tuesday'),
('8:00'::time, '0 hours'::interval, 21, 'Thursday'),
('18:00'::time, '0 hours'::interval, 21, 'Thursday'),
('9:00'::time, '0 hours'::interval, 21, 'Friday'),
('20:00'::time, '1 hours'::interval, 21, 'Friday'),
('6:00'::time, '1 hours'::interval, 22, 'Tuesday'),
('21:00'::time, '1 hours'::interval, 22, 'Tuesday'),
('11:00'::time, '0 hours'::interval, 22, 'Wednesday'),
('22:00'::time, '1 hours'::interval, 22, 'Wednesday'),
('11:00'::time, '1 hours'::interval, 22, 'Friday'),
('20:00'::time, '1 hours'::interval, 22, 'Friday'),
('9:00'::time, '1 hours'::interval, 22, 'Sunday'),
('22:00'::time, '0 hours'::interval, 22, 'Sunday'),
('8:00'::time, '1 hours'::interval, 23, 'Tuesday'),
('22:00'::time, '2 hours'::interval, 23, 'Tuesday'),
('9:00'::time, '2 hours'::interval, 23, 'Wednesday'),
('20:00'::time, '2 hours'::interval, 23, 'Wednesday'),
('8:00'::time, '1 hours'::interval, 23, 'Thursday'),
('22:00'::time, '2 hours'::interval, 23, 'Thursday'),
('9:00'::time, '2 hours'::interval, 23, 'Saturday'),
('19:00'::time, '2 hours'::interval, 23, 'Saturday'),
('9:00'::time, '2 hours'::interval, 24, 'Monday'),
('21:00'::time, '2 hours'::interval, 24, 'Monday'),
('6:00'::time, '2 hours'::interval, 24, 'Tuesday'),
('20:00'::time, '2 hours'::interval, 24, 'Tuesday'),
('6:00'::time, '1 hours'::interval, 24, 'Wednesday'),
('20:00'::time, '1 hours'::interval, 24, 'Wednesday'),
('9:00'::time, '2 hours'::interval, 24, 'Saturday'),
('21:00'::time, '1 hours'::interval, 24, 'Saturday'),
('6:00'::time, '2 hours'::interval, 24, 'Sunday'),
('22:00'::time, '2 hours'::interval, 24, 'Sunday'),
('7:00'::time, '2 hours'::interval, 25, 'Monday'),
('23:00'::time, '3 hours'::interval, 25, 'Monday'),
('6:00'::time, '3 hours'::interval, 25, 'Tuesday'),
('19:00'::time, '2 hours'::interval, 25, 'Tuesday'),
('6:00'::time, '3 hours'::interval, 25, 'Wednesday'),
('20:00'::time, '3 hours'::interval, 25, 'Wednesday'),
('9:00'::time, '2 hours'::interval, 25, 'Friday'),
('18:00'::time, '3 hours'::interval, 25, 'Friday'),
('6:00'::time, '3 hours'::interval, 25, 'Sunday'),
('20:00'::time, '2 hours'::interval, 25, 'Sunday'),
('8:00'::time, '3 hours'::interval, 26, 'Monday'),
('20:00'::time, '3 hours'::interval, 26, 'Monday'),
('9:00'::time, '3 hours'::interval, 26, 'Thursday'),
('23:00'::time, '2 hours'::interval, 26, 'Thursday'),
('10:00'::time, '2 hours'::interval, 26, 'Friday'),
('23:00'::time, '3 hours'::interval, 26, 'Friday'),
('8:00'::time, '3 hours'::interval, 26, 'Sunday'),
('20:00'::time, '3 hours'::interval, 26, 'Sunday'),
('7:00'::time, '5 hours'::interval, 27, 'Monday'),
('11:00'::time, '5 hours'::interval, 28, 'Tuesday'),
('11:00'::time, '5 hours'::interval, 28, 'Saturday'),
('9:00'::time, '3 hours'::interval, 29, 'Monday'),
('10:00'::time, '3 hours'::interval, 29, 'Tuesday'),
('9:00'::time, '3 hours'::interval, 29, 'Wednesday'),
('10:00'::time, '3 hours'::interval, 29, 'Saturday'),
('11:00'::time, '3 hours'::interval, 30, 'Monday'),
('10:00'::time, '3 hours'::interval, 30, 'Saturday'),
('8:00'::time, '3 hours'::interval, 30, 'Sunday'),
('11:00'::time, '5 hours'::interval, 31, 'Saturday'),
('10:00'::time, '6 hours'::interval, 31, 'Sunday'),
('9:00'::time, '6 hours'::interval, 32, 'Monday'),
('11:00'::time, '6 hours'::interval, 32, 'Saturday'),
('9:00'::time, '3 hours'::interval, 33, 'Wednesday'),
('10:00'::time, '3 hours'::interval, 33, 'Thursday'),
('6:00'::time, '3 hours'::interval, 33, 'Saturday'),
('6:00'::time, '3 hours'::interval, 33, 'Sunday'),
('9:00'::time, '3 hours'::interval, 34, 'Tuesday'),
('6:00'::time, '3 hours'::interval, 34, 'Friday'),
('11:00'::time, '4 hours'::interval, 35, 'Thursday'),
('9:00'::time, '4 hours'::interval, 35, 'Friday'),
('7:00'::time, '4 hours'::interval, 35, 'Sunday'),
('7:00'::time, '5 hours'::interval, 36, 'Monday'),
('10:00'::time, '5 hours'::interval, 36, 'Friday'),
('10:00'::time, '5 hours'::interval, 36, 'Sunday'),
('11:00'::time, '4 hours'::interval, 37, 'Tuesday'),
('6:00'::time, '4 hours'::interval, 37, 'Friday'),
('10:00'::time, '4 hours'::interval, 38, 'Wednesday'),
('11:00'::time, '4 hours'::interval, 38, 'Friday'),
('6:00'::time, '2 hours'::interval, 39, 'Monday'),
('19:00'::time, '2 hours'::interval, 39, 'Monday'),
('6:00'::time, '3 hours'::interval, 39, 'Wednesday'),
('22:00'::time, '3 hours'::interval, 39, 'Wednesday'),
('7:00'::time, '2 hours'::interval, 39, 'Thursday'),
('23:00'::time, '3 hours'::interval, 39, 'Thursday'),
('7:00'::time, '2 hours'::interval, 39, 'Sunday'),
('19:00'::time, '3 hours'::interval, 39, 'Sunday'),
('11:00'::time, '3 hours'::interval, 40, 'Wednesday'),
('21:00'::time, '2 hours'::interval, 40, 'Wednesday'),
('10:00'::time, '3 hours'::interval, 40, 'Thursday'),
('19:00'::time, '2 hours'::interval, 40, 'Thursday'),
('7:00'::time, '2 hours'::interval, 40, 'Saturday'),
('18:00'::time, '3 hours'::interval, 40, 'Saturday'),
('7:00'::time, '2 hours'::interval, 40, 'Sunday'),
('19:00'::time, '3 hours'::interval, 40, 'Sunday'),
('11:00'::time, '3 hours'::interval, 41, 'Wednesday'),
('7:00'::time, '3 hours'::interval, 41, 'Friday'),
('11:00'::time, '4 hours'::interval, 41, 'Saturday'),
('10:00'::time, '4 hours'::interval, 42, 'Tuesday'),
('11:00'::time, '4 hours'::interval, 42, 'Friday'),
('9:00'::time, '4 hours'::interval, 42, 'Sunday'),
('11:00'::time, '3 hours'::interval, 43, 'Tuesday'),
('22:00'::time, '3 hours'::interval, 43, 'Tuesday'),
('6:00'::time, '3 hours'::interval, 43, 'Friday'),
('18:00'::time, '3 hours'::interval, 43, 'Friday'),
('6:00'::time, '2 hours'::interval, 44, 'Tuesday'),
('22:00'::time, '2 hours'::interval, 44, 'Tuesday'),
('10:00'::time, '3 hours'::interval, 44, 'Wednesday'),
('21:00'::time, '3 hours'::interval, 44, 'Wednesday'),
('9:00'::time, '2 hours'::interval, 44, 'Friday'),
('23:00'::time, '2 hours'::interval, 44, 'Friday'),
('11:00'::time, '3 hours'::interval, 44, 'Sunday'),
('23:00'::time, '2 hours'::interval, 44, 'Sunday'),
('9:00'::time, '2 hours'::interval, 45, 'Monday'),
('20:00'::time, '1 hours'::interval, 45, 'Monday'),
('11:00'::time, '1 hours'::interval, 45, 'Wednesday'),
('19:00'::time, '1 hours'::interval, 45, 'Wednesday'),
('10:00'::time, '1 hours'::interval, 45, 'Friday'),
('18:00'::time, '1 hours'::interval, 45, 'Friday'),
('10:00'::time, '1 hours'::interval, 45, 'Saturday'),
('18:00'::time, '2 hours'::interval, 45, 'Saturday'),
('11:00'::time, '2 hours'::interval, 45, 'Sunday'),
('21:00'::time, '2 hours'::interval, 45, 'Sunday'),
('7:00'::time, '2 hours'::interval, 46, 'Wednesday'),
('20:00'::time, '2 hours'::interval, 46, 'Wednesday'),
('9:00'::time, '2 hours'::interval, 46, 'Thursday'),
('20:00'::time, '1 hours'::interval, 46, 'Thursday'),
('9:00'::time, '1 hours'::interval, 46, 'Saturday'),
('22:00'::time, '2 hours'::interval, 46, 'Saturday'),
('7:00'::time, '2 hours'::interval, 46, 'Sunday'),
('18:00'::time, '2 hours'::interval, 46, 'Sunday'),
('10:00'::time, '2 hours'::interval, 47, 'Tuesday'),
('21:00'::time, '2 hours'::interval, 47, 'Tuesday'),
('10:00'::time, '2 hours'::interval, 47, 'Wednesday'),
('20:00'::time, '2 hours'::interval, 47, 'Wednesday'),
('7:00'::time, '2 hours'::interval, 47, 'Thursday'),
('19:00'::time, '2 hours'::interval, 47, 'Thursday'),
('9:00'::time, '2 hours'::interval, 47, 'Friday'),
('20:00'::time, '2 hours'::interval, 47, 'Friday'),
('6:00'::time, '2 hours'::interval, 48, 'Monday'),
('22:00'::time, '2 hours'::interval, 48, 'Monday'),
('7:00'::time, '2 hours'::interval, 48, 'Thursday'),
('18:00'::time, '2 hours'::interval, 48, 'Thursday'),
('6:00'::time, '2 hours'::interval, 48, 'Friday'),
('18:00'::time, '2 hours'::interval, 48, 'Friday'),
('7:00'::time, '2 hours'::interval, 48, 'Saturday'),
('18:00'::time, '2 hours'::interval, 48, 'Saturday'),
('11:00'::time, '4 hours'::interval, 49, 'Tuesday'),
('7:00'::time, '4 hours'::interval, 49, 'Saturday'),
('8:00'::time, '5 hours'::interval, 49, 'Sunday'),
('9:00'::time, '5 hours'::interval, 50, 'Monday'),
('7:00'::time, '4 hours'::interval, 50, 'Sunday'),
('7:00'::time, '4 hours'::interval, 51, 'Tuesday'),
('8:00'::time, '3 hours'::interval, 51, 'Saturday'),
('6:00'::time, '4 hours'::interval, 51, 'Sunday'),
('10:00'::time, '3 hours'::interval, 52, 'Monday'),
('7:00'::time, '4 hours'::interval, 52, 'Tuesday'),
('6:00'::time, '4 hours'::interval, 52, 'Thursday'),
('8:00'::time, '4 hours'::interval, 52, 'Saturday'),
('11:00'::time, '4 hours'::interval, 53, 'Thursday'),
('10:00'::time, '4 hours'::interval, 53, 'Saturday'),
('6:00'::time, '4 hours'::interval, 53, 'Sunday'),
('10:00'::time, '4 hours'::interval, 54, 'Tuesday'),
('10:00'::time, '4 hours'::interval, 54, 'Thursday'),
('11:00'::time, '4 hours'::interval, 54, 'Sunday'),
('10:00'::time, '4 hours'::interval, 55, 'Monday'),
('9:00'::time, '5 hours'::interval, 55, 'Wednesday'),
('8:00'::time, '4 hours'::interval, 55, 'Saturday'),
('7:00'::time, '4 hours'::interval, 56, 'Monday'),
('8:00'::time, '5 hours'::interval, 56, 'Sunday'),
('9:00'::time, '4 hours'::interval, 57, 'Tuesday'),
('6:00'::time, '4 hours'::interval, 57, 'Thursday'),
('10:00'::time, '4 hours'::interval, 58, 'Monday'),
('11:00'::time, '4 hours'::interval, 58, 'Sunday'),
('8:00'::time, '1 hours'::interval, 59, 'Monday'),
('23:00'::time, '2 hours'::interval, 59, 'Monday'),
('10:00'::time, '2 hours'::interval, 59, 'Thursday'),
('22:00'::time, '1 hours'::interval, 59, 'Thursday'),
('9:00'::time, '1 hours'::interval, 59, 'Friday'),
('20:00'::time, '1 hours'::interval, 59, 'Friday'),
('10:00'::time, '1 hours'::interval, 59, 'Saturday'),
('20:00'::time, '1 hours'::interval, 59, 'Saturday'),
('11:00'::time, '2 hours'::interval, 60, 'Monday'),
('18:00'::time, '1 hours'::interval, 60, 'Monday'),
('6:00'::time, '1 hours'::interval, 60, 'Wednesday'),
('21:00'::time, '1 hours'::interval, 60, 'Wednesday'),
('10:00'::time, '2 hours'::interval, 60, 'Thursday'),
('18:00'::time, '2 hours'::interval, 60, 'Thursday'),
('11:00'::time, '2 hours'::interval, 60, 'Friday'),
('22:00'::time, '1 hours'::interval, 60, 'Friday'),
('11:00'::time, '2 hours'::interval, 60, 'Saturday'),
('21:00'::time, '1 hours'::interval, 60, 'Saturday'),
('8:00'::time, '3 hours'::interval, 61, 'Tuesday'),
('9:00'::time, '4 hours'::interval, 61, 'Friday'),
('6:00'::time, '3 hours'::interval, 61, 'Saturday'),
('10:00'::time, '3 hours'::interval, 62, 'Tuesday'),
('11:00'::time, '3 hours'::interval, 62, 'Wednesday'),
('6:00'::time, '4 hours'::interval, 62, 'Thursday'),
('9:00'::time, '4 hours'::interval, 63, 'Monday'),
('7:00'::time, '4 hours'::interval, 63, 'Thursday'),
('11:00'::time, '4 hours'::interval, 63, 'Friday'),
('7:00'::time, '4 hours'::interval, 64, 'Thursday'),
('9:00'::time, '4 hours'::interval, 64, 'Friday'),
('11:00'::time, '4 hours'::interval, 64, 'Sunday'),
('9:00'::time, '2 hours'::interval, 65, 'Tuesday'),
('21:00'::time, '2 hours'::interval, 65, 'Tuesday'),
('9:00'::time, '2 hours'::interval, 65, 'Thursday'),
('22:00'::time, '2 hours'::interval, 65, 'Thursday'),
('6:00'::time, '2 hours'::interval, 65, 'Saturday'),
('23:00'::time, '2 hours'::interval, 65, 'Saturday'),
('8:00'::time, '2 hours'::interval, 65, 'Sunday'),
('23:00'::time, '2 hours'::interval, 65, 'Sunday'),
('10:00'::time, '2 hours'::interval, 66, 'Tuesday'),
('22:00'::time, '2 hours'::interval, 66, 'Tuesday'),
('11:00'::time, '2 hours'::interval, 66, 'Thursday'),
('21:00'::time, '2 hours'::interval, 66, 'Thursday'),
('9:00'::time, '2 hours'::interval, 66, 'Friday'),
('18:00'::time, '2 hours'::interval, 66, 'Friday'),
('10:00'::time, '2 hours'::interval, 66, 'Saturday'),
('18:00'::time, '2 hours'::interval, 66, 'Saturday'),
('7:00'::time, '4 hours'::interval, 67, 'Wednesday'),
('7:00'::time, '4 hours'::interval, 67, 'Saturday'),
('7:00'::time, '4 hours'::interval, 67, 'Sunday'),
('10:00'::time, '4 hours'::interval, 68, 'Monday'),
('8:00'::time, '4 hours'::interval, 68, 'Wednesday'),
('8:00'::time, '4 hours'::interval, 68, 'Sunday'),
('6:00'::time, '3 hours'::interval, 69, 'Monday'),
('9:00'::time, '3 hours'::interval, 69, 'Thursday'),
('7:00'::time, '3 hours'::interval, 69, 'Saturday'),
('8:00'::time, '3 hours'::interval, 70, 'Monday'),
('8:00'::time, '3 hours'::interval, 70, 'Tuesday'),
('11:00'::time, '3 hours'::interval, 70, 'Saturday'),
('9:00'::time, '3 hours'::interval, 70, 'Sunday'),
('10:00'::time, '2 hours'::interval, 71, 'Tuesday'),
('21:00'::time, '2 hours'::interval, 71, 'Tuesday'),
('6:00'::time, '2 hours'::interval, 71, 'Wednesday'),
('22:00'::time, '2 hours'::interval, 71, 'Wednesday'),
('11:00'::time, '2 hours'::interval, 71, 'Sunday'),
('20:00'::time, '2 hours'::interval, 71, 'Sunday'),
('9:00'::time, '2 hours'::interval, 72, 'Monday'),
('19:00'::time, '2 hours'::interval, 72, 'Monday'),
('7:00'::time, '2 hours'::interval, 72, 'Wednesday'),
('19:00'::time, '2 hours'::interval, 72, 'Wednesday'),
('10:00'::time, '2 hours'::interval, 72, 'Thursday'),
('20:00'::time, '2 hours'::interval, 72, 'Thursday'),
('9:00'::time, '2 hours'::interval, 72, 'Saturday'),
('20:00'::time, '2 hours'::interval, 72, 'Saturday'),
('9:00'::time, '2 hours'::interval, 73, 'Monday'),
('23:00'::time, '2 hours'::interval, 73, 'Monday'),
('10:00'::time, '3 hours'::interval, 73, 'Tuesday'),
('19:00'::time, '2 hours'::interval, 73, 'Tuesday'),
('8:00'::time, '2 hours'::interval, 73, 'Wednesday'),
('19:00'::time, '3 hours'::interval, 73, 'Wednesday'),
('8:00'::time, '3 hours'::interval, 73, 'Thursday'),
('22:00'::time, '3 hours'::interval, 73, 'Thursday'),
('10:00'::time, '2 hours'::interval, 73, 'Friday'),
('21:00'::time, '3 hours'::interval, 73, 'Friday'),
('9:00'::time, '2 hours'::interval, 74, 'Tuesday'),
('23:00'::time, '2 hours'::interval, 74, 'Tuesday'),
('7:00'::time, '3 hours'::interval, 74, 'Wednesday'),
('21:00'::time, '3 hours'::interval, 74, 'Wednesday'),
('8:00'::time, '2 hours'::interval, 74, 'Thursday'),
('20:00'::time, '3 hours'::interval, 74, 'Thursday'),
('11:00'::time, '3 hours'::interval, 74, 'Friday'),
('20:00'::time, '2 hours'::interval, 74, 'Friday'),
('8:00'::time, '2 hours'::interval, 74, 'Saturday'),
('22:00'::time, '2 hours'::interval, 74, 'Saturday'),
('7:00'::time, '4 hours'::interval, 75, 'Wednesday'),
('10:00'::time, '4 hours'::interval, 75, 'Friday'),
('7:00'::time, '4 hours'::interval, 75, 'Sunday'),
('7:00'::time, '4 hours'::interval, 76, 'Wednesday'),
('11:00'::time, '4 hours'::interval, 76, 'Thursday'),
('9:00'::time, '4 hours'::interval, 76, 'Friday'),
('8:00'::time, '4 hours'::interval, 77, 'Tuesday'),
('10:00'::time, '4 hours'::interval, 77, 'Friday'),
('7:00'::time, '5 hours'::interval, 78, 'Monday'),
('6:00'::time, '4 hours'::interval, 78, 'Tuesday'),
('9:00'::time, '4 hours'::interval, 78, 'Saturday'),
('7:00'::time, '6 hours'::interval, 79, 'Monday'),
('8:00'::time, '5 hours'::interval, 79, 'Thursday'),
('8:00'::time, '6 hours'::interval, 80, 'Monday'),
('7:00'::time, '5 hours'::interval, 80, 'Wednesday'),
('7:00'::time, '3 hours'::interval, 81, 'Monday'),
('7:00'::time, '3 hours'::interval, 81, 'Wednesday'),
('11:00'::time, '4 hours'::interval, 81, 'Saturday'),
('7:00'::time, '3 hours'::interval, 81, 'Sunday'),
('11:00'::time, '4 hours'::interval, 82, 'Wednesday'),
('8:00'::time, '4 hours'::interval, 82, 'Thursday'),
('7:00'::time, '4 hours'::interval, 82, 'Friday'),
('11:00'::time, '2 hours'::interval, 83, 'Monday'),
('19:00'::time, '2 hours'::interval, 83, 'Monday'),
('11:00'::time, '2 hours'::interval, 83, 'Thursday'),
('19:00'::time, '2 hours'::interval, 83, 'Thursday'),
('8:00'::time, '2 hours'::interval, 83, 'Friday'),
('20:00'::time, '2 hours'::interval, 83, 'Friday'),
('9:00'::time, '2 hours'::interval, 83, 'Saturday'),
('20:00'::time, '2 hours'::interval, 83, 'Saturday'),
('6:00'::time, '2 hours'::interval, 84, 'Monday'),
('22:00'::time, '2 hours'::interval, 84, 'Monday'),
('8:00'::time, '2 hours'::interval, 84, 'Tuesday'),
('18:00'::time, '2 hours'::interval, 84, 'Tuesday'),
('6:00'::time, '2 hours'::interval, 84, 'Thursday'),
('21:00'::time, '2 hours'::interval, 84, 'Thursday'),
('7:00'::time, '2 hours'::interval, 84, 'Saturday'),
('20:00'::time, '2 hours'::interval, 84, 'Saturday'),
('8:00'::time, '2 hours'::interval, 85, 'Tuesday'),
('20:00'::time, '3 hours'::interval, 85, 'Tuesday'),
('7:00'::time, '2 hours'::interval, 85, 'Wednesday'),
('23:00'::time, '2 hours'::interval, 85, 'Wednesday'),
('8:00'::time, '3 hours'::interval, 85, 'Sunday'),
('22:00'::time, '3 hours'::interval, 85, 'Sunday'),
('10:00'::time, '3 hours'::interval, 86, 'Wednesday'),
('20:00'::time, '2 hours'::interval, 86, 'Wednesday'),
('11:00'::time, '3 hours'::interval, 86, 'Thursday'),
('22:00'::time, '2 hours'::interval, 86, 'Thursday'),
('9:00'::time, '3 hours'::interval, 86, 'Sunday'),
('18:00'::time, '3 hours'::interval, 86, 'Sunday'),
('7:00'::time, '3 hours'::interval, 87, 'Thursday'),
('8:00'::time, '3 hours'::interval, 87, 'Friday'),
('9:00'::time, '4 hours'::interval, 87, 'Sunday'),
('6:00'::time, '3 hours'::interval, 88, 'Monday'),
('11:00'::time, '3 hours'::interval, 88, 'Tuesday'),
('9:00'::time, '3 hours'::interval, 88, 'Thursday'),
('7:00'::time, '3 hours'::interval, 88, 'Friday'),
('9:00'::time, '2 hours'::interval, 89, 'Tuesday'),
('19:00'::time, '2 hours'::interval, 89, 'Tuesday'),
('9:00'::time, '2 hours'::interval, 89, 'Thursday'),
('18:00'::time, '3 hours'::interval, 89, 'Thursday'),
('11:00'::time, '3 hours'::interval, 89, 'Friday'),
('22:00'::time, '3 hours'::interval, 89, 'Friday'),
('6:00'::time, '3 hours'::interval, 89, 'Sunday'),
('23:00'::time, '2 hours'::interval, 89, 'Sunday'),
('9:00'::time, '3 hours'::interval, 90, 'Friday'),
('19:00'::time, '2 hours'::interval, 90, 'Friday'),
('9:00'::time, '3 hours'::interval, 90, 'Saturday'),
('22:00'::time, '3 hours'::interval, 90, 'Saturday'),
('7:00'::time, '2 hours'::interval, 91, 'Monday'),
('18:00'::time, '2 hours'::interval, 91, 'Monday'),
('10:00'::time, '2 hours'::interval, 91, 'Tuesday'),
('21:00'::time, '2 hours'::interval, 91, 'Tuesday'),
('11:00'::time, '2 hours'::interval, 91, 'Thursday'),
('22:00'::time, '2 hours'::interval, 91, 'Thursday'),
('11:00'::time, '2 hours'::interval, 92, 'Monday'),
('19:00'::time, '2 hours'::interval, 92, 'Monday'),
('11:00'::time, '2 hours'::interval, 92, 'Tuesday'),
('19:00'::time, '2 hours'::interval, 92, 'Tuesday'),
('11:00'::time, '2 hours'::interval, 92, 'Wednesday'),
('23:00'::time, '2 hours'::interval, 92, 'Wednesday'),
('10:00'::time, '2 hours'::interval, 92, 'Saturday'),
('20:00'::time, '2 hours'::interval, 92, 'Saturday'),
('11:00'::time, '2 hours'::interval, 92, 'Sunday'),
('19:00'::time, '2 hours'::interval, 92, 'Sunday'),
('6:00'::time, '3 hours'::interval, 93, 'Tuesday'),
('22:00'::time, '2 hours'::interval, 93, 'Tuesday'),
('6:00'::time, '2 hours'::interval, 93, 'Thursday'),
('18:00'::time, '2 hours'::interval, 93, 'Thursday'),
('8:00'::time, '3 hours'::interval, 93, 'Friday'),
('19:00'::time, '3 hours'::interval, 93, 'Friday'),
('7:00'::time, '2 hours'::interval, 93, 'Saturday'),
('18:00'::time, '2 hours'::interval, 93, 'Saturday'),
('8:00'::time, '3 hours'::interval, 94, 'Monday'),
('19:00'::time, '3 hours'::interval, 94, 'Monday'),
('11:00'::time, '2 hours'::interval, 94, 'Wednesday'),
('21:00'::time, '3 hours'::interval, 94, 'Wednesday'),
('11:00'::time, '3 hours'::interval, 94, 'Thursday'),
('21:00'::time, '3 hours'::interval, 94, 'Thursday'),
('11:00'::time, '3 hours'::interval, 94, 'Sunday'),
('22:00'::time, '2 hours'::interval, 94, 'Sunday'),
('7:00'::time, '2 hours'::interval, 95, 'Monday'),
('23:00'::time, '2 hours'::interval, 95, 'Monday'),
('9:00'::time, '2 hours'::interval, 95, 'Tuesday'),
('23:00'::time, '2 hours'::interval, 95, 'Tuesday'),
('8:00'::time, '2 hours'::interval, 95, 'Sunday'),
('18:00'::time, '2 hours'::interval, 95, 'Sunday'),
('6:00'::time, '2 hours'::interval, 96, 'Monday'),
('22:00'::time, '2 hours'::interval, 96, 'Monday'),
('11:00'::time, '2 hours'::interval, 96, 'Sunday'),
('21:00'::time, '2 hours'::interval, 96, 'Sunday'),
('6:00'::time, '5 hours'::interval, 97, 'Thursday'),
('10:00'::time, '4 hours'::interval, 97, 'Saturday'),
('6:00'::time, '5 hours'::interval, 97, 'Sunday'),
('9:00'::time, '5 hours'::interval, 98, 'Monday'),
('7:00'::time, '5 hours'::interval, 98, 'Wednesday'),
('11:00'::time, '6 hours'::interval, 99, 'Thursday'),
('9:00'::time, '6 hours'::interval, 99, 'Sunday'),
('10:00'::time, '6 hours'::interval, 100, 'Tuesday'),
('9:00'::time, '6 hours'::interval, 100, 'Sunday'),
('9:00'::time, '3 hours'::interval, 101, 'Monday'),
('7:00'::time, '3 hours'::interval, 101, 'Thursday'),
('11:00'::time, '3 hours'::interval, 101, 'Friday'),
('6:00'::time, '3 hours'::interval, 101, 'Saturday'),
('10:00'::time, '3 hours'::interval, 102, 'Wednesday'),
('6:00'::time, '3 hours'::interval, 102, 'Friday'),
('11:00'::time, '3 hours'::interval, 103, 'Monday'),
('10:00'::time, '3 hours'::interval, 103, 'Tuesday'),
('10:00'::time, '3 hours'::interval, 103, 'Friday'),
('6:00'::time, '3 hours'::interval, 103, 'Saturday'),
('10:00'::time, '3 hours'::interval, 104, 'Monday'),
('10:00'::time, '3 hours'::interval, 104, 'Saturday'),
('11:00'::time, '5 hours'::interval, 105, 'Monday'),
('11:00'::time, '5 hours'::interval, 105, 'Tuesday'),
('8:00'::time, '5 hours'::interval, 106, 'Monday'),
('6:00'::time, '5 hours'::interval, 106, 'Saturday'),
('10:00'::time, '4 hours'::interval, 106, 'Sunday'),
('6:00'::time, '2 hours'::interval, 107, 'Monday'),
('20:00'::time, '2 hours'::interval, 107, 'Monday'),
('7:00'::time, '2 hours'::interval, 107, 'Thursday'),
('19:00'::time, '2 hours'::interval, 107, 'Thursday'),
('7:00'::time, '2 hours'::interval, 107, 'Saturday'),
('23:00'::time, '2 hours'::interval, 107, 'Saturday'),
('8:00'::time, '2 hours'::interval, 107, 'Sunday'),
('21:00'::time, '2 hours'::interval, 107, 'Sunday'),
('11:00'::time, '2 hours'::interval, 108, 'Monday'),
('19:00'::time, '2 hours'::interval, 108, 'Monday'),
('10:00'::time, '2 hours'::interval, 108, 'Tuesday'),
('21:00'::time, '2 hours'::interval, 108, 'Tuesday'),
('6:00'::time, '2 hours'::interval, 108, 'Friday'),
('18:00'::time, '2 hours'::interval, 108, 'Friday'),
('6:00'::time, '2 hours'::interval, 108, 'Saturday'),
('23:00'::time, '2 hours'::interval, 108, 'Saturday'),
('9:00'::time, '2 hours'::interval, 108, 'Sunday'),
('21:00'::time, '2 hours'::interval, 108, 'Sunday'),
('6:00'::time, '5 hours'::interval, 109, 'Friday'),
('9:00'::time, '5 hours'::interval, 110, 'Friday'),
('10:00'::time, '5 hours'::interval, 111, 'Monday'),
('8:00'::time, '6 hours'::interval, 111, 'Wednesday'),
('7:00'::time, '6 hours'::interval, 112, 'Tuesday'),
('6:00'::time, '5 hours'::interval, 112, 'Sunday'),
('11:00'::time, '2 hours'::interval, 113, 'Tuesday'),
('18:00'::time, '2 hours'::interval, 113, 'Tuesday'),
('10:00'::time, '2 hours'::interval, 113, 'Wednesday'),
('19:00'::time, '1 hours'::interval, 113, 'Wednesday'),
('6:00'::time, '1 hours'::interval, 113, 'Thursday'),
('21:00'::time, '1 hours'::interval, 113, 'Thursday'),
('8:00'::time, '2 hours'::interval, 113, 'Sunday'),
('19:00'::time, '1 hours'::interval, 113, 'Sunday'),
('8:00'::time, '1 hours'::interval, 114, 'Monday'),
('19:00'::time, '2 hours'::interval, 114, 'Monday'),
('11:00'::time, '2 hours'::interval, 114, 'Tuesday'),
('23:00'::time, '1 hours'::interval, 114, 'Tuesday'),
('6:00'::time, '1 hours'::interval, 114, 'Sunday'),
('21:00'::time, '2 hours'::interval, 114, 'Sunday'),
('6:00'::time, '1 hours'::interval, 115, 'Monday'),
('22:00'::time, '1 hours'::interval, 115, 'Monday'),
('7:00'::time, '1 hours'::interval, 115, 'Thursday'),
('20:00'::time, '2 hours'::interval, 115, 'Thursday'),
('11:00'::time, '1 hours'::interval, 115, 'Friday'),
('22:00'::time, '2 hours'::interval, 115, 'Friday'),
('9:00'::time, '1 hours'::interval, 115, 'Sunday'),
('18:00'::time, '2 hours'::interval, 115, 'Sunday'),
('11:00'::time, '2 hours'::interval, 116, 'Monday'),
('22:00'::time, '1 hours'::interval, 116, 'Monday'),
('11:00'::time, '1 hours'::interval, 116, 'Tuesday'),
('19:00'::time, '1 hours'::interval, 116, 'Tuesday'),
('11:00'::time, '1 hours'::interval, 116, 'Thursday'),
('19:00'::time, '1 hours'::interval, 116, 'Thursday'),
('9:00'::time, '2 hours'::interval, 116, 'Friday'),
('21:00'::time, '1 hours'::interval, 116, 'Friday'),
('10:00'::time, '2 hours'::interval, 116, 'Saturday'),
('18:00'::time, '1 hours'::interval, 116, 'Saturday'),
('11:00'::time, '3 hours'::interval, 117, 'Monday'),
('10:00'::time, '4 hours'::interval, 117, 'Tuesday'),
('11:00'::time, '3 hours'::interval, 117, 'Wednesday'),
('6:00'::time, '4 hours'::interval, 117, 'Sunday'),
('7:00'::time, '4 hours'::interval, 118, 'Tuesday'),
('7:00'::time, '3 hours'::interval, 118, 'Wednesday'),
('10:00'::time, '3 hours'::interval, 118, 'Friday'),
('10:00'::time, '3 hours'::interval, 119, 'Monday'),
('9:00'::time, '3 hours'::interval, 119, 'Wednesday'),
('11:00'::time, '3 hours'::interval, 119, 'Friday'),
('7:00'::time, '4 hours'::interval, 119, 'Saturday'),
('8:00'::time, '3 hours'::interval, 120, 'Monday'),
('6:00'::time, '3 hours'::interval, 120, 'Friday'),
('9:00'::time, '4 hours'::interval, 120, 'Sunday'),
('6:00'::time, '3 hours'::interval, 121, 'Monday'),
('23:00'::time, '3 hours'::interval, 121, 'Monday'),
('8:00'::time, '3 hours'::interval, 121, 'Wednesday'),
('19:00'::time, '2 hours'::interval, 121, 'Wednesday'),
('7:00'::time, '2 hours'::interval, 121, 'Friday'),
('23:00'::time, '3 hours'::interval, 121, 'Friday'),
('9:00'::time, '2 hours'::interval, 122, 'Monday'),
('20:00'::time, '3 hours'::interval, 122, 'Monday'),
('7:00'::time, '3 hours'::interval, 122, 'Thursday'),
('18:00'::time, '3 hours'::interval, 122, 'Thursday'),
('10:00'::time, '3 hours'::interval, 122, 'Friday'),
('18:00'::time, '2 hours'::interval, 122, 'Friday'),
('6:00'::time, '2 hours'::interval, 122, 'Saturday'),
('20:00'::time, '3 hours'::interval, 122, 'Saturday'),
('10:00'::time, '4 hours'::interval, 123, 'Wednesday'),
('8:00'::time, '4 hours'::interval, 123, 'Thursday'),
('6:00'::time, '4 hours'::interval, 123, 'Friday'),
('10:00'::time, '4 hours'::interval, 123, 'Saturday'),
('11:00'::time, '4 hours'::interval, 124, 'Wednesday'),
('6:00'::time, '4 hours'::interval, 124, 'Friday'),
('6:00'::time, '3 hours'::interval, 124, 'Sunday'),
('6:00'::time, '4 hours'::interval, 125, 'Tuesday'),
('7:00'::time, '4 hours'::interval, 125, 'Saturday'),
('11:00'::time, '4 hours'::interval, 125, 'Sunday'),
('9:00'::time, '4 hours'::interval, 126, 'Tuesday'),
('7:00'::time, '4 hours'::interval, 126, 'Friday'),
('11:00'::time, '4 hours'::interval, 126, 'Saturday'),
('10:00'::time, '4 hours'::interval, 127, 'Monday'),
('11:00'::time, '5 hours'::interval, 127, 'Wednesday'),
('9:00'::time, '4 hours'::interval, 127, 'Thursday'),
('8:00'::time, '5 hours'::interval, 128, 'Wednesday'),
('9:00'::time, '5 hours'::interval, 128, 'Thursday'),
('6:00'::time, '4 hours'::interval, 128, 'Saturday'),
('8:00'::time, '4 hours'::interval, 129, 'Tuesday'),
('10:00'::time, '4 hours'::interval, 129, 'Saturday'),
('10:00'::time, '4 hours'::interval, 129, 'Sunday'),
('6:00'::time, '4 hours'::interval, 130, 'Monday'),
('10:00'::time, '4 hours'::interval, 130, 'Wednesday'),
('10:00'::time, '4 hours'::interval, 130, 'Saturday'),
('8:00'::time, '2 hours'::interval, 131, 'Monday'),
('21:00'::time, '2 hours'::interval, 131, 'Monday'),
('8:00'::time, '2 hours'::interval, 131, 'Thursday'),
('22:00'::time, '2 hours'::interval, 131, 'Thursday'),
('10:00'::time, '2 hours'::interval, 131, 'Saturday'),
('18:00'::time, '2 hours'::interval, 131, 'Saturday'),
('9:00'::time, '2 hours'::interval, 131, 'Sunday'),
('19:00'::time, '2 hours'::interval, 131, 'Sunday'),
('9:00'::time, '2 hours'::interval, 132, 'Tuesday'),
('21:00'::time, '2 hours'::interval, 132, 'Tuesday'),
('8:00'::time, '2 hours'::interval, 132, 'Wednesday'),
('22:00'::time, '2 hours'::interval, 132, 'Wednesday'),
('9:00'::time, '2 hours'::interval, 132, 'Thursday'),
('23:00'::time, '2 hours'::interval, 132, 'Thursday'),
('7:00'::time, '2 hours'::interval, 132, 'Sunday'),
('18:00'::time, '2 hours'::interval, 132, 'Sunday'),
('11:00'::time, '5 hours'::interval, 133, 'Monday'),
('10:00'::time, '5 hours'::interval, 133, 'Friday'),
('11:00'::time, '5 hours'::interval, 134, 'Monday'),
('11:00'::time, '5 hours'::interval, 134, 'Tuesday'),
('8:00'::time, '5 hours'::interval, 135, 'Thursday'),
('8:00'::time, '6 hours'::interval, 135, 'Sunday'),
('11:00'::time, '5 hours'::interval, 136, 'Monday'),
('11:00'::time, '5 hours'::interval, 136, 'Sunday'),
('7:00'::time, '2 hours'::interval, 137, 'Tuesday'),
('20:00'::time, '2 hours'::interval, 137, 'Tuesday'),
('6:00'::time, '2 hours'::interval, 137, 'Wednesday'),
('20:00'::time, '2 hours'::interval, 137, 'Wednesday'),
('7:00'::time, '2 hours'::interval, 137, 'Thursday'),
('18:00'::time, '2 hours'::interval, 137, 'Thursday'),
('8:00'::time, '2 hours'::interval, 138, 'Tuesday'),
('18:00'::time, '2 hours'::interval, 138, 'Tuesday'),
('9:00'::time, '2 hours'::interval, 138, 'Thursday'),
('18:00'::time, '2 hours'::interval, 138, 'Thursday'),
('7:00'::time, '2 hours'::interval, 138, 'Friday'),
('18:00'::time, '2 hours'::interval, 138, 'Friday'),
('6:00'::time, '2 hours'::interval, 138, 'Saturday'),
('18:00'::time, '2 hours'::interval, 138, 'Saturday'),
('6:00'::time, '2 hours'::interval, 139, 'Monday'),
('18:00'::time, '2 hours'::interval, 139, 'Monday'),
('6:00'::time, '2 hours'::interval, 139, 'Saturday'),
('23:00'::time, '2 hours'::interval, 139, 'Saturday'),
('6:00'::time, '2 hours'::interval, 140, 'Wednesday'),
('23:00'::time, '2 hours'::interval, 140, 'Wednesday'),
('11:00'::time, '2 hours'::interval, 140, 'Thursday'),
('21:00'::time, '2 hours'::interval, 140, 'Thursday'),
('6:00'::time, '2 hours'::interval, 140, 'Friday'),
('23:00'::time, '2 hours'::interval, 140, 'Friday'),
('7:00'::time, '3 hours'::interval, 141, 'Monday'),
('23:00'::time, '3 hours'::interval, 141, 'Monday'),
('11:00'::time, '3 hours'::interval, 141, 'Wednesday'),
('22:00'::time, '3 hours'::interval, 141, 'Wednesday'),
('8:00'::time, '3 hours'::interval, 141, 'Saturday'),
('21:00'::time, '3 hours'::interval, 141, 'Saturday'),
('6:00'::time, '2 hours'::interval, 141, 'Sunday'),
('23:00'::time, '3 hours'::interval, 141, 'Sunday'),
('7:00'::time, '2 hours'::interval, 142, 'Monday'),
('18:00'::time, '2 hours'::interval, 142, 'Monday'),
('8:00'::time, '2 hours'::interval, 142, 'Wednesday'),
('22:00'::time, '2 hours'::interval, 142, 'Wednesday'),
('8:00'::time, '3 hours'::interval, 142, 'Sunday'),
('23:00'::time, '3 hours'::interval, 142, 'Sunday'),
('10:00'::time, '6 hours'::interval, 143, 'Monday'),
('8:00'::time, '6 hours'::interval, 143, 'Tuesday'),
('6:00'::time, '6 hours'::interval, 144, 'Tuesday'),
('8:00'::time, '6 hours'::interval, 144, 'Thursday'),
('8:00'::time, '4 hours'::interval, 145, 'Monday'),
('11:00'::time, '4 hours'::interval, 145, 'Saturday'),
('6:00'::time, '4 hours'::interval, 146, 'Monday'),
('9:00'::time, '4 hours'::interval, 146, 'Tuesday'),
('7:00'::time, '4 hours'::interval, 146, 'Thursday'),
('11:00'::time, '3 hours'::interval, 147, 'Monday'),
('9:00'::time, '3 hours'::interval, 147, 'Wednesday'),
('8:00'::time, '3 hours'::interval, 147, 'Saturday'),
('9:00'::time, '3 hours'::interval, 148, 'Wednesday'),
('7:00'::time, '3 hours'::interval, 148, 'Friday'),
('7:00'::time, '3 hours'::interval, 148, 'Saturday'),
('8:00'::time, '3 hours'::interval, 148, 'Sunday'),
('7:00'::time, '5 hours'::interval, 149, 'Tuesday'),
('8:00'::time, '4 hours'::interval, 149, 'Friday'),
('10:00'::time, '4 hours'::interval, 149, 'Sunday'),
('9:00'::time, '5 hours'::interval, 150, 'Tuesday'),
('9:00'::time, '5 hours'::interval, 150, 'Wednesday'),
('8:00'::time, '4 hours'::interval, 150, 'Friday'),
('6:00'::time, '5 hours'::interval, 151, 'Tuesday'),
('10:00'::time, '5 hours'::interval, 151, 'Thursday'),
('6:00'::time, '5 hours'::interval, 152, 'Tuesday'),
('9:00'::time, '2 hours'::interval, 153, 'Tuesday'),
('21:00'::time, '2 hours'::interval, 153, 'Tuesday'),
('11:00'::time, '2 hours'::interval, 153, 'Wednesday'),
('21:00'::time, '2 hours'::interval, 153, 'Wednesday'),
('11:00'::time, '2 hours'::interval, 153, 'Friday'),
('20:00'::time, '2 hours'::interval, 153, 'Friday'),
('9:00'::time, '2 hours'::interval, 153, 'Saturday'),
('19:00'::time, '2 hours'::interval, 153, 'Saturday'),
('8:00'::time, '2 hours'::interval, 154, 'Monday'),
('23:00'::time, '2 hours'::interval, 154, 'Monday'),
('11:00'::time, '2 hours'::interval, 154, 'Thursday'),
('21:00'::time, '2 hours'::interval, 154, 'Thursday'),
('8:00'::time, '2 hours'::interval, 154, 'Friday'),
('22:00'::time, '2 hours'::interval, 154, 'Friday'),
('7:00'::time, '4 hours'::interval, 155, 'Tuesday'),
('8:00'::time, '4 hours'::interval, 155, 'Friday'),
('7:00'::time, '4 hours'::interval, 155, 'Saturday'),
('10:00'::time, '4 hours'::interval, 156, 'Monday'),
('11:00'::time, '4 hours'::interval, 156, 'Thursday'),
('10:00'::time, '6 hours'::interval, 157, 'Tuesday'),
('10:00'::time, '6 hours'::interval, 158, 'Tuesday'),
('11:00'::time, '5 hours'::interval, 158, 'Friday'),
('10:00'::time, '3 hours'::interval, 159, 'Tuesday'),
('9:00'::time, '4 hours'::interval, 159, 'Wednesday'),
('8:00'::time, '4 hours'::interval, 159, 'Thursday'),
('11:00'::time, '4 hours'::interval, 160, 'Tuesday'),
('10:00'::time, '3 hours'::interval, 160, 'Wednesday'),
('11:00'::time, '3 hours'::interval, 160, 'Thursday'),
('7:00'::time, '5 hours'::interval, 161, 'Monday'),
('11:00'::time, '5 hours'::interval, 161, 'Wednesday'),
('8:00'::time, '5 hours'::interval, 162, 'Wednesday'),
('9:00'::time, '5 hours'::interval, 162, 'Thursday'),
('6:00'::time, '2 hours'::interval, 163, 'Monday'),
('20:00'::time, '2 hours'::interval, 163, 'Monday'),
('10:00'::time, '1 hours'::interval, 163, 'Tuesday'),
('20:00'::time, '1 hours'::interval, 163, 'Tuesday'),
('8:00'::time, '2 hours'::interval, 163, 'Wednesday'),
('19:00'::time, '2 hours'::interval, 163, 'Wednesday'),
('10:00'::time, '1 hours'::interval, 163, 'Friday'),
('21:00'::time, '1 hours'::interval, 163, 'Friday'),
('11:00'::time, '2 hours'::interval, 163, 'Saturday'),
('20:00'::time, '2 hours'::interval, 163, 'Saturday'),
('9:00'::time, '1 hours'::interval, 164, 'Monday'),
('21:00'::time, '2 hours'::interval, 164, 'Monday'),
('10:00'::time, '2 hours'::interval, 164, 'Tuesday'),
('21:00'::time, '2 hours'::interval, 164, 'Tuesday'),
('6:00'::time, '2 hours'::interval, 164, 'Thursday'),
('20:00'::time, '2 hours'::interval, 164, 'Thursday'),
('8:00'::time, '1 hours'::interval, 164, 'Saturday'),
('22:00'::time, '1 hours'::interval, 164, 'Saturday'),
('8:00'::time, '2 hours'::interval, 164, 'Sunday'),
('19:00'::time, '2 hours'::interval, 164, 'Sunday'),
('9:00'::time, '3 hours'::interval, 165, 'Tuesday'),
('8:00'::time, '3 hours'::interval, 165, 'Thursday'),
('10:00'::time, '3 hours'::interval, 165, 'Saturday'),
('8:00'::time, '3 hours'::interval, 166, 'Monday'),
('8:00'::time, '3 hours'::interval, 166, 'Friday'),
('11:00'::time, '3 hours'::interval, 166, 'Saturday'),
('9:00'::time, '3 hours'::interval, 166, 'Sunday'),
('7:00'::time, '3 hours'::interval, 167, 'Monday'),
('11:00'::time, '3 hours'::interval, 167, 'Thursday'),
('11:00'::time, '3 hours'::interval, 167, 'Saturday'),
('11:00'::time, '3 hours'::interval, 167, 'Sunday'),
('7:00'::time, '3 hours'::interval, 168, 'Friday'),
('11:00'::time, '3 hours'::interval, 168, 'Saturday'),
('6:00'::time, '3 hours'::interval, 168, 'Sunday'),
('10:00'::time, '2 hours'::interval, 169, 'Monday'),
('18:00'::time, '2 hours'::interval, 169, 'Monday'),
('6:00'::time, '2 hours'::interval, 169, 'Thursday'),
('19:00'::time, '2 hours'::interval, 169, 'Thursday'),
('6:00'::time, '2 hours'::interval, 169, 'Friday'),
('22:00'::time, '2 hours'::interval, 169, 'Friday'),
('7:00'::time, '2 hours'::interval, 170, 'Tuesday'),
('18:00'::time, '2 hours'::interval, 170, 'Tuesday'),
('7:00'::time, '2 hours'::interval, 170, 'Wednesday'),
('23:00'::time, '2 hours'::interval, 170, 'Wednesday'),
('9:00'::time, '2 hours'::interval, 170, 'Friday'),
('19:00'::time, '2 hours'::interval, 170, 'Friday'),
('11:00'::time, '2 hours'::interval, 170, 'Sunday'),
('20:00'::time, '2 hours'::interval, 170, 'Sunday'),
('11:00'::time, '3 hours'::interval, 171, 'Tuesday'),
('9:00'::time, '3 hours'::interval, 171, 'Friday'),
('8:00'::time, '3 hours'::interval, 171, 'Saturday'),
('9:00'::time, '3 hours'::interval, 172, 'Thursday'),
('8:00'::time, '3 hours'::interval, 172, 'Friday'),
('7:00'::time, '6 hours'::interval, 173, 'Tuesday'),
('10:00'::time, '6 hours'::interval, 173, 'Friday'),
('8:00'::time, '5 hours'::interval, 174, 'Thursday'),
('9:00'::time, '6 hours'::interval, 174, 'Sunday'),
('10:00'::time, '4 hours'::interval, 175, 'Tuesday'),
('10:00'::time, '5 hours'::interval, 175, 'Wednesday'),
('11:00'::time, '4 hours'::interval, 175, 'Thursday'),
('8:00'::time, '5 hours'::interval, 176, 'Thursday'),
('7:00'::time, '5 hours'::interval, 176, 'Sunday'),
('10:00'::time, '3 hours'::interval, 177, 'Monday'),
('8:00'::time, '3 hours'::interval, 177, 'Friday'),
('9:00'::time, '3 hours'::interval, 177, 'Sunday'),
('10:00'::time, '3 hours'::interval, 178, 'Tuesday'),
('7:00'::time, '3 hours'::interval, 178, 'Wednesday'),
('10:00'::time, '3 hours'::interval, 178, 'Saturday'),
('11:00'::time, '4 hours'::interval, 179, 'Friday'),
('11:00'::time, '4 hours'::interval, 179, 'Saturday'),
('9:00'::time, '4 hours'::interval, 180, 'Tuesday'),
('9:00'::time, '5 hours'::interval, 180, 'Friday'),
('8:00'::time, '4 hours'::interval, 180, 'Saturday'),
('8:00'::time, '5 hours'::interval, 181, 'Tuesday'),
('10:00'::time, '5 hours'::interval, 181, 'Saturday'),
('7:00'::time, '5 hours'::interval, 181, 'Sunday'),
('6:00'::time, '4 hours'::interval, 182, 'Wednesday'),
('7:00'::time, '5 hours'::interval, 182, 'Sunday'),
('10:00'::time, '4 hours'::interval, 183, 'Tuesday'),
('9:00'::time, '5 hours'::interval, 183, 'Wednesday'),
('6:00'::time, '4 hours'::interval, 184, 'Wednesday'),
('11:00'::time, '5 hours'::interval, 184, 'Thursday'),
('7:00'::time, '5 hours'::interval, 184, 'Sunday'),
('6:00'::time, '2 hours'::interval, 185, 'Tuesday'),
('21:00'::time, '3 hours'::interval, 185, 'Tuesday'),
('8:00'::time, '2 hours'::interval, 185, 'Wednesday'),
('19:00'::time, '3 hours'::interval, 185, 'Wednesday'),
('10:00'::time, '3 hours'::interval, 185, 'Thursday'),
('19:00'::time, '2 hours'::interval, 185, 'Thursday'),
('6:00'::time, '2 hours'::interval, 186, 'Monday'),
('22:00'::time, '3 hours'::interval, 186, 'Monday'),
('10:00'::time, '3 hours'::interval, 186, 'Tuesday'),
('23:00'::time, '3 hours'::interval, 186, 'Tuesday'),
('11:00'::time, '3 hours'::interval, 186, 'Wednesday'),
('18:00'::time, '2 hours'::interval, 186, 'Wednesday'),
('7:00'::time, '2 hours'::interval, 186, 'Friday'),
('23:00'::time, '2 hours'::interval, 186, 'Friday'),
('6:00'::time, '2 hours'::interval, 186, 'Sunday'),
('19:00'::time, '3 hours'::interval, 186, 'Sunday'),
('11:00'::time, '0 hours'::interval, 187, 'Monday'),
('18:00'::time, '0 hours'::interval, 187, 'Monday'),
('11:00'::time, '0 hours'::interval, 187, 'Tuesday'),
('19:00'::time, '0 hours'::interval, 187, 'Tuesday'),
('6:00'::time, '0 hours'::interval, 187, 'Thursday'),
('21:00'::time, '0 hours'::interval, 187, 'Thursday'),
('10:00'::time, '0 hours'::interval, 187, 'Friday'),
('23:00'::time, '0 hours'::interval, 187, 'Friday'),
('7:00'::time, '0 hours'::interval, 187, 'Sunday'),
('22:00'::time, '0 hours'::interval, 187, 'Sunday'),
('8:00'::time, '0 hours'::interval, 188, 'Tuesday'),
('19:00'::time, '0 hours'::interval, 188, 'Tuesday'),
('10:00'::time, '0 hours'::interval, 188, 'Wednesday'),
('18:00'::time, '0 hours'::interval, 188, 'Wednesday'),
('10:00'::time, '0 hours'::interval, 188, 'Thursday'),
('21:00'::time, '0 hours'::interval, 188, 'Thursday'),
('11:00'::time, '0 hours'::interval, 188, 'Friday'),
('22:00'::time, '0 hours'::interval, 188, 'Friday'),
('9:00'::time, '0 hours'::interval, 188, 'Sunday'),
('20:00'::time, '0 hours'::interval, 188, 'Sunday'),
('10:00'::time, '3 hours'::interval, 189, 'Monday'),
('6:00'::time, '4 hours'::interval, 189, 'Tuesday'),
('8:00'::time, '3 hours'::interval, 189, 'Wednesday'),
('11:00'::time, '3 hours'::interval, 189, 'Friday'),
('9:00'::time, '3 hours'::interval, 190, 'Tuesday'),
('9:00'::time, '4 hours'::interval, 190, 'Thursday'),
('6:00'::time, '3 hours'::interval, 190, 'Friday'),
('11:00'::time, '2 hours'::interval, 191, 'Wednesday'),
('22:00'::time, '2 hours'::interval, 191, 'Wednesday'),
('6:00'::time, '2 hours'::interval, 191, 'Thursday'),
('22:00'::time, '2 hours'::interval, 191, 'Thursday'),
('6:00'::time, '2 hours'::interval, 191, 'Sunday'),
('20:00'::time, '2 hours'::interval, 191, 'Sunday'),
('10:00'::time, '2 hours'::interval, 192, 'Monday'),
('18:00'::time, '2 hours'::interval, 192, 'Monday'),
('6:00'::time, '2 hours'::interval, 192, 'Wednesday'),
('19:00'::time, '2 hours'::interval, 192, 'Wednesday'),
('9:00'::time, '2 hours'::interval, 192, 'Friday'),
('20:00'::time, '2 hours'::interval, 192, 'Friday'),
('10:00'::time, '3 hours'::interval, 193, 'Friday'),
('8:00'::time, '3 hours'::interval, 194, 'Monday'),
('11:00'::time, '3 hours'::interval, 194, 'Wednesday'),
('8:00'::time, '3 hours'::interval, 194, 'Thursday'),
('9:00'::time, '3 hours'::interval, 194, 'Sunday'),
('9:00'::time, '6 hours'::interval, 195, 'Friday'),
('7:00'::time, '5 hours'::interval, 195, 'Sunday'),
('10:00'::time, '5 hours'::interval, 196, 'Saturday'),
('11:00'::time, '6 hours'::interval, 196, 'Sunday'),
('9:00'::time, '3 hours'::interval, 197, 'Tuesday'),
('11:00'::time, '3 hours'::interval, 197, 'Wednesday'),
('8:00'::time, '3 hours'::interval, 197, 'Sunday'),
('6:00'::time, '3 hours'::interval, 198, 'Tuesday'),
('6:00'::time, '3 hours'::interval, 198, 'Wednesday'),
('9:00'::time, '3 hours'::interval, 198, 'Thursday'),
('8:00'::time, '5 hours'::interval, 199, 'Thursday'),
('10:00'::time, '5 hours'::interval, 200, 'Friday'),
('10:00'::time, '5 hours'::interval, 200, 'Sunday'),
('7:00'::time, '3 hours'::interval, 201, 'Monday'),
('19:00'::time, '2 hours'::interval, 201, 'Monday'),
('6:00'::time, '2 hours'::interval, 201, 'Tuesday'),
('19:00'::time, '2 hours'::interval, 201, 'Tuesday'),
('6:00'::time, '2 hours'::interval, 201, 'Thursday'),
('20:00'::time, '3 hours'::interval, 201, 'Thursday'),
('7:00'::time, '2 hours'::interval, 201, 'Saturday'),
('21:00'::time, '3 hours'::interval, 201, 'Saturday'),
('10:00'::time, '2 hours'::interval, 201, 'Sunday'),
('19:00'::time, '2 hours'::interval, 201, 'Sunday'),
('6:00'::time, '2 hours'::interval, 202, 'Tuesday'),
('22:00'::time, '2 hours'::interval, 202, 'Tuesday'),
('7:00'::time, '3 hours'::interval, 202, 'Wednesday'),
('21:00'::time, '3 hours'::interval, 202, 'Wednesday'),
('7:00'::time, '3 hours'::interval, 202, 'Friday'),
('22:00'::time, '2 hours'::interval, 202, 'Friday'),
('6:00'::time, '3 hours'::interval, 202, 'Saturday'),
('18:00'::time, '3 hours'::interval, 202, 'Saturday'),
('6:00'::time, '3 hours'::interval, 203, 'Monday'),
('6:00'::time, '3 hours'::interval, 203, 'Tuesday'),
('6:00'::time, '4 hours'::interval, 203, 'Friday'),
('9:00'::time, '4 hours'::interval, 204, 'Thursday'),
('9:00'::time, '4 hours'::interval, 204, 'Friday'),
('11:00'::time, '4 hours'::interval, 204, 'Saturday'),
('10:00'::time, '2 hours'::interval, 205, 'Tuesday'),
('22:00'::time, '2 hours'::interval, 205, 'Tuesday'),
('6:00'::time, '2 hours'::interval, 205, 'Friday'),
('19:00'::time, '2 hours'::interval, 205, 'Friday'),
('7:00'::time, '2 hours'::interval, 205, 'Sunday'),
('23:00'::time, '2 hours'::interval, 205, 'Sunday'),
('7:00'::time, '2 hours'::interval, 206, 'Monday'),
('18:00'::time, '2 hours'::interval, 206, 'Monday'),
('6:00'::time, '2 hours'::interval, 206, 'Wednesday'),
('21:00'::time, '2 hours'::interval, 206, 'Wednesday'),
('11:00'::time, '2 hours'::interval, 206, 'Thursday'),
('19:00'::time, '2 hours'::interval, 206, 'Thursday'),
('6:00'::time, '2 hours'::interval, 206, 'Sunday'),
('18:00'::time, '2 hours'::interval, 206, 'Sunday'),
('11:00'::time, '4 hours'::interval, 207, 'Tuesday'),
('9:00'::time, '4 hours'::interval, 207, 'Wednesday'),
('10:00'::time, '5 hours'::interval, 207, 'Saturday'),
('8:00'::time, '4 hours'::interval, 208, 'Monday'),
('9:00'::time, '5 hours'::interval, 208, 'Thursday'),
('6:00'::time, '5 hours'::interval, 208, 'Saturday'),
('11:00'::time, '2 hours'::interval, 209, 'Monday'),
('23:00'::time, '2 hours'::interval, 209, 'Monday'),
('9:00'::time, '2 hours'::interval, 209, 'Friday'),
('21:00'::time, '2 hours'::interval, 209, 'Friday'),
('11:00'::time, '2 hours'::interval, 209, 'Sunday'),
('20:00'::time, '2 hours'::interval, 209, 'Sunday'),
('6:00'::time, '2 hours'::interval, 210, 'Monday'),
('22:00'::time, '2 hours'::interval, 210, 'Monday'),
('11:00'::time, '2 hours'::interval, 210, 'Tuesday'),
('23:00'::time, '2 hours'::interval, 210, 'Tuesday'),
('10:00'::time, '2 hours'::interval, 210, 'Thursday'),
('18:00'::time, '2 hours'::interval, 210, 'Thursday'),
('9:00'::time, '2 hours'::interval, 210, 'Friday'),
('23:00'::time, '2 hours'::interval, 210, 'Friday'),
('7:00'::time, '5 hours'::interval, 211, 'Saturday'),
('7:00'::time, '5 hours'::interval, 211, 'Sunday'),
('11:00'::time, '5 hours'::interval, 212, 'Wednesday'),
('9:00'::time, '5 hours'::interval, 212, 'Friday'),
('9:00'::time, '3 hours'::interval, 213, 'Tuesday'),
('19:00'::time, '2 hours'::interval, 213, 'Tuesday'),
('6:00'::time, '3 hours'::interval, 213, 'Thursday'),
('21:00'::time, '2 hours'::interval, 213, 'Thursday'),
('11:00'::time, '2 hours'::interval, 213, 'Saturday'),
('23:00'::time, '3 hours'::interval, 213, 'Saturday'),
('8:00'::time, '2 hours'::interval, 214, 'Tuesday'),
('22:00'::time, '2 hours'::interval, 214, 'Tuesday'),
('7:00'::time, '2 hours'::interval, 214, 'Thursday'),
('18:00'::time, '2 hours'::interval, 214, 'Thursday'),
('8:00'::time, '3 hours'::interval, 214, 'Friday'),
('22:00'::time, '3 hours'::interval, 214, 'Friday'),
('9:00'::time, '3 hours'::interval, 214, 'Sunday'),
('18:00'::time, '3 hours'::interval, 214, 'Sunday'),
('11:00'::time, '4 hours'::interval, 215, 'Tuesday'),
('7:00'::time, '4 hours'::interval, 215, 'Thursday'),
('11:00'::time, '5 hours'::interval, 215, 'Sunday'),
('7:00'::time, '4 hours'::interval, 216, 'Friday'),
('8:00'::time, '5 hours'::interval, 216, 'Saturday'),
('8:00'::time, '5 hours'::interval, 216, 'Sunday'),
('10:00'::time, '5 hours'::interval, 217, 'Tuesday'),
('7:00'::time, '5 hours'::interval, 217, 'Saturday'),
('10:00'::time, '5 hours'::interval, 217, 'Sunday'),
('10:00'::time, '4 hours'::interval, 218, 'Tuesday'),
('6:00'::time, '5 hours'::interval, 218, 'Wednesday'),
('6:00'::time, '5 hours'::interval, 218, 'Sunday'),
('10:00'::time, '5 hours'::interval, 219, 'Monday'),
('8:00'::time, '4 hours'::interval, 219, 'Tuesday'),
('6:00'::time, '5 hours'::interval, 219, 'Wednesday'),
('7:00'::time, '4 hours'::interval, 220, 'Tuesday'),
('9:00'::time, '4 hours'::interval, 220, 'Thursday'),
('8:00'::time, '4 hours'::interval, 220, 'Friday'),
('11:00'::time, '3 hours'::interval, 221, 'Monday'),
('6:00'::time, '3 hours'::interval, 221, 'Wednesday'),
('10:00'::time, '3 hours'::interval, 221, 'Friday'),
('9:00'::time, '3 hours'::interval, 221, 'Saturday'),
('6:00'::time, '3 hours'::interval, 222, 'Tuesday'),
('6:00'::time, '3 hours'::interval, 222, 'Wednesday'),
('8:00'::time, '3 hours'::interval, 222, 'Thursday'),
('9:00'::time, '3 hours'::interval, 222, 'Friday'),
('9:00'::time, '5 hours'::interval, 223, 'Thursday'),
('8:00'::time, '5 hours'::interval, 223, 'Sunday'),
('11:00'::time, '5 hours'::interval, 224, 'Wednesday'),
('6:00'::time, '5 hours'::interval, 224, 'Thursday'),
('6:00'::time, '3 hours'::interval, 225, 'Tuesday'),
('9:00'::time, '3 hours'::interval, 225, 'Wednesday'),
('11:00'::time, '3 hours'::interval, 225, 'Friday'),
('6:00'::time, '3 hours'::interval, 225, 'Sunday'),
('8:00'::time, '3 hours'::interval, 226, 'Tuesday'),
('8:00'::time, '3 hours'::interval, 226, 'Wednesday'),
('8:00'::time, '3 hours'::interval, 226, 'Friday'),
('10:00'::time, '4 hours'::interval, 227, 'Thursday'),
('7:00'::time, '4 hours'::interval, 227, 'Friday'),
('9:00'::time, '4 hours'::interval, 228, 'Monday'),
('8:00'::time, '4 hours'::interval, 228, 'Friday'),
('10:00'::time, '4 hours'::interval, 228, 'Sunday'),
('8:00'::time, '4 hours'::interval, 229, 'Friday'),
('10:00'::time, '4 hours'::interval, 229, 'Sunday'),
('8:00'::time, '4 hours'::interval, 230, 'Monday'),
('11:00'::time, '4 hours'::interval, 230, 'Friday'),
('11:00'::time, '4 hours'::interval, 230, 'Sunday'),
('11:00'::time, '2 hours'::interval, 231, 'Tuesday'),
('21:00'::time, '3 hours'::interval, 231, 'Tuesday'),
('11:00'::time, '3 hours'::interval, 231, 'Wednesday'),
('19:00'::time, '2 hours'::interval, 231, 'Wednesday'),
('6:00'::time, '3 hours'::interval, 231, 'Friday'),
('21:00'::time, '2 hours'::interval, 231, 'Friday'),
('10:00'::time, '2 hours'::interval, 231, 'Saturday'),
('21:00'::time, '3 hours'::interval, 231, 'Saturday'),
('9:00'::time, '2 hours'::interval, 232, 'Monday'),
('22:00'::time, '3 hours'::interval, 232, 'Monday'),
('7:00'::time, '2 hours'::interval, 232, 'Tuesday'),
('23:00'::time, '3 hours'::interval, 232, 'Tuesday'),
('8:00'::time, '2 hours'::interval, 232, 'Wednesday'),
('22:00'::time, '2 hours'::interval, 232, 'Wednesday'),
('6:00'::time, '3 hours'::interval, 232, 'Friday'),
('22:00'::time, '2 hours'::interval, 232, 'Friday'),
('10:00'::time, '5 hours'::interval, 233, 'Wednesday'),
('7:00'::time, '5 hours'::interval, 233, 'Saturday'),
('11:00'::time, '5 hours'::interval, 234, 'Wednesday'),
('8:00'::time, '5 hours'::interval, 234, 'Saturday'),
('7:00'::time, '4 hours'::interval, 235, 'Monday'),
('9:00'::time, '4 hours'::interval, 235, 'Wednesday'),
('6:00'::time, '5 hours'::interval, 235, 'Sunday'),
('7:00'::time, '4 hours'::interval, 236, 'Wednesday'),
('9:00'::time, '4 hours'::interval, 236, 'Thursday'),
('10:00'::time, '3 hours'::interval, 237, 'Wednesday'),
('9:00'::time, '3 hours'::interval, 237, 'Thursday'),
('6:00'::time, '3 hours'::interval, 237, 'Friday'),
('9:00'::time, '3 hours'::interval, 238, 'Monday'),
('11:00'::time, '3 hours'::interval, 238, 'Friday'),
('11:00'::time, '3 hours'::interval, 238, 'Saturday'),
('8:00'::time, '3 hours'::interval, 238, 'Sunday'),
('11:00'::time, '2 hours'::interval, 239, 'Monday'),
('18:00'::time, '2 hours'::interval, 239, 'Monday'),
('7:00'::time, '2 hours'::interval, 239, 'Tuesday'),
('19:00'::time, '2 hours'::interval, 239, 'Tuesday'),
('10:00'::time, '2 hours'::interval, 239, 'Friday'),
('19:00'::time, '2 hours'::interval, 239, 'Friday'),
('9:00'::time, '2 hours'::interval, 239, 'Saturday'),
('22:00'::time, '2 hours'::interval, 239, 'Saturday'),
('11:00'::time, '2 hours'::interval, 239, 'Sunday'),
('22:00'::time, '2 hours'::interval, 239, 'Sunday'),
('8:00'::time, '2 hours'::interval, 240, 'Monday'),
('20:00'::time, '2 hours'::interval, 240, 'Monday'),
('11:00'::time, '2 hours'::interval, 240, 'Tuesday'),
('21:00'::time, '2 hours'::interval, 240, 'Tuesday'),
('11:00'::time, '2 hours'::interval, 240, 'Wednesday'),
('22:00'::time, '2 hours'::interval, 240, 'Wednesday'),
('6:00'::time, '2 hours'::interval, 240, 'Sunday'),
('22:00'::time, '2 hours'::interval, 240, 'Sunday'),
('6:00'::time, '4 hours'::interval, 241, 'Tuesday'),
('11:00'::time, '4 hours'::interval, 241, 'Sunday'),
('7:00'::time, '4 hours'::interval, 242, 'Wednesday'),
('8:00'::time, '4 hours'::interval, 242, 'Friday'),
('11:00'::time, '4 hours'::interval, 242, 'Sunday'),
('11:00'::time, '2 hours'::interval, 243, 'Monday'),
('22:00'::time, '2 hours'::interval, 243, 'Monday'),
('8:00'::time, '2 hours'::interval, 243, 'Tuesday'),
('23:00'::time, '2 hours'::interval, 243, 'Tuesday'),
('6:00'::time, '2 hours'::interval, 243, 'Thursday'),
('23:00'::time, '2 hours'::interval, 243, 'Thursday'),
('8:00'::time, '2 hours'::interval, 243, 'Sunday'),
('20:00'::time, '2 hours'::interval, 243, 'Sunday'),
('8:00'::time, '2 hours'::interval, 244, 'Monday'),
('22:00'::time, '2 hours'::interval, 244, 'Monday'),
('10:00'::time, '2 hours'::interval, 244, 'Thursday'),
('21:00'::time, '2 hours'::interval, 244, 'Thursday'),
('7:00'::time, '2 hours'::interval, 244, 'Friday'),
('23:00'::time, '2 hours'::interval, 244, 'Friday'),
('6:00'::time, '2 hours'::interval, 244, 'Saturday'),
('22:00'::time, '2 hours'::interval, 244, 'Saturday'),
('7:00'::time, '2 hours'::interval, 244, 'Sunday'),
('21:00'::time, '2 hours'::interval, 244, 'Sunday'),
('9:00'::time, '6 hours'::interval, 245, 'Thursday'),
('7:00'::time, '6 hours'::interval, 245, 'Sunday'),
('11:00'::time, '5 hours'::interval, 246, 'Monday'),
('10:00'::time, '6 hours'::interval, 246, 'Wednesday'),
('7:00'::time, '5 hours'::interval, 247, 'Monday'),
('11:00'::time, '5 hours'::interval, 247, 'Thursday'),
('9:00'::time, '5 hours'::interval, 248, 'Wednesday'),
('11:00'::time, '5 hours'::interval, 248, 'Friday'),
('10:00'::time, '5 hours'::interval, 248, 'Saturday'),
('11:00'::time, '3 hours'::interval, 249, 'Tuesday'),
('9:00'::time, '3 hours'::interval, 249, 'Wednesday'),
('10:00'::time, '3 hours'::interval, 249, 'Thursday'),
('7:00'::time, '3 hours'::interval, 249, 'Friday'),
('7:00'::time, '3 hours'::interval, 250, 'Tuesday'),
('10:00'::time, '3 hours'::interval, 250, 'Thursday'),
('11:00'::time, '3 hours'::interval, 250, 'Sunday'),
('6:00'::time, '5 hours'::interval, 251, 'Saturday'),
('10:00'::time, '5 hours'::interval, 251, 'Sunday'),
('7:00'::time, '6 hours'::interval, 252, 'Monday'),
('7:00'::time, '5 hours'::interval, 252, 'Tuesday'),
('9:00'::time, '4 hours'::interval, 253, 'Thursday'),
('9:00'::time, '5 hours'::interval, 253, 'Saturday'),
('8:00'::time, '5 hours'::interval, 254, 'Tuesday'),
('8:00'::time, '5 hours'::interval, 254, 'Wednesday'),
('7:00'::time, '5 hours'::interval, 254, 'Saturday'),
('11:00'::time, '3 hours'::interval, 255, 'Tuesday'),
('10:00'::time, '3 hours'::interval, 255, 'Wednesday'),
('8:00'::time, '3 hours'::interval, 255, 'Thursday'),
('6:00'::time, '3 hours'::interval, 255, 'Saturday'),
('10:00'::time, '3 hours'::interval, 256, 'Monday'),
('7:00'::time, '3 hours'::interval, 256, 'Wednesday'),
('10:00'::time, '3 hours'::interval, 256, 'Thursday'),
('11:00'::time, '4 hours'::interval, 257, 'Tuesday'),
('8:00'::time, '4 hours'::interval, 257, 'Friday'),
('9:00'::time, '4 hours'::interval, 257, 'Sunday'),
('7:00'::time, '4 hours'::interval, 258, 'Tuesday'),
('10:00'::time, '4 hours'::interval, 258, 'Wednesday'),
('11:00'::time, '4 hours'::interval, 258, 'Saturday'),
('9:00'::time, '2 hours'::interval, 259, 'Wednesday'),
('18:00'::time, '2 hours'::interval, 259, 'Wednesday'),
('7:00'::time, '2 hours'::interval, 259, 'Saturday'),
('18:00'::time, '2 hours'::interval, 259, 'Saturday'),
('9:00'::time, '2 hours'::interval, 259, 'Sunday'),
('21:00'::time, '2 hours'::interval, 259, 'Sunday'),
('9:00'::time, '2 hours'::interval, 260, 'Monday'),
('21:00'::time, '2 hours'::interval, 260, 'Monday'),
('11:00'::time, '2 hours'::interval, 260, 'Tuesday'),
('23:00'::time, '2 hours'::interval, 260, 'Tuesday'),
('7:00'::time, '2 hours'::interval, 260, 'Friday'),
('23:00'::time, '2 hours'::interval, 260, 'Friday'),
('8:00'::time, '4 hours'::interval, 261, 'Monday'),
('8:00'::time, '4 hours'::interval, 261, 'Friday'),
('11:00'::time, '4 hours'::interval, 261, 'Sunday'),
('7:00'::time, '3 hours'::interval, 262, 'Tuesday'),
('6:00'::time, '3 hours'::interval, 262, 'Wednesday'),
('8:00'::time, '4 hours'::interval, 262, 'Friday'),
('9:00'::time, '6 hours'::interval, 263, 'Wednesday'),
('6:00'::time, '6 hours'::interval, 263, 'Friday'),
('7:00'::time, '5 hours'::interval, 264, 'Monday'),
('8:00'::time, '5 hours'::interval, 264, 'Friday'),
('11:00'::time, '5 hours'::interval, 265, 'Tuesday'),
('8:00'::time, '5 hours'::interval, 265, 'Saturday'),
('6:00'::time, '5 hours'::interval, 266, 'Wednesday'),
('6:00'::time, '5 hours'::interval, 266, 'Friday'),
('8:00'::time, '3 hours'::interval, 267, 'Monday'),
('8:00'::time, '3 hours'::interval, 267, 'Friday'),
('11:00'::time, '3 hours'::interval, 267, 'Saturday'),
('7:00'::time, '3 hours'::interval, 268, 'Friday'),
('11:00'::time, '3 hours'::interval, 268, 'Saturday'),
('9:00'::time, '3 hours'::interval, 268, 'Sunday'),
('6:00'::time, '5 hours'::interval, 269, 'Thursday'),
('7:00'::time, '4 hours'::interval, 269, 'Saturday'),
('8:00'::time, '5 hours'::interval, 270, 'Monday'),
('7:00'::time, '5 hours'::interval, 270, 'Thursday'),
('9:00'::time, '5 hours'::interval, 270, 'Sunday'),
('11:00'::time, '5 hours'::interval, 271, 'Wednesday'),
('8:00'::time, '5 hours'::interval, 271, 'Friday'),
('9:00'::time, '5 hours'::interval, 272, 'Tuesday'),
('9:00'::time, '5 hours'::interval, 272, 'Wednesday'),
('7:00'::time, '5 hours'::interval, 272, 'Sunday'),
('10:00'::time, '4 hours'::interval, 273, 'Wednesday'),
('9:00'::time, '3 hours'::interval, 273, 'Friday'),
('11:00'::time, '3 hours'::interval, 274, 'Wednesday'),
('8:00'::time, '4 hours'::interval, 274, 'Thursday'),
('10:00'::time, '3 hours'::interval, 275, 'Monday'),
('10:00'::time, '3 hours'::interval, 275, 'Tuesday'),
('8:00'::time, '3 hours'::interval, 275, 'Friday'),
('8:00'::time, '3 hours'::interval, 275, 'Saturday'),
('11:00'::time, '3 hours'::interval, 276, 'Monday'),
('6:00'::time, '3 hours'::interval, 276, 'Tuesday'),
('11:00'::time, '3 hours'::interval, 276, 'Friday'),
('11:00'::time, '3 hours'::interval, 277, 'Tuesday'),
('6:00'::time, '3 hours'::interval, 277, 'Wednesday'),
('11:00'::time, '4 hours'::interval, 277, 'Friday'),
('11:00'::time, '4 hours'::interval, 277, 'Sunday'),
('11:00'::time, '4 hours'::interval, 278, 'Monday'),
('8:00'::time, '4 hours'::interval, 278, 'Wednesday'),
('8:00'::time, '3 hours'::interval, 278, 'Thursday'),
('7:00'::time, '5 hours'::interval, 279, 'Monday'),
('10:00'::time, '5 hours'::interval, 279, 'Tuesday'),
('9:00'::time, '5 hours'::interval, 280, 'Wednesday'),
('7:00'::time, '5 hours'::interval, 280, 'Saturday'),
('10:00'::time, '4 hours'::interval, 281, 'Tuesday'),
('11:00'::time, '4 hours'::interval, 281, 'Thursday'),
('6:00'::time, '4 hours'::interval, 281, 'Saturday'),
('11:00'::time, '4 hours'::interval, 282, 'Tuesday'),
('9:00'::time, '4 hours'::interval, 282, 'Wednesday'),
('8:00'::time, '4 hours'::interval, 282, 'Thursday'),
('9:00'::time, '6 hours'::interval, 283, 'Tuesday'),
('6:00'::time, '6 hours'::interval, 283, 'Thursday'),
('8:00'::time, '5 hours'::interval, 284, 'Friday'),
('11:00'::time, '5 hours'::interval, 284, 'Saturday'),
('10:00'::time, '5 hours'::interval, 285, 'Monday'),
('7:00'::time, '4 hours'::interval, 285, 'Thursday'),
('8:00'::time, '5 hours'::interval, 285, 'Sunday'),
('11:00'::time, '4 hours'::interval, 286, 'Wednesday'),
('11:00'::time, '5 hours'::interval, 286, 'Friday'),
('10:00'::time, '5 hours'::interval, 286, 'Sunday'),
('6:00'::time, '5 hours'::interval, 287, 'Thursday'),
('9:00'::time, '5 hours'::interval, 287, 'Sunday'),
('11:00'::time, '5 hours'::interval, 288, 'Tuesday'),
('8:00'::time, '5 hours'::interval, 288, 'Friday'),
('8:00'::time, '5 hours'::interval, 289, 'Tuesday'),
('7:00'::time, '5 hours'::interval, 289, 'Sunday'),
('6:00'::time, '5 hours'::interval, 290, 'Monday'),
('9:00'::time, '6 hours'::interval, 290, 'Tuesday'),
('10:00'::time, '3 hours'::interval, 291, 'Monday'),
('8:00'::time, '3 hours'::interval, 291, 'Friday'),
('11:00'::time, '3 hours'::interval, 291, 'Saturday'),
('9:00'::time, '3 hours'::interval, 292, 'Monday'),
('8:00'::time, '3 hours'::interval, 292, 'Thursday'),
('8:00'::time, '3 hours'::interval, 292, 'Friday'),
('11:00'::time, '3 hours'::interval, 292, 'Saturday'),
('10:00'::time, '3 hours'::interval, 293, 'Monday'),
('6:00'::time, '4 hours'::interval, 293, 'Tuesday'),
('8:00'::time, '4 hours'::interval, 293, 'Friday'),
('11:00'::time, '4 hours'::interval, 294, 'Tuesday'),
('11:00'::time, '3 hours'::interval, 294, 'Wednesday'),
('7:00'::time, '3 hours'::interval, 294, 'Friday'),
('10:00'::time, '4 hours'::interval, 294, 'Sunday'),
('8:00'::time, '3 hours'::interval, 295, 'Tuesday'),
('9:00'::time, '4 hours'::interval, 295, 'Saturday'),
('10:00'::time, '3 hours'::interval, 296, 'Wednesday'),
('9:00'::time, '4 hours'::interval, 296, 'Friday'),
('7:00'::time, '4 hours'::interval, 296, 'Sunday'),
('7:00'::time, '4 hours'::interval, 297, 'Monday'),
('8:00'::time, '4 hours'::interval, 297, 'Tuesday'),
('7:00'::time, '4 hours'::interval, 297, 'Wednesday'),
('8:00'::time, '4 hours'::interval, 298, 'Monday'),
('7:00'::time, '4 hours'::interval, 298, 'Wednesday'),
('7:00'::time, '4 hours'::interval, 298, 'Sunday'),
('8:00'::time, '5 hours'::interval, 299, 'Monday'),
('9:00'::time, '5 hours'::interval, 299, 'Tuesday'),
('9:00'::time, '5 hours'::interval, 300, 'Tuesday'),
('10:00'::time, '4 hours'::interval, 301, 'Monday'),
('11:00'::time, '4 hours'::interval, 301, 'Saturday'),
('8:00'::time, '3 hours'::interval, 301, 'Sunday'),
('8:00'::time, '3 hours'::interval, 302, 'Wednesday'),
('11:00'::time, '3 hours'::interval, 302, 'Friday'),
('9:00'::time, '3 hours'::interval, 302, 'Sunday'),
('8:00'::time, '2 hours'::interval, 303, 'Monday'),
('23:00'::time, '2 hours'::interval, 303, 'Monday'),
('11:00'::time, '2 hours'::interval, 303, 'Wednesday'),
('22:00'::time, '2 hours'::interval, 303, 'Wednesday'),
('7:00'::time, '2 hours'::interval, 303, 'Thursday'),
('18:00'::time, '2 hours'::interval, 303, 'Thursday'),
('7:00'::time, '2 hours'::interval, 303, 'Saturday'),
('19:00'::time, '2 hours'::interval, 303, 'Saturday'),
('10:00'::time, '2 hours'::interval, 304, 'Tuesday'),
('18:00'::time, '2 hours'::interval, 304, 'Tuesday'),
('11:00'::time, '2 hours'::interval, 304, 'Thursday'),
('22:00'::time, '2 hours'::interval, 304, 'Thursday'),
('11:00'::time, '2 hours'::interval, 304, 'Saturday'),
('22:00'::time, '2 hours'::interval, 304, 'Saturday'),
('9:00'::time, '2 hours'::interval, 304, 'Sunday'),
('22:00'::time, '2 hours'::interval, 304, 'Sunday'),
('11:00'::time, '4 hours'::interval, 305, 'Thursday'),
('10:00'::time, '4 hours'::interval, 305, 'Sunday'),
('10:00'::time, '5 hours'::interval, 306, 'Monday'),
('6:00'::time, '5 hours'::interval, 306, 'Sunday'),
('6:00'::time, '4 hours'::interval, 307, 'Monday'),
('9:00'::time, '4 hours'::interval, 307, 'Wednesday'),
('7:00'::time, '4 hours'::interval, 307, 'Friday'),
('7:00'::time, '4 hours'::interval, 308, 'Wednesday'),
('7:00'::time, '4 hours'::interval, 308, 'Thursday'),
('10:00'::time, '4 hours'::interval, 308, 'Friday'),
('9:00'::time, '4 hours'::interval, 309, 'Tuesday'),
('6:00'::time, '3 hours'::interval, 309, 'Friday'),
('7:00'::time, '3 hours'::interval, 310, 'Wednesday'),
('10:00'::time, '4 hours'::interval, 310, 'Thursday'),
('10:00'::time, '3 hours'::interval, 310, 'Sunday'),
('9:00'::time, '6 hours'::interval, 311, 'Monday'),
('9:00'::time, '6 hours'::interval, 311, 'Sunday'),
('11:00'::time, '6 hours'::interval, 312, 'Monday'),
('10:00'::time, '6 hours'::interval, 312, 'Tuesday'),
('8:00'::time, '5 hours'::interval, 313, 'Friday'),
('8:00'::time, '5 hours'::interval, 314, 'Monday'),
('9:00'::time, '5 hours'::interval, 314, 'Sunday'),
('9:00'::time, '4 hours'::interval, 315, 'Wednesday'),
('9:00'::time, '4 hours'::interval, 315, 'Friday'),
('7:00'::time, '4 hours'::interval, 315, 'Saturday'),
('6:00'::time, '4 hours'::interval, 316, 'Monday'),
('10:00'::time, '4 hours'::interval, 316, 'Wednesday'),
('8:00'::time, '3 hours'::interval, 317, 'Tuesday'),
('6:00'::time, '3 hours'::interval, 317, 'Wednesday'),
('7:00'::time, '3 hours'::interval, 317, 'Thursday'),
('11:00'::time, '3 hours'::interval, 318, 'Wednesday'),
('6:00'::time, '3 hours'::interval, 318, 'Friday'),
('10:00'::time, '4 hours'::interval, 319, 'Monday'),
('10:00'::time, '4 hours'::interval, 319, 'Wednesday'),
('7:00'::time, '4 hours'::interval, 319, 'Sunday'),
('7:00'::time, '4 hours'::interval, 320, 'Tuesday'),
('6:00'::time, '4 hours'::interval, 321, 'Tuesday'),
('7:00'::time, '5 hours'::interval, 321, 'Thursday'),
('7:00'::time, '5 hours'::interval, 321, 'Sunday'),
('7:00'::time, '4 hours'::interval, 322, 'Thursday'),
('9:00'::time, '5 hours'::interval, 322, 'Sunday'),
('9:00'::time, '5 hours'::interval, 323, 'Tuesday'),
('9:00'::time, '6 hours'::interval, 323, 'Sunday'),
('6:00'::time, '5 hours'::interval, 324, 'Tuesday'),
('11:00'::time, '6 hours'::interval, 324, 'Thursday'),
('10:00'::time, '5 hours'::interval, 325, 'Monday'),
('8:00'::time, '5 hours'::interval, 325, 'Tuesday'),
('10:00'::time, '5 hours'::interval, 326, 'Friday'),
('9:00'::time, '3 hours'::interval, 327, 'Thursday'),
('8:00'::time, '3 hours'::interval, 327, 'Friday'),
('7:00'::time, '3 hours'::interval, 327, 'Saturday'),
('11:00'::time, '3 hours'::interval, 328, 'Tuesday'),
('10:00'::time, '3 hours'::interval, 328, 'Sunday'),
('9:00'::time, '5 hours'::interval, 329, 'Tuesday'),
('8:00'::time, '5 hours'::interval, 329, 'Friday'),
('11:00'::time, '5 hours'::interval, 330, 'Monday'),
('9:00'::time, '4 hours'::interval, 330, 'Thursday'),
('8:00'::time, '5 hours'::interval, 330, 'Saturday'),
('7:00'::time, '5 hours'::interval, 331, 'Tuesday'),
('8:00'::time, '5 hours'::interval, 331, 'Wednesday'),
('10:00'::time, '5 hours'::interval, 331, 'Saturday'),
('7:00'::time, '5 hours'::interval, 332, 'Wednesday'),
('9:00'::time, '4 hours'::interval, 332, 'Saturday'),
('7:00'::time, '6 hours'::interval, 333, 'Thursday'),
('7:00'::time, '5 hours'::interval, 334, 'Monday'),
('10:00'::time, '5 hours'::interval, 334, 'Friday'),
('10:00'::time, '3 hours'::interval, 335, 'Tuesday'),
('19:00'::time, '2 hours'::interval, 335, 'Tuesday'),
('7:00'::time, '2 hours'::interval, 335, 'Thursday'),
('19:00'::time, '2 hours'::interval, 335, 'Thursday'),
('8:00'::time, '3 hours'::interval, 335, 'Sunday'),
('23:00'::time, '3 hours'::interval, 335, 'Sunday'),
('6:00'::time, '3 hours'::interval, 336, 'Monday'),
('19:00'::time, '2 hours'::interval, 336, 'Monday'),
('11:00'::time, '3 hours'::interval, 336, 'Tuesday'),
('21:00'::time, '2 hours'::interval, 336, 'Tuesday'),
('8:00'::time, '2 hours'::interval, 336, 'Wednesday'),
('18:00'::time, '3 hours'::interval, 336, 'Wednesday'),
('8:00'::time, '2 hours'::interval, 336, 'Thursday'),
('20:00'::time, '3 hours'::interval, 336, 'Thursday'),
('9:00'::time, '2 hours'::interval, 336, 'Saturday'),
('18:00'::time, '2 hours'::interval, 336, 'Saturday'),
('9:00'::time, '5 hours'::interval, 337, 'Saturday'),
('10:00'::time, '5 hours'::interval, 338, 'Tuesday'),
('9:00'::time, '5 hours'::interval, 338, 'Friday'),
('9:00'::time, '5 hours'::interval, 339, 'Tuesday'),
('10:00'::time, '5 hours'::interval, 340, 'Thursday'),
('8:00'::time, '5 hours'::interval, 340, 'Friday'),
('10:00'::time, '3 hours'::interval, 341, 'Tuesday'),
('11:00'::time, '4 hours'::interval, 341, 'Thursday'),
('8:00'::time, '4 hours'::interval, 341, 'Saturday'),
('11:00'::time, '4 hours'::interval, 341, 'Sunday'),
('9:00'::time, '3 hours'::interval, 342, 'Tuesday'),
('6:00'::time, '3 hours'::interval, 342, 'Wednesday'),
('6:00'::time, '4 hours'::interval, 342, 'Saturday'),
('11:00'::time, '2 hours'::interval, 343, 'Monday'),
('20:00'::time, '2 hours'::interval, 343, 'Monday'),
('6:00'::time, '2 hours'::interval, 343, 'Tuesday'),
('20:00'::time, '2 hours'::interval, 343, 'Tuesday'),
('7:00'::time, '2 hours'::interval, 343, 'Friday'),
('18:00'::time, '2 hours'::interval, 343, 'Friday'),
('7:00'::time, '2 hours'::interval, 343, 'Sunday'),
('20:00'::time, '2 hours'::interval, 343, 'Sunday'),
('6:00'::time, '2 hours'::interval, 344, 'Monday'),
('22:00'::time, '2 hours'::interval, 344, 'Monday'),
('9:00'::time, '2 hours'::interval, 344, 'Wednesday'),
('18:00'::time, '2 hours'::interval, 344, 'Wednesday'),
('7:00'::time, '2 hours'::interval, 344, 'Saturday'),
('23:00'::time, '2 hours'::interval, 344, 'Saturday'),
('7:00'::time, '5 hours'::interval, 345, 'Tuesday'),
('7:00'::time, '5 hours'::interval, 345, 'Wednesday'),
('9:00'::time, '5 hours'::interval, 346, 'Tuesday'),
('9:00'::time, '6 hours'::interval, 347, 'Saturday'),
('11:00'::time, '5 hours'::interval, 347, 'Sunday'),
('8:00'::time, '6 hours'::interval, 348, 'Monday'),
('7:00'::time, '5 hours'::interval, 348, 'Wednesday'),
('8:00'::time, '3 hours'::interval, 349, 'Wednesday'),
('9:00'::time, '3 hours'::interval, 349, 'Thursday'),
('9:00'::time, '3 hours'::interval, 349, 'Friday'),
('8:00'::time, '3 hours'::interval, 350, 'Tuesday'),
('7:00'::time, '3 hours'::interval, 350, 'Thursday'),
('6:00'::time, '3 hours'::interval, 350, 'Sunday'),
('9:00'::time, '3 hours'::interval, 351, 'Monday'),
('23:00'::time, '2 hours'::interval, 351, 'Monday'),
('9:00'::time, '2 hours'::interval, 351, 'Tuesday'),
('22:00'::time, '2 hours'::interval, 351, 'Tuesday'),
('10:00'::time, '3 hours'::interval, 351, 'Thursday'),
('18:00'::time, '3 hours'::interval, 351, 'Thursday'),
('7:00'::time, '3 hours'::interval, 351, 'Saturday'),
('22:00'::time, '3 hours'::interval, 351, 'Saturday'),
('11:00'::time, '3 hours'::interval, 352, 'Monday'),
('23:00'::time, '2 hours'::interval, 352, 'Monday'),
('6:00'::time, '3 hours'::interval, 352, 'Tuesday'),
('22:00'::time, '2 hours'::interval, 352, 'Tuesday'),
('7:00'::time, '2 hours'::interval, 352, 'Saturday'),
('22:00'::time, '3 hours'::interval, 352, 'Saturday'),
('6:00'::time, '3 hours'::interval, 352, 'Sunday'),
('22:00'::time, '2 hours'::interval, 352, 'Sunday'),
('8:00'::time, '4 hours'::interval, 353, 'Monday'),
('6:00'::time, '4 hours'::interval, 353, 'Wednesday'),
('6:00'::time, '4 hours'::interval, 353, 'Saturday'),
('6:00'::time, '5 hours'::interval, 354, 'Tuesday'),
('11:00'::time, '4 hours'::interval, 354, 'Thursday'),
('9:00'::time, '5 hours'::interval, 354, 'Friday'),
('6:00'::time, '4 hours'::interval, 355, 'Wednesday'),
('6:00'::time, '4 hours'::interval, 355, 'Thursday'),
('7:00'::time, '4 hours'::interval, 355, 'Friday'),
('10:00'::time, '4 hours'::interval, 356, 'Wednesday'),
('8:00'::time, '4 hours'::interval, 356, 'Thursday'),
('9:00'::time, '4 hours'::interval, 356, 'Sunday'),
('6:00'::time, '6 hours'::interval, 357, 'Monday'),
('6:00'::time, '6 hours'::interval, 357, 'Thursday'),
('8:00'::time, '6 hours'::interval, 358, 'Sunday'),
('6:00'::time, '5 hours'::interval, 359, 'Wednesday'),
('10:00'::time, '5 hours'::interval, 359, 'Saturday'),
('9:00'::time, '5 hours'::interval, 360, 'Monday'),
('9:00'::time, '5 hours'::interval, 360, 'Wednesday'),
('7:00'::time, '3 hours'::interval, 361, 'Monday'),
('11:00'::time, '3 hours'::interval, 361, 'Wednesday'),
('8:00'::time, '3 hours'::interval, 362, 'Tuesday'),
('10:00'::time, '3 hours'::interval, 362, 'Thursday'),
('6:00'::time, '3 hours'::interval, 362, 'Friday'),
('11:00'::time, '4 hours'::interval, 362, 'Saturday'),
('6:00'::time, '4 hours'::interval, 363, 'Thursday'),
('6:00'::time, '4 hours'::interval, 363, 'Sunday'),
('8:00'::time, '4 hours'::interval, 364, 'Monday'),
('11:00'::time, '4 hours'::interval, 364, 'Tuesday'),
('9:00'::time, '4 hours'::interval, 364, 'Friday'),
('8:00'::time, '5 hours'::interval, 365, 'Monday'),
('7:00'::time, '5 hours'::interval, 365, 'Wednesday'),
('6:00'::time, '5 hours'::interval, 366, 'Thursday'),
('7:00'::time, '5 hours'::interval, 366, 'Sunday'),
('9:00'::time, '4 hours'::interval, 367, 'Thursday'),
('6:00'::time, '4 hours'::interval, 367, 'Saturday'),
('9:00'::time, '4 hours'::interval, 368, 'Monday'),
('9:00'::time, '4 hours'::interval, 368, 'Sunday'),
('8:00'::time, '5 hours'::interval, 369, 'Thursday'),
('10:00'::time, '5 hours'::interval, 369, 'Sunday'),
('9:00'::time, '5 hours'::interval, 370, 'Thursday'),
('7:00'::time, '5 hours'::interval, 370, 'Sunday'),
('9:00'::time, '3 hours'::interval, 371, 'Tuesday'),
('11:00'::time, '3 hours'::interval, 371, 'Thursday'),
('8:00'::time, '3 hours'::interval, 372, 'Tuesday'),
('11:00'::time, '3 hours'::interval, 372, 'Friday'),
('6:00'::time, '3 hours'::interval, 372, 'Saturday'),
('9:00'::time, '4 hours'::interval, 373, 'Tuesday'),
('11:00'::time, '5 hours'::interval, 373, 'Thursday'),
('6:00'::time, '4 hours'::interval, 373, 'Friday'),
('9:00'::time, '5 hours'::interval, 374, 'Monday'),
('6:00'::time, '5 hours'::interval, 374, 'Wednesday'),
('8:00'::time, '3 hours'::interval, 375, 'Wednesday'),
('18:00'::time, '3 hours'::interval, 375, 'Wednesday'),
('9:00'::time, '2 hours'::interval, 375, 'Friday'),
('19:00'::time, '2 hours'::interval, 375, 'Friday'),
('6:00'::time, '3 hours'::interval, 375, 'Saturday'),
('19:00'::time, '2 hours'::interval, 375, 'Saturday'),
('9:00'::time, '3 hours'::interval, 375, 'Sunday'),
('21:00'::time, '2 hours'::interval, 375, 'Sunday'),
('7:00'::time, '3 hours'::interval, 376, 'Monday'),
('21:00'::time, '3 hours'::interval, 376, 'Monday'),
('7:00'::time, '2 hours'::interval, 376, 'Saturday'),
('23:00'::time, '2 hours'::interval, 376, 'Saturday'),
('6:00'::time, '3 hours'::interval, 376, 'Sunday'),
('20:00'::time, '2 hours'::interval, 376, 'Sunday'),
('7:00'::time, '1 hours'::interval, 377, 'Tuesday'),
('23:00'::time, '1 hours'::interval, 377, 'Tuesday'),
('8:00'::time, '0 hours'::interval, 377, 'Wednesday'),
('20:00'::time, '1 hours'::interval, 377, 'Wednesday'),
('9:00'::time, '1 hours'::interval, 377, 'Thursday'),
('22:00'::time, '1 hours'::interval, 377, 'Thursday'),
('8:00'::time, '1 hours'::interval, 377, 'Saturday'),
('21:00'::time, '0 hours'::interval, 377, 'Saturday'),
('11:00'::time, '1 hours'::interval, 378, 'Wednesday'),
('23:00'::time, '0 hours'::interval, 378, 'Wednesday'),
('6:00'::time, '0 hours'::interval, 378, 'Friday'),
('20:00'::time, '0 hours'::interval, 378, 'Friday'),
('8:00'::time, '0 hours'::interval, 378, 'Saturday'),
('22:00'::time, '0 hours'::interval, 378, 'Saturday'),
('9:00'::time, '4 hours'::interval, 379, 'Saturday'),
('7:00'::time, '4 hours'::interval, 379, 'Sunday'),
('8:00'::time, '4 hours'::interval, 380, 'Wednesday'),
('9:00'::time, '4 hours'::interval, 380, 'Saturday'),
('7:00'::time, '3 hours'::interval, 381, 'Tuesday'),
('7:00'::time, '4 hours'::interval, 381, 'Thursday'),
('6:00'::time, '3 hours'::interval, 381, 'Saturday'),
('11:00'::time, '3 hours'::interval, 382, 'Tuesday'),
('8:00'::time, '3 hours'::interval, 382, 'Thursday'),
('7:00'::time, '3 hours'::interval, 382, 'Friday'),
('8:00'::time, '2 hours'::interval, 383, 'Monday'),
('20:00'::time, '2 hours'::interval, 383, 'Monday'),
('7:00'::time, '2 hours'::interval, 383, 'Thursday'),
('18:00'::time, '1 hours'::interval, 383, 'Thursday'),
('11:00'::time, '2 hours'::interval, 383, 'Friday'),
('18:00'::time, '2 hours'::interval, 383, 'Friday'),
('7:00'::time, '2 hours'::interval, 383, 'Saturday'),
('21:00'::time, '1 hours'::interval, 383, 'Saturday'),
('11:00'::time, '1 hours'::interval, 384, 'Monday'),
('20:00'::time, '2 hours'::interval, 384, 'Monday'),
('10:00'::time, '2 hours'::interval, 384, 'Thursday'),
('20:00'::time, '2 hours'::interval, 384, 'Thursday'),
('7:00'::time, '2 hours'::interval, 384, 'Saturday'),
('19:00'::time, '2 hours'::interval, 384, 'Saturday'),
('6:00'::time, '2 hours'::interval, 384, 'Sunday'),
('23:00'::time, '1 hours'::interval, 384, 'Sunday'),
('9:00'::time, '4 hours'::interval, 385, 'Tuesday'),
('10:00'::time, '5 hours'::interval, 385, 'Saturday'),
('7:00'::time, '5 hours'::interval, 386, 'Wednesday'),
('9:00'::time, '4 hours'::interval, 386, 'Friday'),
('11:00'::time, '4 hours'::interval, 387, 'Friday'),
('10:00'::time, '3 hours'::interval, 387, 'Saturday'),
('7:00'::time, '4 hours'::interval, 387, 'Sunday'),
('10:00'::time, '3 hours'::interval, 388, 'Monday'),
('8:00'::time, '3 hours'::interval, 388, 'Friday'),
('11:00'::time, '2 hours'::interval, 389, 'Monday'),
('22:00'::time, '2 hours'::interval, 389, 'Monday'),
('6:00'::time, '2 hours'::interval, 389, 'Tuesday'),
('22:00'::time, '2 hours'::interval, 389, 'Tuesday'),
('11:00'::time, '2 hours'::interval, 389, 'Friday'),
('20:00'::time, '2 hours'::interval, 389, 'Friday'),
('10:00'::time, '2 hours'::interval, 389, 'Saturday'),
('18:00'::time, '2 hours'::interval, 389, 'Saturday'),
('6:00'::time, '2 hours'::interval, 390, 'Wednesday'),
('23:00'::time, '2 hours'::interval, 390, 'Wednesday'),
('7:00'::time, '2 hours'::interval, 390, 'Friday'),
('21:00'::time, '2 hours'::interval, 390, 'Friday'),
('6:00'::time, '2 hours'::interval, 390, 'Saturday'),
('22:00'::time, '2 hours'::interval, 390, 'Saturday'),
('7:00'::time, '2 hours'::interval, 390, 'Sunday'),
('22:00'::time, '2 hours'::interval, 390, 'Sunday'),
('8:00'::time, '4 hours'::interval, 391, 'Monday'),
('9:00'::time, '4 hours'::interval, 391, 'Friday'),
('6:00'::time, '4 hours'::interval, 391, 'Saturday'),
('11:00'::time, '4 hours'::interval, 392, 'Wednesday'),
('11:00'::time, '4 hours'::interval, 392, 'Friday'),
('11:00'::time, '4 hours'::interval, 392, 'Saturday'),
('9:00'::time, '5 hours'::interval, 393, 'Friday'),
('11:00'::time, '5 hours'::interval, 393, 'Sunday'),
('8:00'::time, '5 hours'::interval, 394, 'Wednesday'),
('8:00'::time, '5 hours'::interval, 394, 'Thursday'),
('9:00'::time, '5 hours'::interval, 395, 'Wednesday'),
('11:00'::time, '5 hours'::interval, 395, 'Friday'),
('9:00'::time, '5 hours'::interval, 396, 'Tuesday'),
('7:00'::time, '5 hours'::interval, 396, 'Thursday'),
('8:00'::time, '4 hours'::interval, 396, 'Sunday'),
('7:00'::time, '5 hours'::interval, 397, 'Monday'),
('8:00'::time, '5 hours'::interval, 397, 'Friday'),
('10:00'::time, '5 hours'::interval, 398, 'Wednesday'),
('6:00'::time, '5 hours'::interval, 398, 'Saturday'),
('8:00'::time, '1 hours'::interval, 399, 'Thursday'),
('18:00'::time, '1 hours'::interval, 399, 'Thursday'),
('7:00'::time, '1 hours'::interval, 399, 'Friday'),
('22:00'::time, '1 hours'::interval, 399, 'Friday'),
('11:00'::time, '1 hours'::interval, 399, 'Sunday'),
('21:00'::time, '1 hours'::interval, 399, 'Sunday'),
('7:00'::time, '1 hours'::interval, 400, 'Monday'),
('21:00'::time, '2 hours'::interval, 400, 'Monday'),
('9:00'::time, '2 hours'::interval, 400, 'Wednesday'),
('23:00'::time, '1 hours'::interval, 400, 'Wednesday'),
('11:00'::time, '2 hours'::interval, 400, 'Thursday'),
('22:00'::time, '1 hours'::interval, 400, 'Thursday'),
('9:00'::time, '1 hours'::interval, 400, 'Friday'),
('21:00'::time, '2 hours'::interval, 400, 'Friday'),
('11:00'::time, '2 hours'::interval, 400, 'Saturday'),
('23:00'::time, '2 hours'::interval, 400, 'Saturday'),
('11:00'::time, '5 hours'::interval, 401, 'Monday'),
('9:00'::time, '5 hours'::interval, 401, 'Friday'),
('9:00'::time, '6 hours'::interval, 402, 'Tuesday'),
('11:00'::time, '5 hours'::interval, 402, 'Sunday'),
('8:00'::time, '3 hours'::interval, 403, 'Wednesday'),
('9:00'::time, '3 hours'::interval, 403, 'Thursday'),
('10:00'::time, '3 hours'::interval, 403, 'Friday'),
('7:00'::time, '3 hours'::interval, 403, 'Saturday'),
('8:00'::time, '3 hours'::interval, 404, 'Wednesday'),
('10:00'::time, '3 hours'::interval, 404, 'Friday'),
('9:00'::time, '3 hours'::interval, 404, 'Sunday'),
('7:00'::time, '5 hours'::interval, 405, 'Monday'),
('9:00'::time, '4 hours'::interval, 405, 'Saturday'),
('11:00'::time, '5 hours'::interval, 406, 'Monday'),
('6:00'::time, '5 hours'::interval, 406, 'Saturday'),
('7:00'::time, '1 hours'::interval, 407, 'Monday'),
('19:00'::time, '2 hours'::interval, 407, 'Monday'),
('6:00'::time, '1 hours'::interval, 407, 'Thursday'),
('19:00'::time, '2 hours'::interval, 407, 'Thursday'),
('6:00'::time, '1 hours'::interval, 407, 'Saturday'),
('18:00'::time, '1 hours'::interval, 407, 'Saturday'),
('9:00'::time, '1 hours'::interval, 407, 'Sunday'),
('23:00'::time, '1 hours'::interval, 407, 'Sunday'),
('10:00'::time, '2 hours'::interval, 408, 'Wednesday'),
('21:00'::time, '2 hours'::interval, 408, 'Wednesday'),
('9:00'::time, '2 hours'::interval, 408, 'Thursday'),
('19:00'::time, '1 hours'::interval, 408, 'Thursday'),
('8:00'::time, '2 hours'::interval, 408, 'Friday'),
('18:00'::time, '1 hours'::interval, 408, 'Friday'),
('6:00'::time, '5 hours'::interval, 409, 'Wednesday'),
('6:00'::time, '4 hours'::interval, 409, 'Friday'),
('10:00'::time, '5 hours'::interval, 409, 'Saturday'),
('9:00'::time, '5 hours'::interval, 410, 'Tuesday'),
('6:00'::time, '5 hours'::interval, 410, 'Friday'),
('9:00'::time, '4 hours'::interval, 410, 'Saturday'),
('8:00'::time, '2 hours'::interval, 411, 'Tuesday'),
('23:00'::time, '2 hours'::interval, 411, 'Tuesday'),
('8:00'::time, '2 hours'::interval, 411, 'Saturday'),
('18:00'::time, '2 hours'::interval, 411, 'Saturday'),
('7:00'::time, '2 hours'::interval, 412, 'Tuesday'),
('18:00'::time, '2 hours'::interval, 412, 'Tuesday'),
('7:00'::time, '2 hours'::interval, 412, 'Wednesday'),
('22:00'::time, '2 hours'::interval, 412, 'Wednesday'),
('11:00'::time, '2 hours'::interval, 412, 'Friday'),
('22:00'::time, '2 hours'::interval, 412, 'Friday'),
('8:00'::time, '2 hours'::interval, 412, 'Saturday'),
('20:00'::time, '2 hours'::interval, 412, 'Saturday'),
('7:00'::time, '2 hours'::interval, 413, 'Monday'),
('22:00'::time, '1 hours'::interval, 413, 'Monday'),
('7:00'::time, '1 hours'::interval, 413, 'Tuesday'),
('18:00'::time, '1 hours'::interval, 413, 'Tuesday'),
('8:00'::time, '1 hours'::interval, 413, 'Wednesday'),
('18:00'::time, '1 hours'::interval, 413, 'Wednesday'),
('10:00'::time, '2 hours'::interval, 413, 'Thursday'),
('20:00'::time, '2 hours'::interval, 413, 'Thursday'),
('7:00'::time, '1 hours'::interval, 413, 'Friday'),
('23:00'::time, '1 hours'::interval, 413, 'Friday'),
('7:00'::time, '1 hours'::interval, 414, 'Monday'),
('19:00'::time, '1 hours'::interval, 414, 'Monday'),
('6:00'::time, '2 hours'::interval, 414, 'Thursday'),
('20:00'::time, '2 hours'::interval, 414, 'Thursday'),
('10:00'::time, '2 hours'::interval, 414, 'Friday'),
('23:00'::time, '2 hours'::interval, 414, 'Friday'),
('8:00'::time, '2 hours'::interval, 414, 'Sunday'),
('20:00'::time, '2 hours'::interval, 414, 'Sunday'),
('8:00'::time, '4 hours'::interval, 415, 'Tuesday'),
('8:00'::time, '5 hours'::interval, 415, 'Saturday'),
('10:00'::time, '4 hours'::interval, 415, 'Sunday'),
('9:00'::time, '5 hours'::interval, 416, 'Wednesday'),
('11:00'::time, '5 hours'::interval, 416, 'Friday'),
('9:00'::time, '4 hours'::interval, 416, 'Saturday'),
('8:00'::time, '2 hours'::interval, 417, 'Monday'),
('22:00'::time, '2 hours'::interval, 417, 'Monday'),
('7:00'::time, '2 hours'::interval, 417, 'Friday'),
('20:00'::time, '2 hours'::interval, 417, 'Friday'),
('6:00'::time, '2 hours'::interval, 417, 'Saturday'),
('21:00'::time, '2 hours'::interval, 417, 'Saturday'),
('8:00'::time, '2 hours'::interval, 417, 'Sunday'),
('23:00'::time, '2 hours'::interval, 417, 'Sunday'),
('10:00'::time, '2 hours'::interval, 418, 'Monday'),
('20:00'::time, '2 hours'::interval, 418, 'Monday'),
('8:00'::time, '2 hours'::interval, 418, 'Tuesday'),
('23:00'::time, '2 hours'::interval, 418, 'Tuesday'),
('8:00'::time, '2 hours'::interval, 418, 'Thursday'),
('19:00'::time, '2 hours'::interval, 418, 'Thursday'),
('11:00'::time, '2 hours'::interval, 418, 'Sunday'),
('21:00'::time, '2 hours'::interval, 418, 'Sunday'),
('6:00'::time, '4 hours'::interval, 419, 'Monday'),
('9:00'::time, '4 hours'::interval, 419, 'Tuesday'),
('6:00'::time, '4 hours'::interval, 419, 'Wednesday'),
('9:00'::time, '4 hours'::interval, 420, 'Monday'),
('11:00'::time, '4 hours'::interval, 420, 'Tuesday'),
('6:00'::time, '4 hours'::interval, 420, 'Wednesday'),
('7:00'::time, '3 hours'::interval, 421, 'Thursday'),
('6:00'::time, '3 hours'::interval, 421, 'Saturday'),
('10:00'::time, '3 hours'::interval, 421, 'Sunday'),
('11:00'::time, '4 hours'::interval, 422, 'Monday'),
('7:00'::time, '4 hours'::interval, 422, 'Tuesday'),
('7:00'::time, '4 hours'::interval, 422, 'Thursday'),
('6:00'::time, '6 hours'::interval, 423, 'Tuesday'),
('10:00'::time, '6 hours'::interval, 423, 'Saturday'),
('6:00'::time, '5 hours'::interval, 424, 'Tuesday'),
('6:00'::time, '5 hours'::interval, 424, 'Thursday'),
('9:00'::time, '3 hours'::interval, 425, 'Tuesday'),
('6:00'::time, '4 hours'::interval, 425, 'Thursday'),
('7:00'::time, '3 hours'::interval, 425, 'Friday'),
('7:00'::time, '3 hours'::interval, 426, 'Tuesday'),
('6:00'::time, '3 hours'::interval, 426, 'Thursday'),
('6:00'::time, '4 hours'::interval, 426, 'Friday'),
('9:00'::time, '1 hours'::interval, 427, 'Monday'),
('20:00'::time, '1 hours'::interval, 427, 'Monday'),
('7:00'::time, '1 hours'::interval, 427, 'Saturday'),
('18:00'::time, '1 hours'::interval, 427, 'Saturday'),
('7:00'::time, '1 hours'::interval, 427, 'Sunday'),
('21:00'::time, '2 hours'::interval, 427, 'Sunday'),
('11:00'::time, '1 hours'::interval, 428, 'Tuesday'),
('22:00'::time, '2 hours'::interval, 428, 'Tuesday'),
('9:00'::time, '1 hours'::interval, 428, 'Saturday'),
('19:00'::time, '2 hours'::interval, 428, 'Saturday'),
('11:00'::time, '4 hours'::interval, 429, 'Friday'),
('10:00'::time, '4 hours'::interval, 429, 'Sunday'),
('11:00'::time, '5 hours'::interval, 430, 'Friday'),
('9:00'::time, '5 hours'::interval, 430, 'Sunday'),
('11:00'::time, '2 hours'::interval, 431, 'Monday'),
('20:00'::time, '2 hours'::interval, 431, 'Monday'),
('6:00'::time, '2 hours'::interval, 431, 'Friday'),
('23:00'::time, '1 hours'::interval, 431, 'Friday'),
('8:00'::time, '2 hours'::interval, 431, 'Sunday'),
('19:00'::time, '1 hours'::interval, 431, 'Sunday'),
('6:00'::time, '2 hours'::interval, 432, 'Tuesday'),
('23:00'::time, '2 hours'::interval, 432, 'Tuesday'),
('9:00'::time, '1 hours'::interval, 432, 'Wednesday'),
('20:00'::time, '2 hours'::interval, 432, 'Wednesday'),
('9:00'::time, '2 hours'::interval, 432, 'Sunday'),
('19:00'::time, '1 hours'::interval, 432, 'Sunday'),
('10:00'::time, '4 hours'::interval, 433, 'Tuesday'),
('9:00'::time, '4 hours'::interval, 433, 'Wednesday'),
('10:00'::time, '4 hours'::interval, 433, 'Sunday'),
('6:00'::time, '4 hours'::interval, 434, 'Monday'),
('7:00'::time, '4 hours'::interval, 434, 'Tuesday'),
('8:00'::time, '4 hours'::interval, 435, 'Wednesday'),
('8:00'::time, '4 hours'::interval, 435, 'Thursday'),
('10:00'::time, '4 hours'::interval, 435, 'Sunday'),
('8:00'::time, '4 hours'::interval, 436, 'Tuesday'),
('7:00'::time, '4 hours'::interval, 436, 'Thursday'),
('9:00'::time, '3 hours'::interval, 437, 'Tuesday'),
('21:00'::time, '3 hours'::interval, 437, 'Tuesday'),
('7:00'::time, '3 hours'::interval, 437, 'Wednesday'),
('21:00'::time, '3 hours'::interval, 437, 'Wednesday'),
('6:00'::time, '3 hours'::interval, 437, 'Thursday'),
('18:00'::time, '3 hours'::interval, 437, 'Thursday'),
('9:00'::time, '2 hours'::interval, 437, 'Saturday'),
('18:00'::time, '2 hours'::interval, 437, 'Saturday'),
('11:00'::time, '2 hours'::interval, 438, 'Friday'),
('18:00'::time, '3 hours'::interval, 438, 'Friday'),
('7:00'::time, '2 hours'::interval, 438, 'Saturday'),
('21:00'::time, '2 hours'::interval, 438, 'Saturday'),
('10:00'::time, '3 hours'::interval, 438, 'Sunday'),
('19:00'::time, '3 hours'::interval, 438, 'Sunday'),
('9:00'::time, '3 hours'::interval, 439, 'Monday'),
('10:00'::time, '3 hours'::interval, 439, 'Wednesday'),
('7:00'::time, '3 hours'::interval, 439, 'Friday'),
('8:00'::time, '4 hours'::interval, 440, 'Tuesday'),
('9:00'::time, '4 hours'::interval, 440, 'Wednesday'),
('10:00'::time, '3 hours'::interval, 440, 'Friday'),
('8:00'::time, '4 hours'::interval, 440, 'Sunday'),
('10:00'::time, '2 hours'::interval, 441, 'Monday'),
('18:00'::time, '2 hours'::interval, 441, 'Monday'),
('6:00'::time, '2 hours'::interval, 441, 'Wednesday'),
('23:00'::time, '2 hours'::interval, 441, 'Wednesday'),
('9:00'::time, '2 hours'::interval, 441, 'Thursday'),
('20:00'::time, '2 hours'::interval, 441, 'Thursday'),
('10:00'::time, '2 hours'::interval, 441, 'Friday'),
('18:00'::time, '2 hours'::interval, 441, 'Friday'),
('6:00'::time, '2 hours'::interval, 442, 'Monday'),
('18:00'::time, '2 hours'::interval, 442, 'Monday'),
('10:00'::time, '2 hours'::interval, 442, 'Tuesday'),
('19:00'::time, '2 hours'::interval, 442, 'Tuesday'),
('8:00'::time, '6 hours'::interval, 443, 'Tuesday'),
('6:00'::time, '6 hours'::interval, 444, 'Sunday'),
('9:00'::time, '2 hours'::interval, 445, 'Monday'),
('22:00'::time, '2 hours'::interval, 445, 'Monday'),
('8:00'::time, '3 hours'::interval, 445, 'Wednesday'),
('19:00'::time, '3 hours'::interval, 445, 'Wednesday'),
('6:00'::time, '2 hours'::interval, 445, 'Thursday'),
('18:00'::time, '2 hours'::interval, 445, 'Thursday'),
('10:00'::time, '3 hours'::interval, 445, 'Saturday'),
('21:00'::time, '2 hours'::interval, 445, 'Saturday'),
('7:00'::time, '3 hours'::interval, 445, 'Sunday'),
('20:00'::time, '3 hours'::interval, 445, 'Sunday'),
('11:00'::time, '2 hours'::interval, 446, 'Monday'),
('20:00'::time, '2 hours'::interval, 446, 'Monday'),
('9:00'::time, '3 hours'::interval, 446, 'Tuesday'),
('19:00'::time, '2 hours'::interval, 446, 'Tuesday'),
('7:00'::time, '2 hours'::interval, 446, 'Wednesday'),
('20:00'::time, '3 hours'::interval, 446, 'Wednesday'),
('10:00'::time, '3 hours'::interval, 446, 'Friday'),
('22:00'::time, '3 hours'::interval, 446, 'Friday'),
('6:00'::time, '3 hours'::interval, 446, 'Sunday'),
('19:00'::time, '3 hours'::interval, 446, 'Sunday'),
('7:00'::time, '5 hours'::interval, 447, 'Wednesday'),
('8:00'::time, '4 hours'::interval, 447, 'Thursday'),
('9:00'::time, '5 hours'::interval, 448, 'Wednesday'),
('11:00'::time, '5 hours'::interval, 448, 'Thursday'),
('10:00'::time, '4 hours'::interval, 448, 'Friday'),
('10:00'::time, '3 hours'::interval, 449, 'Monday'),
('19:00'::time, '3 hours'::interval, 449, 'Monday'),
('6:00'::time, '2 hours'::interval, 449, 'Tuesday'),
('22:00'::time, '2 hours'::interval, 449, 'Tuesday'),
('8:00'::time, '3 hours'::interval, 449, 'Thursday'),
('18:00'::time, '2 hours'::interval, 449, 'Thursday'),
('10:00'::time, '3 hours'::interval, 449, 'Friday'),
('18:00'::time, '3 hours'::interval, 449, 'Friday'),
('9:00'::time, '2 hours'::interval, 450, 'Monday'),
('20:00'::time, '2 hours'::interval, 450, 'Monday'),
('6:00'::time, '2 hours'::interval, 450, 'Tuesday'),
('19:00'::time, '3 hours'::interval, 450, 'Tuesday'),
('10:00'::time, '3 hours'::interval, 450, 'Saturday'),
('22:00'::time, '2 hours'::interval, 450, 'Saturday'),
('8:00'::time, '6 hours'::interval, 451, 'Wednesday'),
('11:00'::time, '5 hours'::interval, 451, 'Friday'),
('9:00'::time, '6 hours'::interval, 452, 'Wednesday'),
('7:00'::time, '5 hours'::interval, 452, 'Thursday'),
('8:00'::time, '4 hours'::interval, 453, 'Monday'),
('9:00'::time, '5 hours'::interval, 453, 'Thursday'),
('7:00'::time, '4 hours'::interval, 453, 'Saturday'),
('10:00'::time, '4 hours'::interval, 454, 'Monday'),
('7:00'::time, '5 hours'::interval, 454, 'Tuesday'),
('9:00'::time, '4 hours'::interval, 454, 'Thursday'),
('10:00'::time, '6 hours'::interval, 455, 'Wednesday'),
('7:00'::time, '6 hours'::interval, 455, 'Friday'),
('6:00'::time, '6 hours'::interval, 456, 'Monday'),
('10:00'::time, '6 hours'::interval, 456, 'Friday'),
('6:00'::time, '5 hours'::interval, 457, 'Monday'),
('8:00'::time, '5 hours'::interval, 457, 'Wednesday'),
('8:00'::time, '4 hours'::interval, 457, 'Thursday'),
('10:00'::time, '5 hours'::interval, 458, 'Wednesday'),
('11:00'::time, '4 hours'::interval, 458, 'Saturday'),
('11:00'::time, '4 hours'::interval, 458, 'Sunday'),
('9:00'::time, '2 hours'::interval, 459, 'Tuesday'),
('21:00'::time, '2 hours'::interval, 459, 'Tuesday'),
('8:00'::time, '2 hours'::interval, 459, 'Wednesday'),
('20:00'::time, '2 hours'::interval, 459, 'Wednesday'),
('9:00'::time, '2 hours'::interval, 459, 'Saturday'),
('19:00'::time, '2 hours'::interval, 459, 'Saturday'),
('7:00'::time, '2 hours'::interval, 460, 'Thursday'),
('21:00'::time, '2 hours'::interval, 460, 'Thursday'),
('9:00'::time, '2 hours'::interval, 460, 'Friday'),
('21:00'::time, '2 hours'::interval, 460, 'Friday'),
('9:00'::time, '2 hours'::interval, 460, 'Saturday'),
('23:00'::time, '2 hours'::interval, 460, 'Saturday'),
('10:00'::time, '2 hours'::interval, 460, 'Sunday'),
('21:00'::time, '2 hours'::interval, 460, 'Sunday'),
('11:00'::time, '3 hours'::interval, 461, 'Tuesday'),
('21:00'::time, '3 hours'::interval, 461, 'Tuesday'),
('11:00'::time, '3 hours'::interval, 461, 'Wednesday'),
('23:00'::time, '3 hours'::interval, 461, 'Wednesday'),
('6:00'::time, '2 hours'::interval, 461, 'Thursday'),
('21:00'::time, '3 hours'::interval, 461, 'Thursday'),
('11:00'::time, '3 hours'::interval, 461, 'Sunday'),
('18:00'::time, '2 hours'::interval, 461, 'Sunday'),
('7:00'::time, '2 hours'::interval, 462, 'Tuesday'),
('22:00'::time, '2 hours'::interval, 462, 'Tuesday'),
('9:00'::time, '3 hours'::interval, 462, 'Thursday'),
('18:00'::time, '3 hours'::interval, 462, 'Thursday'),
('6:00'::time, '3 hours'::interval, 462, 'Sunday'),
('19:00'::time, '2 hours'::interval, 462, 'Sunday'),
('11:00'::time, '4 hours'::interval, 463, 'Wednesday'),
('6:00'::time, '3 hours'::interval, 463, 'Sunday'),
('11:00'::time, '4 hours'::interval, 464, 'Monday'),
('7:00'::time, '3 hours'::interval, 464, 'Wednesday'),
('7:00'::time, '4 hours'::interval, 464, 'Thursday'),
('11:00'::time, '4 hours'::interval, 464, 'Saturday'),
('6:00'::time, '4 hours'::interval, 465, 'Monday'),
('6:00'::time, '4 hours'::interval, 465, 'Friday'),
('10:00'::time, '4 hours'::interval, 465, 'Saturday'),
('8:00'::time, '3 hours'::interval, 465, 'Sunday'),
('7:00'::time, '3 hours'::interval, 466, 'Monday'),
('10:00'::time, '3 hours'::interval, 466, 'Wednesday'),
('9:00'::time, '4 hours'::interval, 466, 'Sunday'),
('11:00'::time, '2 hours'::interval, 467, 'Monday'),
('23:00'::time, '2 hours'::interval, 467, 'Monday'),
('6:00'::time, '2 hours'::interval, 467, 'Tuesday'),
('23:00'::time, '2 hours'::interval, 467, 'Tuesday'),
('8:00'::time, '2 hours'::interval, 467, 'Wednesday'),
('18:00'::time, '2 hours'::interval, 467, 'Wednesday'),
('7:00'::time, '2 hours'::interval, 467, 'Saturday'),
('21:00'::time, '2 hours'::interval, 467, 'Saturday'),
('8:00'::time, '2 hours'::interval, 467, 'Sunday'),
('20:00'::time, '2 hours'::interval, 467, 'Sunday'),
('9:00'::time, '2 hours'::interval, 468, 'Wednesday'),
('21:00'::time, '2 hours'::interval, 468, 'Wednesday'),
('6:00'::time, '2 hours'::interval, 468, 'Friday'),
('21:00'::time, '2 hours'::interval, 468, 'Friday'),
('7:00'::time, '2 hours'::interval, 468, 'Sunday'),
('21:00'::time, '2 hours'::interval, 468, 'Sunday'),
('11:00'::time, '5 hours'::interval, 469, 'Thursday'),
('11:00'::time, '5 hours'::interval, 469, 'Friday'),
('10:00'::time, '5 hours'::interval, 470, 'Wednesday'),
('7:00'::time, '5 hours'::interval, 470, 'Saturday'),
('11:00'::time, '5 hours'::interval, 471, 'Tuesday'),
('10:00'::time, '5 hours'::interval, 471, 'Friday'),
('9:00'::time, '5 hours'::interval, 472, 'Thursday'),
('10:00'::time, '5 hours'::interval, 473, 'Tuesday'),
('8:00'::time, '5 hours'::interval, 473, 'Wednesday'),
('7:00'::time, '5 hours'::interval, 474, 'Friday'),
('8:00'::time, '5 hours'::interval, 474, 'Saturday'),
('8:00'::time, '2 hours'::interval, 475, 'Monday'),
('23:00'::time, '2 hours'::interval, 475, 'Monday'),
('6:00'::time, '2 hours'::interval, 475, 'Wednesday'),
('21:00'::time, '2 hours'::interval, 475, 'Wednesday'),
('7:00'::time, '2 hours'::interval, 475, 'Thursday'),
('22:00'::time, '2 hours'::interval, 475, 'Thursday'),
('11:00'::time, '2 hours'::interval, 475, 'Saturday'),
('23:00'::time, '2 hours'::interval, 475, 'Saturday'),
('9:00'::time, '2 hours'::interval, 476, 'Monday'),
('23:00'::time, '2 hours'::interval, 476, 'Monday'),
('9:00'::time, '2 hours'::interval, 476, 'Tuesday'),
('23:00'::time, '2 hours'::interval, 476, 'Tuesday'),
('6:00'::time, '2 hours'::interval, 476, 'Friday'),
('18:00'::time, '2 hours'::interval, 476, 'Friday'),
('11:00'::time, '2 hours'::interval, 476, 'Saturday'),
('20:00'::time, '2 hours'::interval, 476, 'Saturday'),
('9:00'::time, '3 hours'::interval, 477, 'Thursday'),
('9:00'::time, '3 hours'::interval, 477, 'Friday'),
('9:00'::time, '3 hours'::interval, 478, 'Monday'),
('7:00'::time, '3 hours'::interval, 478, 'Thursday'),
('6:00'::time, '3 hours'::interval, 478, 'Friday'),
('11:00'::time, '3 hours'::interval, 478, 'Sunday'),
('9:00'::time, '2 hours'::interval, 479, 'Monday'),
('22:00'::time, '2 hours'::interval, 479, 'Monday'),
('6:00'::time, '2 hours'::interval, 479, 'Tuesday'),
('21:00'::time, '2 hours'::interval, 479, 'Tuesday'),
('9:00'::time, '1 hours'::interval, 479, 'Friday'),
('21:00'::time, '2 hours'::interval, 479, 'Friday'),
('8:00'::time, '1 hours'::interval, 479, 'Sunday'),
('20:00'::time, '1 hours'::interval, 479, 'Sunday'),
('7:00'::time, '2 hours'::interval, 480, 'Tuesday'),
('23:00'::time, '1 hours'::interval, 480, 'Tuesday'),
('9:00'::time, '2 hours'::interval, 480, 'Wednesday'),
('18:00'::time, '1 hours'::interval, 480, 'Wednesday'),
('11:00'::time, '1 hours'::interval, 480, 'Thursday'),
('18:00'::time, '2 hours'::interval, 480, 'Thursday'),
('9:00'::time, '1 hours'::interval, 480, 'Saturday'),
('20:00'::time, '2 hours'::interval, 480, 'Saturday'),
('7:00'::time, '5 hours'::interval, 481, 'Monday'),
('9:00'::time, '5 hours'::interval, 481, 'Saturday'),
('8:00'::time, '5 hours'::interval, 482, 'Friday'),
('9:00'::time, '5 hours'::interval, 482, 'Sunday'),
('7:00'::time, '2 hours'::interval, 483, 'Monday'),
('18:00'::time, '2 hours'::interval, 483, 'Monday'),
('10:00'::time, '1 hours'::interval, 483, 'Tuesday'),
('23:00'::time, '2 hours'::interval, 483, 'Tuesday'),
('9:00'::time, '2 hours'::interval, 483, 'Wednesday'),
('20:00'::time, '2 hours'::interval, 483, 'Wednesday'),
('8:00'::time, '1 hours'::interval, 483, 'Friday'),
('22:00'::time, '2 hours'::interval, 483, 'Friday'),
('10:00'::time, '1 hours'::interval, 484, 'Monday'),
('19:00'::time, '1 hours'::interval, 484, 'Monday'),
('10:00'::time, '2 hours'::interval, 484, 'Tuesday'),
('22:00'::time, '1 hours'::interval, 484, 'Tuesday'),
('9:00'::time, '2 hours'::interval, 484, 'Friday'),
('23:00'::time, '1 hours'::interval, 484, 'Friday'),
('11:00'::time, '2 hours'::interval, 484, 'Saturday'),
('18:00'::time, '1 hours'::interval, 484, 'Saturday'),
('10:00'::time, '2 hours'::interval, 485, 'Tuesday'),
('20:00'::time, '2 hours'::interval, 485, 'Tuesday'),
('10:00'::time, '3 hours'::interval, 485, 'Wednesday'),
('23:00'::time, '2 hours'::interval, 485, 'Wednesday'),
('6:00'::time, '3 hours'::interval, 485, 'Sunday'),
('21:00'::time, '3 hours'::interval, 485, 'Sunday'),
('7:00'::time, '3 hours'::interval, 486, 'Monday'),
('21:00'::time, '3 hours'::interval, 486, 'Monday'),
('8:00'::time, '3 hours'::interval, 486, 'Wednesday'),
('21:00'::time, '2 hours'::interval, 486, 'Wednesday'),
('6:00'::time, '3 hours'::interval, 486, 'Thursday'),
('21:00'::time, '3 hours'::interval, 486, 'Thursday'),
('8:00'::time, '2 hours'::interval, 486, 'Saturday'),
('20:00'::time, '2 hours'::interval, 486, 'Saturday'),
('9:00'::time, '3 hours'::interval, 487, 'Tuesday'),
('19:00'::time, '2 hours'::interval, 487, 'Tuesday'),
('6:00'::time, '2 hours'::interval, 487, 'Wednesday'),
('22:00'::time, '3 hours'::interval, 487, 'Wednesday'),
('11:00'::time, '2 hours'::interval, 487, 'Thursday'),
('23:00'::time, '2 hours'::interval, 487, 'Thursday'),
('10:00'::time, '3 hours'::interval, 487, 'Saturday'),
('18:00'::time, '3 hours'::interval, 487, 'Saturday'),
('10:00'::time, '2 hours'::interval, 488, 'Wednesday'),
('22:00'::time, '3 hours'::interval, 488, 'Wednesday'),
('6:00'::time, '3 hours'::interval, 488, 'Thursday'),
('19:00'::time, '2 hours'::interval, 488, 'Thursday'),
('6:00'::time, '2 hours'::interval, 488, 'Friday'),
('23:00'::time, '3 hours'::interval, 488, 'Friday'),
('8:00'::time, '2 hours'::interval, 489, 'Monday'),
('18:00'::time, '2 hours'::interval, 489, 'Monday'),
('11:00'::time, '2 hours'::interval, 489, 'Wednesday'),
('20:00'::time, '2 hours'::interval, 489, 'Wednesday'),
('6:00'::time, '2 hours'::interval, 489, 'Thursday'),
('20:00'::time, '2 hours'::interval, 489, 'Thursday'),
('9:00'::time, '2 hours'::interval, 489, 'Friday'),
('21:00'::time, '2 hours'::interval, 489, 'Friday'),
('9:00'::time, '2 hours'::interval, 489, 'Sunday'),
('21:00'::time, '2 hours'::interval, 489, 'Sunday'),
('9:00'::time, '2 hours'::interval, 490, 'Tuesday'),
('23:00'::time, '2 hours'::interval, 490, 'Tuesday'),
('11:00'::time, '2 hours'::interval, 490, 'Wednesday'),
('20:00'::time, '2 hours'::interval, 490, 'Wednesday'),
('11:00'::time, '2 hours'::interval, 490, 'Friday'),
('23:00'::time, '2 hours'::interval, 490, 'Friday'),
('6:00'::time, '2 hours'::interval, 490, 'Saturday'),
('22:00'::time, '2 hours'::interval, 490, 'Saturday'),
('7:00'::time, '2 hours'::interval, 490, 'Sunday'),
('18:00'::time, '2 hours'::interval, 490, 'Sunday'),
('6:00'::time, '3 hours'::interval, 491, 'Monday'),
('8:00'::time, '3 hours'::interval, 491, 'Saturday'),
('7:00'::time, '3 hours'::interval, 491, 'Sunday'),
('7:00'::time, '4 hours'::interval, 492, 'Monday'),
('11:00'::time, '3 hours'::interval, 492, 'Thursday'),
('9:00'::time, '4 hours'::interval, 492, 'Friday'),
('11:00'::time, '0 hours'::interval, 493, 'Monday'),
('21:00'::time, '0 hours'::interval, 493, 'Monday'),
('8:00'::time, '0 hours'::interval, 493, 'Tuesday'),
('19:00'::time, '0 hours'::interval, 493, 'Tuesday'),
('11:00'::time, '0 hours'::interval, 493, 'Wednesday'),
('22:00'::time, '0 hours'::interval, 493, 'Wednesday'),
('11:00'::time, '0 hours'::interval, 493, 'Thursday'),
('19:00'::time, '0 hours'::interval, 493, 'Thursday'),
('10:00'::time, '0 hours'::interval, 493, 'Friday'),
('19:00'::time, '0 hours'::interval, 493, 'Friday'),
('11:00'::time, '0 hours'::interval, 493, 'Saturday'),
('21:00'::time, '0 hours'::interval, 493, 'Saturday'),
('10:00'::time, '0 hours'::interval, 494, 'Monday'),
('20:00'::time, '0 hours'::interval, 494, 'Monday'),
('7:00'::time, '0 hours'::interval, 494, 'Thursday'),
('18:00'::time, '0 hours'::interval, 494, 'Thursday'),
('9:00'::time, '0 hours'::interval, 494, 'Friday'),
('18:00'::time, '0 hours'::interval, 494, 'Friday'),
('10:00'::time, '0 hours'::interval, 494, 'Saturday'),
('22:00'::time, '0 hours'::interval, 494, 'Saturday'),
('11:00'::time, '0 hours'::interval, 494, 'Sunday'),
('21:00'::time, '0 hours'::interval, 494, 'Sunday'),
('8:00'::time, '5 hours'::interval, 495, 'Sunday'),
('9:00'::time, '5 hours'::interval, 496, 'Tuesday'),
('9:00'::time, '5 hours'::interval, 496, 'Thursday'),
('8:00'::time, '4 hours'::interval, 497, 'Thursday'),
('11:00'::time, '4 hours'::interval, 497, 'Saturday'),
('10:00'::time, '5 hours'::interval, 498, 'Wednesday'),
('11:00'::time, '5 hours'::interval, 498, 'Sunday'),
('9:00'::time, '3 hours'::interval, 499, 'Tuesday'),
('7:00'::time, '3 hours'::interval, 499, 'Thursday'),
('8:00'::time, '3 hours'::interval, 500, 'Thursday'),
('9:00'::time, '3 hours'::interval, 500, 'Friday'),
('9:00'::time, '5 hours'::interval, 501, 'Saturday'),
('6:00'::time, '5 hours'::interval, 502, 'Thursday'),
('11:00'::time, '5 hours'::interval, 502, 'Friday'),
('6:00'::time, '5 hours'::interval, 503, 'Wednesday'),
('9:00'::time, '4 hours'::interval, 503, 'Friday'),
('10:00'::time, '5 hours'::interval, 504, 'Friday'),
('10:00'::time, '5 hours'::interval, 504, 'Sunday'),
('8:00'::time, '4 hours'::interval, 505, 'Monday'),
('7:00'::time, '4 hours'::interval, 505, 'Tuesday'),
('7:00'::time, '4 hours'::interval, 505, 'Friday'),
('9:00'::time, '4 hours'::interval, 506, 'Monday'),
('10:00'::time, '4 hours'::interval, 506, 'Friday'),
('10:00'::time, '4 hours'::interval, 506, 'Saturday'),
('8:00'::time, '2 hours'::interval, 507, 'Monday'),
('19:00'::time, '2 hours'::interval, 507, 'Monday'),
('7:00'::time, '2 hours'::interval, 507, 'Tuesday'),
('19:00'::time, '2 hours'::interval, 507, 'Tuesday'),
('9:00'::time, '2 hours'::interval, 507, 'Wednesday'),
('20:00'::time, '2 hours'::interval, 507, 'Wednesday'),
('7:00'::time, '2 hours'::interval, 507, 'Thursday'),
('19:00'::time, '2 hours'::interval, 507, 'Thursday'),
('11:00'::time, '2 hours'::interval, 507, 'Sunday'),
('20:00'::time, '2 hours'::interval, 507, 'Sunday'),
('11:00'::time, '2 hours'::interval, 508, 'Monday'),
('19:00'::time, '2 hours'::interval, 508, 'Monday'),
('11:00'::time, '2 hours'::interval, 508, 'Tuesday'),
('23:00'::time, '2 hours'::interval, 508, 'Tuesday'),
('6:00'::time, '2 hours'::interval, 508, 'Thursday'),
('18:00'::time, '2 hours'::interval, 508, 'Thursday'),
('8:00'::time, '2 hours'::interval, 508, 'Friday'),
('23:00'::time, '2 hours'::interval, 508, 'Friday');
