-- noinspection SpellCheckingInspectionForFile

-- noinspection SqlResolveForFile

-- exemplary data
INSERT INTO cities (id, name, rating, average_price, country) VALUES
(1, 'Krakow', 4.27, 74, 'Poland'), --
(2, 'Mozyr', 3.00, 30, 'Belarus'), --
(3, 'Poznan', 3.20, 49, 'Poland'), --
(4, 'Warszawa', 3.94, 88, 'Poland'),--
(5, 'Lodz', 2.20, 52, 'Poland'), --
(6, 'Gdansk', 3.20, 50, 'Poland'),--
(7, 'Szczecin', 2.40, 44, 'Poland'),--
(8, 'Bydgoszcz', 2.10, 44, 'Poland'),--
(9, 'Lublin', 3.12, 46, 'Poland'), --
(10, 'Bialystok', 2.4, 41, 'Poland'),--
(11, 'Wroclaw', 3.03, 42, 'Poland'), --
(12, 'Vienna', 4.12, 110, 'Austria'), --
(13, 'Prague', 4.03, 100, 'Czech'), --
(14, 'Berlin', 3.94, 118, 'Germany'),--
(15, 'Budapest', 3.88, 88, 'Hungary'), --
(16, 'Kiev', 3.31, 77, 'Ukraine'), --
(17, 'Lvov', 3.10, 69, 'Ukraine'), --
(18, 'Vilnius', 3.90, 85, 'Latvia'), --
(19, 'Moscow', 4.44, 90, 'Russia'), --
(20, 'Copenhagen', 4.55, 155, 'Denmark'), --
(21, 'Paris', 4.59, 172, 'France'), --
(22, 'Milan', 4.28, 121, 'Italy'), --
(23, 'Zagreb', 4.10, 92, 'Croatia'), --
(24, 'Munich', 3.59, 101, 'Germany'),--
(25, 'Minsk', 4.33, 55, 'Belarus'),
(26, 'Katowice', 4.22, 74, 'Poland'), --
(27, 'Kielce', 2.78, 50, 'Poland'), --
(28, 'Olsztyn', 3.9, 64, 'Poland'), --
(29, 'Rzeszow', 4.1, 48, 'Poland'), --
(30, 'Torun', 4.3, 51, 'Poland'); --

-- stops data
INSERT INTO bus_stops(id, stop_name, city) VALUES
(1, 'Dworzec autobusowy w Białymstoku', 10),
(2, 'Dworzec autobusowy w Bydgoszczy', 8),
(3, 'Dworzec PKS Gdańsk', 6),
(4, 'Dworzec autobusowy w Katowicach', 26),
(5, 'Dworzec PKS w Kielcach', 27),
(6, 'Dworzec MDA w Krakowie', 1),
(7, 'Dworzec autobusowy w Lublinie', 9),
(8, 'Dworzec autobusowy Centralny w Łodzi', 5),
(9, 'Dworzec autobusowy Łódź Kaliska', 5),
(10, 'Dworzec autobusowy w Olsztynie', 28),
(11, 'Dworzec autobusowy w Poznaniu', 3),
(12, 'Dworzec autobusowy w Rzeszowie', 29),
(13, 'Dworzec autobusowy w Szczecinie', 7),
(14, 'Dworzec autobusowy w Toruniu', 30), --
(15, 'Dworzec PKS w Toruniu', 30), --
(16, 'Dworzec autobusowy Warszawa Stadion', 4), --
(17, 'Dworzec autobusowy Warszawa Zachodnia', 4), --
(18, 'Dworzec Wrocław', 11), --
(19, 'Kiev Central Bus Station', 16), --
(20, 'Lviv bus station', 17), --
(21, 'Zentraler Omnibusbahnhof Berlin', 14), --
(22, 'Zentraler Omnibusbahnhof München', 24), --
(23, 'Avtovokzal Mazyr', 2), --
(24, 'Vienna International Busterminal', 12), --
(25, 'Vienna bu station', 12), --
(26, 'Praha Florenc', 13), --
(27, 'Budapest bus station', 15), --
(28, 'Vilnius Bus Station', 18), --
(29, 'Moscow-Butyrskaya Station', 19), --
(30, 'Kurskiy Railway Station', 20), --
(31, 'Copenhagen Central Station', 20), --
(32, 'Porte Maillot', 21), --
(33, 'BUS Milan central station', 22), --
(34, 'Zagreb Bus Station', 23), --
(35, 'Central Bus Terminals', 25);

-- users data
INSERT INTO new_users(username, email_address, password, name, surname) VALUES
('admin1', 'admin1@example.com', 'admin1', 'Łukasz', 'Selwa'),
('Thomas_Mathis0', 'thomas.mathis@example.com', '111111', 'Thomas', 'Mathis'),
('Piers_King1', 'piers.king@example.com', '2000', 'Piers', 'King'),
('Sonia_Allan2', 'sonia.allan@example.com', '159753', 'Sonia', 'Allan'),
('Phil_Arnold3', 'phil.arnold@example.com', '112233', 'Phil', 'Arnold'),
('Una_Wright4', 'una.wright@example.com', '000000', 'Una', 'Wright'),
('Andrea_Fraser5', 'andrea.fraser@example.com', 'maggie', 'Andrea', 'Fraser'),
('Julian_Davies6', 'julian.davies@example.com', 'andrew', 'Julian', 'Davies'),
('Isaac_Lee7', 'isaac.lee@example.com', 'cheese', 'Isaac', 'Lee'),
('Julia_White8', 'julia.white@example.com', '1234567890', 'Julia', 'White'),
('Isaac_Dickens9', 'isaac.dickens@example.com', 'dragon', 'Isaac', 'Dickens'),
('Wanda_Butler10', 'wanda.butler@example.com', 'buster', 'Wanda', 'Butler'),
('Max_Bailey11', 'max.bailey@example.com', 'zxcvbn', 'Max', 'Bailey'),
('Ella_Skinner12', 'ella.skinner@example.com', 'austin', 'Ella', 'Skinner'),
('Peter_Blake13', 'peter.blake@example.com', 'harley', 'Peter', 'Blake'),
('Sean_Mills14', 'sean.mills@example.com', 'matthew', 'Sean', 'Mills'),
('Adam_Thomson15', 'adam.thomson@example.com', 'qwerty', 'Adam', 'Thomson'),
('Amanda_Fraser16', 'amanda.fraser@example.com', '1qaz2wsx', 'Amanda', 'Fraser'),
('Faith_Wright17', 'faith.wright@example.com', '121212', 'Faith', 'Wright'),
('Christian_Alsop18', 'christian.alsop@example.com', 'buster', 'Christian', 'Alsop'),
('Michael_Fraser19', 'michael.fraser@example.com', 'abc123', 'Michael', 'Fraser'),
('Gavin_Metcalfe20', 'gavin.metcalfe@example.com', 'qwerty', 'Gavin', 'Metcalfe'),
('Madeleine_Thomson21', 'madeleine.thomson@example.com', 'freedom', 'Madeleine', 'Thomson'),
('Keith_Vance22', 'keith.vance@example.com', 'dragon', 'Keith', 'Vance'),
('Boris_North23', 'boris.north@example.com', 'klaster', 'Boris', 'North'),
('Nicola_Marshall24', 'nicola.marshall@example.com', 'computer', 'Nicola', 'Marshall'),
('Una_MacLeod25', 'una.macleod@example.com', 'killer', 'Una', 'MacLeod'),
('Penelope_Russell26', 'penelope.russell@example.com', 'martin', 'Penelope', 'Russell'),
('Jason_Greene27', 'jason.greene@example.com', 'cheese', 'Jason', 'Greene'),
('Nicola_Churchill28', 'nicola.churchill@example.com', '696969', 'Nicola', 'Churchill'),
('Tim_Kelly29', 'tim.kelly@example.com', 'jordan', 'Tim', 'Kelly'),
('Joseph_Black30', 'joseph.black@example.com', 'corvette', 'Joseph', 'Black'),
('Felicity_Avery31', 'felicity.avery@example.com', 'superman', 'Felicity', 'Avery'),
('Julia_Welch32', 'julia.welch@example.com', 'abc123', 'Julia', 'Welch'),
('Sally_Jackson33', 'sally.jackson@example.com', '11111111', 'Sally', 'Jackson'),
('Tracey_MacLeod34', 'tracey.macleod@example.com', '123123', 'Tracey', 'MacLeod'),
('Stewart_Bell35', 'stewart.bell@example.com', 'killer', 'Stewart', 'Bell'),
('Kylie_Henderson36', 'kylie.henderson@example.com', 'amanda', 'Kylie', 'Henderson'),
('Bella_Ball37', 'bella.ball@example.com', '2000', 'Bella', 'Ball'),
('Grace_Oliver38', 'grace.oliver@example.com', 'amanda', 'Grace', 'Oliver'),
('Carolyn_Hughes39', 'carolyn.hughes@example.com', '123321', 'Carolyn', 'Hughes'),
('Madeleine_Gray40', 'madeleine.gray@example.com', '11111111', 'Madeleine', 'Gray'),
('Kimberly_Ogden41', 'kimberly.ogden@example.com', 'maggie', 'Kimberly', 'Ogden'),
('Madeleine_Peake42', 'madeleine.peake@example.com', 'thunder', 'Madeleine', 'Peake'),
('Leah_Clarkson43', 'leah.clarkson@example.com', 'jennifer', 'Leah', 'Clarkson'),
('Adrian_Gill44', 'adrian.gill@example.com', 'chelsea', 'Adrian', 'Gill'),
('Christian_Gibson45', 'christian.gibson@example.com', 'tigger', 'Christian', 'Gibson'),
('Donna_Lawrence46', 'donna.lawrence@example.com', '7777777', 'Donna', 'Lawrence'),
('Mary_Martin47', 'mary.martin@example.com', 'dallas', 'Mary', 'Martin'),
('Andrew_Jackson48', 'andrew.jackson@example.com', 'taylor', 'Andrew', 'Jackson'),
('Una_Campbell49', 'una.campbell@example.com', 'klaster', 'Una', 'Campbell'),
('Amanda_Sanderson50', 'amanda.sanderson@example.com', 'password', 'Amanda', 'Sanderson'),
('Claire_Marshall51', 'claire.marshall@example.com', 'hockey', 'Claire', 'Marshall'),
('Ruth_Taylor52', 'ruth.taylor@example.com', '1234567', 'Ruth', 'Taylor'),
('Carol_Edmunds53', 'carol.edmunds@example.com', 'andrew', 'Carol', 'Edmunds'),
('Bella_Anderson54', 'bella.anderson@example.com', '131313', 'Bella', 'Anderson'),
('Luke_Henderson55', 'luke.henderson@example.com', '987654321', 'Luke', 'Henderson'),
('Amelia_Parr56', 'amelia.parr@example.com', 'michael', 'Amelia', 'Parr'),
('Lisa_Chapman57', 'lisa.chapman@example.com', 'william', 'Lisa', 'Chapman'),
('Stephanie_Rees58', 'stephanie.rees@example.com', '000000', 'Stephanie', 'Rees'),
('Emma_Simpson59', 'emma.simpson@example.com', 'qwerty', 'Emma', 'Simpson'),
('Lily_Johnston60', 'lily.johnston@example.com', 'mustang', 'Lily', 'Johnston'),
('Nathan_Dyer61', 'nathan.dyer@example.com', '555555', 'Nathan', 'Dyer'),
('Isaac_Allan62', 'isaac.allan@example.com', '2000', 'Isaac', 'Allan'),
('Keith_Davidson63', 'keith.davidson@example.com', 'michael', 'Keith', 'Davidson'),
('Mary_Morgan64', 'mary.morgan@example.com', 'password', 'Mary', 'Morgan'),
('Liam_Springer65', 'liam.springer@example.com', 'hockey', 'Liam', 'Springer'),
('Zoe_Jones66', 'zoe.jones@example.com', 'joshua', 'Zoe', 'Jones'),
('Leah_Allan67', 'leah.allan@example.com', '1234567', 'Leah', 'Allan'),
('Lucas_Wright68', 'lucas.wright@example.com', '7777777', 'Lucas', 'Wright'),
('Jennifer_Coleman69', 'jennifer.coleman@example.com', 'killer', 'Jennifer', 'Coleman'),
('Ella_Smith70', 'ella.smith@example.com', 'hello', 'Ella', 'Smith'),
('Rebecca_King71', 'rebecca.king@example.com', 'love', 'Rebecca', 'King'),
('Anna_Gibson72', 'anna.gibson@example.com', 'jordan', 'Anna', 'Gibson'),
('Natalie_Simpson73', 'natalie.simpson@example.com', 'football', 'Natalie', 'Simpson'),
('Trevor_Campbell74', 'trevor.campbell@example.com', 'zxcvbn', 'Trevor', 'Campbell'),
('Felicity_Rees75', 'felicity.rees@example.com', 'monkey', 'Felicity', 'Rees'),
('Benjamin_Alsop76', 'benjamin.alsop@example.com', 'pepper', 'Benjamin', 'Alsop'),
('Piers_Churchill77', 'piers.churchill@example.com', 'jennifer', 'Piers', 'Churchill'),
('John_Clark78', 'john.clark@example.com', '654321', 'John', 'Clark'),
('Alan_Alsop79', 'alan.alsop@example.com', 'freedom', 'Alan', 'Alsop'),
('Joan_Sharp80', 'joan.sharp@example.com', 'letmein', 'Joan', 'Sharp'),
('Anthony_Mackenzie81', 'anthony.mackenzie@example.com', 'taylor', 'Anthony', 'Mackenzie'),
('Isaac_Clarkson82', 'isaac.clarkson@example.com', '121212', 'Isaac', 'Clarkson'),
('Christopher_Berry83', 'christopher.berry@example.com', 'password', 'Christopher', 'Berry'),
('Rose_Randall84', 'rose.randall@example.com', 'shadow', 'Rose', 'Randall'),
('Alison_Taylor85', 'alison.taylor@example.com', 'matrix', 'Alison', 'Taylor'),
('Joseph_Fraser86', 'joseph.fraser@example.com', '12345', 'Joseph', 'Fraser'),
('Audrey_Sharp87', 'audrey.sharp@example.com', '123456789', 'Audrey', 'Sharp'),
('Blake_Wright88', 'blake.wright@example.com', 'robert', 'Blake', 'Wright'),
('Mary_Randall89', 'mary.randall@example.com', 'hello', 'Mary', 'Randall'),
('Luke_Forsyth90', 'luke.forsyth@example.com', 'access', 'Luke', 'Forsyth'),
('Jessica_Parr91', 'jessica.parr@example.com', '1234567890', 'Jessica', 'Parr'),
('Jacob_Roberts92', 'jacob.roberts@example.com', '12345', 'Jacob', 'Roberts'),
('Boris_Dickens93', 'boris.dickens@example.com', 'ashley', 'Boris', 'Dickens'),
('Frank_Parr94', 'frank.parr@example.com', 'thomas', 'Frank', 'Parr'),
('Claire_Graham95', 'claire.graham@example.com', '555555', 'Claire', 'Graham'),
('Andrew_McGrath96', 'andrew.mcgrath@example.com', '696969', 'Andrew', 'McGrath'),
('Paul_Gill97', 'paul.gill@example.com', 'zxcvbnm', 'Paul', 'Gill'),
('Boris_Blake98', 'boris.blake@example.com', 'asdfgh', 'Boris', 'Blake'),
('Liam_McGrath99', 'liam.mcgrath@example.com', 'andrew', 'Liam', 'McGrath'),
('Faith_Lyman100', 'faith.lyman@example.com', 'password', 'Faith', 'Lyman'),
('Audrey_Mitchell101', 'audrey.mitchell@example.com', 'corvette', 'Audrey', 'Mitchell'),
('Pippa_Morrison102', 'pippa.morrison@example.com', 'pass', 'Pippa', 'Morrison'),
('Joe_Taylor103', 'joe.taylor@example.com', '7777777', 'Joe', 'Taylor'),
('Megan_Welch104', 'megan.welch@example.com', 'zxcvbnm', 'Megan', 'Welch'),
('Jonathan_Duncan105', 'jonathan.duncan@example.com', '112233', 'Jonathan', 'Duncan'),
('Una_Robertson106', 'una.robertson@example.com', 'joshua', 'Una', 'Robertson'),
('Robert_Marshall107', 'robert.marshall@example.com', 'corvette', 'Robert', 'Marshall'),
('Pippa_North108', 'pippa.north@example.com', 'taylor', 'Pippa', 'North'),
('Lisa_Poole109', 'lisa.poole@example.com', '123456789', 'Lisa', 'Poole'),
('Zoe_Mackenzie110', 'zoe.mackenzie@example.com', 'dragon', 'Zoe', 'Mackenzie'),
('Joshua_Mathis111', 'joshua.mathis@example.com', 'qazwsx', 'Joshua', 'Mathis'),
('Amelia_Morrison112', 'amelia.morrison@example.com', 'tigger', 'Amelia', 'Morrison'),
('Grace_Miller113', 'grace.miller@example.com', 'ginger', 'Grace', 'Miller'),
('Donna_Knox114', 'donna.knox@example.com', 'jordan', 'Donna', 'Knox'),
('Joanne_Mills115', 'joanne.mills@example.com', 'hello', 'Joanne', 'Mills'),
('Joseph_Ross116', 'joseph.ross@example.com', 'harley', 'Joseph', 'Ross'),
('David_Short117', 'david.short@example.com', 'martin', 'David', 'Short'),
('Carl_Mackay118', 'carl.mackay@example.com', '131313', 'Carl', 'Mackay'),
('Tracey_Gibson119', 'tracey.gibson@example.com', 'abc123', 'Tracey', 'Gibson'),
('Lily_Metcalfe120', 'lily.metcalfe@example.com', 'computer', 'Lily', 'Metcalfe'),
('Lucas_Russell121', 'lucas.russell@example.com', 'klaster', 'Lucas', 'Russell'),
('Alan_Newman122', 'alan.newman@example.com', 'taylor', 'Alan', 'Newman'),
('Paul_May123', 'paul.may@example.com', '1234567', 'Paul', 'May'),
('Jennifer_Sharp124', 'jennifer.sharp@example.com', 'matrix', 'Jennifer', 'Sharp'),
('Fiona_Harris125', 'fiona.harris@example.com', '131313', 'Fiona', 'Harris'),
('Piers_Underwood126', 'piers.underwood@example.com', 'football', 'Piers', 'Underwood'),
('Maria_May127', 'maria.may@example.com', '000000', 'Maria', 'May'),
('James_Welch128', 'james.welch@example.com', '1234', 'James', 'Welch'),
('Sebastian_Cameron129', 'sebastian.cameron@example.com', 'jessica', 'Sebastian', 'Cameron'),
('Christopher_Short130', 'christopher.short@example.com', 'harley', 'Christopher', 'Short'),
('Stephanie_Lee131', 'stephanie.lee@example.com', 'zxcvbn', 'Stephanie', 'Lee'),
('Steven_Lambert132', 'steven.lambert@example.com', 'ashley', 'Steven', 'Lambert'),
('Claire_Grant133', 'claire.grant@example.com', 'thomas', 'Claire', 'Grant'),
('Colin_Ross134', 'colin.ross@example.com', '11111111', 'Colin', 'Ross'),
('Michelle_Tucker135', 'michelle.tucker@example.com', '123321', 'Michelle', 'Tucker'),
('Adrian_Lawrence136', 'adrian.lawrence@example.com', 'matrix', 'Adrian', 'Lawrence'),
('Kimberly_Glover137', 'kimberly.glover@example.com', 'abc123', 'Kimberly', 'Glover'),
('Jason_Wilson138', 'jason.wilson@example.com', 'pass', 'Jason', 'Wilson'),
('Sean_Dickens139', 'sean.dickens@example.com', 'password', 'Sean', 'Dickens'),
('Christian_Randall140', 'christian.randall@example.com', '987654321', 'Christian', 'Randall'),
('Rachel_Underwood141', 'rachel.underwood@example.com', 'qazwsx', 'Rachel', 'Underwood'),
('Donna_Hodges142', 'donna.hodges@example.com', 'asdfgh', 'Donna', 'Hodges'),
('Jennifer_Hemmings143', 'jennifer.hemmings@example.com', 'klaster', 'Jennifer', 'Hemmings'),
('Jason_Sutherland144', 'jason.sutherland@example.com', '696969', 'Jason', 'Sutherland'),
('Jan_Short145', 'jan.short@example.com', '987654321', 'Jan', 'Short'),
('Leonard_Young146', 'leonard.young@example.com', 'buster', 'Leonard', 'Young'),
('Vanessa_Sharp147', 'vanessa.sharp@example.com', 'amanda', 'Vanessa', 'Sharp'),
('Diana_Miller148', 'diana.miller@example.com', 'jordan', 'Diana', 'Miller'),
('Yvonne_Anderson149', 'yvonne.anderson@example.com', '1234', 'Yvonne', 'Anderson'),
('Keith_Metcalfe150', 'keith.metcalfe@example.com', 'maggie', 'Keith', 'Metcalfe'),
('Felicity_Vance151', 'felicity.vance@example.com', 'hello', 'Felicity', 'Vance'),
('Dan_Manning152', 'dan.manning@example.com', 'matrix', 'Dan', 'Manning'),
('Anne_Quinn153', 'anne.quinn@example.com', '666666', 'Anne', 'Quinn'),
('Abigail_Ellison154', 'abigail.ellison@example.com', 'ranger', 'Abigail', 'Ellison'),
('Zoe_Davies155', 'zoe.davies@example.com', '1234567890', 'Zoe', 'Davies'),
('Theresa_Chapman156', 'theresa.chapman@example.com', 'yankees', 'Theresa', 'Chapman'),
('James_Mills157', 'james.mills@example.com', 'computer', 'James', 'Mills'),
('Deirdre_Metcalfe158', 'deirdre.metcalfe@example.com', '12345', 'Deirdre', 'Metcalfe'),
('Cameron_Davidson159', 'cameron.davidson@example.com', 'superman', 'Cameron', 'Davidson'),
('Keith_Springer160', 'keith.springer@example.com', '1234567890', 'Keith', 'Springer'),
('Joseph_Sutherland161', 'joseph.sutherland@example.com', '1234', 'Joseph', 'Sutherland'),
('David_Abraham162', 'david.abraham@example.com', 'football', 'David', 'Abraham'),
('Caroline_Knox163', 'caroline.knox@example.com', '777777', 'Caroline', 'Knox'),
('Kylie_Lewis164', 'kylie.lewis@example.com', 'asdfgh', 'Kylie', 'Lewis'),
('Sarah_Ellison165', 'sarah.ellison@example.com', 'taylor', 'Sarah', 'Ellison'),
('Carol_Dyer166', 'carol.dyer@example.com', 'qwertyuiop', 'Carol', 'Dyer'),
('Neil_Pullman167', 'neil.pullman@example.com', 'andrew', 'Neil', 'Pullman'),
('Theresa_Terry168', 'theresa.terry@example.com', '555555', 'Theresa', 'Terry'),
('Heather_Lewis169', 'heather.lewis@example.com', 'trustno1', 'Heather', 'Lewis'),
('Leonard_Berry170', 'leonard.berry@example.com', 'superman', 'Leonard', 'Berry'),
('Elizabeth_Lyman171', 'elizabeth.lyman@example.com', 'taylor', 'Elizabeth', 'Lyman'),
('Max_Walsh172', 'max.walsh@example.com', 'pepper', 'Max', 'Walsh'),
('Frank_Poole173', 'frank.poole@example.com', 'asdfgh', 'Frank', 'Poole'),
('Owen_May174', 'owen.may@example.com', 'andrew', 'Owen', 'May'),
('Carl_Nash175', 'carl.nash@example.com', '987654321', 'Carl', 'Nash'),
('James_Payne176', 'james.payne@example.com', 'charlie', 'James', 'Payne'),
('Sarah_Peters177', 'sarah.peters@example.com', 'george', 'Sarah', 'Peters'),
('Gavin_Carr178', 'gavin.carr@example.com', '1234567890', 'Gavin', 'Carr'),
('Felicity_Lawrence179', 'felicity.lawrence@example.com', 'iloveyou', 'Felicity', 'Lawrence'),
('Brandon_Pullman180', 'brandon.pullman@example.com', 'chelsea', 'Brandon', 'Pullman'),
('Dorothy_King181', 'dorothy.king@example.com', 'shadow', 'Dorothy', 'King'),
('Charles_Harris182', 'charles.harris@example.com', 'maggie', 'Charles', 'Harris'),
('Phil_Wright183', 'phil.wright@example.com', 'hunter', 'Phil', 'Wright'),
('Rebecca_Wallace184', 'rebecca.wallace@example.com', 'iloveyou', 'Rebecca', 'Wallace'),
('Olivia_Berry185', 'olivia.berry@example.com', 'chelsea', 'Olivia', 'Berry'),
('Katherine_Ince186', 'katherine.ince@example.com', 'william', 'Katherine', 'Ince'),
('Anthony_Greene187', 'anthony.greene@example.com', 'chelsea', 'Anthony', 'Greene'),
('Thomas_Henderson188', 'thomas.henderson@example.com', '1234567890', 'Thomas', 'Henderson'),
('Joshua_Walker189', 'joshua.walker@example.com', 'qwertyuiop', 'Joshua', 'Walker'),
('Audrey_Mackay190', 'audrey.mackay@example.com', 'andrew', 'Audrey', 'Mackay'),
('Brian_Kelly191', 'brian.kelly@example.com', '131313', 'Brian', 'Kelly'),
('Blake_Howard192', 'blake.howard@example.com', 'jordan', 'Blake', 'Howard'),
('Emma_Young193', 'emma.young@example.com', 'letmein', 'Emma', 'Young'),
('Diana_Watson194', 'diana.watson@example.com', '654321', 'Diana', 'Watson'),
('Isaac_Dowd195', 'isaac.dowd@example.com', 'trustno1', 'Isaac', 'Dowd'),
('Jonathan_Churchill196', 'jonathan.churchill@example.com', 'harley', 'Jonathan', 'Churchill'),
('Andrea_Hughes197', 'andrea.hughes@example.com', 'baseball', 'Andrea', 'Hughes'),
('Andrew_Randall198', 'andrew.randall@example.com', 'amanda', 'Andrew', 'Randall'),
('Stephen_Mills199', 'stephen.mills@example.com', 'thomas', 'Stephen', 'Mills');


-- bus models
INSERT INTO buses_models(id, seats) VALUES
(0, 30),
(1, 40),
(2, 60),
(3, 60),
(4, 50);


INSERT INTO transits(id_transit, departure_stop, arrival_stop, price, bus_model) VALUES
(1, 6, 9, 8, 2),
(2, 6, 18, 11, 1),
(3, 6, 4, 2, 0),
(4, 6, 5, 5, 0),
(5, 6, 12, 8, 4),
(6, 11, 9, 8, 4),
(7, 11, 13, 8, 1),
(8, 11, 2, 5, 1),
(9, 11, 18, 8, 0),
(10, 11, 14, 5, 2),
(11, 17, 9, 8, 4),
(12, 17, 2, 11, 1),
(13, 16, 7, 8, 4),
(14, 16, 1, 8, 1),
(15, 17, 14, 8, 4),
(16, 8, 6, 8, 1),
(17, 8, 11, 8, 1),
(18, 8, 7, 11, 0),
(19, 9, 18, 8, 4),
(20, 9, 4, 5, 4),
(21, 9, 5, 5, 0),
(22, 3, 2, 8, 0),
(23, 3, 10, 8, 1),
(24, 3, 15, 8, 3),
(25, 2, 11, 5, 3),
(26, 2, 9, 11, 1),
(27, 2, 3, 8, 0),
(28, 2, 13, 11, 2),
(29, 2, 18, 11, 4),
(30, 2, 10, 8, 0),
(31, 2, 15, 2, 4),
(32, 7, 9, 11, 1),
(33, 7, 1, 11, 0),
(34, 7, 20, 8, 4),
(35, 7, 5, 8, 0),
(36, 7, 12, 8, 3),
(37, 1, 17, 8, 1),
(38, 1, 7, 11, 1),
(39, 1, 28, 11, 4),
(40, 1, 10, 8, 3),
(41, 24, 27, 11, 2),
(42, 26, 18, 11, 4),
(43, 27, 24, 11, 1),
(44, 19, 23, 11, 1),
(45, 20, 7, 8, 3),
(46, 20, 12, 8, 3),
(47, 28, 1, 11, 2),
(48, 28, 35, 8, 0),
(49, 35, 23, 11, 3),
(50, 35, 28, 8, 2),
(51, 4, 6, 2, 0),
(52, 4, 8, 5, 1),
(53, 4, 18, 8, 4),
(54, 4, 12, 11, 0),
(55, 5, 6, 5, 4),
(56, 5, 17, 8, 1),
(57, 5, 8, 5, 0),
(58, 5, 4, 5, 4),
(59, 12, 6, 8, 0),
(60, 12, 7, 8, 0),
(61, 12, 5, 5, 0),
(62, 14, 11, 5, 2),
(63, 15, 9, 8, 1),
(64, 14, 3, 8, 2),
(65, 14, 2, 2, 4),
(66, 15, 18, 11, 4),
(67, 14, 10, 8, 1);

INSERT INTO spans(id, begin_date, end_date, transit) VALUES
(1, '2019-1-01'::date, '2019-6-01'::date, 1),
(2, '2019-11-01'::date, '2020-4-01'::date, 1),
(3, '2019-3-01'::date, '2019-8-01'::date, 2),
(4, '2019-10-01'::date, '2020-3-01'::date, 2),
(5, '2019-1-01'::date, '2019-6-01'::date, 3),
(6, '2019-10-01'::date, '2020-3-01'::date, 3),
(7, '2019-1-01'::date, '2019-6-01'::date, 4),
(8, '2019-11-01'::date, '2020-4-01'::date, 4),
(9, '2019-1-01'::date, '2019-6-01'::date, 5),
(10, '2019-11-01'::date, '2020-4-01'::date, 5),
(11, '2019-1-01'::date, '2019-6-01'::date, 6),
(12, '2019-10-01'::date, '2020-3-01'::date, 6),
(13, '2019-1-01'::date, '2019-6-01'::date, 7),
(14, '2019-9-01'::date, '2020-2-01'::date, 7),
(15, '2019-1-01'::date, '2019-6-01'::date, 8),
(16, '2019-9-01'::date, '2020-2-01'::date, 8),
(17, '2019-2-01'::date, '2019-7-01'::date, 9),
(18, '2019-10-01'::date, '2020-3-01'::date, 9),
(19, '2019-1-01'::date, '2019-6-01'::date, 10),
(20, '2019-11-01'::date, '2020-4-01'::date, 10),
(21, '2019-3-01'::date, '2019-8-01'::date, 11),
(22, '2019-11-01'::date, '2020-4-01'::date, 11),
(23, '2019-2-01'::date, '2019-7-01'::date, 12),
(24, '2019-10-01'::date, '2020-3-01'::date, 12),
(25, '2019-1-01'::date, '2019-6-01'::date, 13),
(26, '2019-10-01'::date, '2020-3-01'::date, 13),
(27, '2019-1-01'::date, '2019-6-01'::date, 14),
(28, '2019-11-01'::date, '2020-4-01'::date, 14),
(29, '2019-2-01'::date, '2019-7-01'::date, 15),
(30, '2019-10-01'::date, '2020-3-01'::date, 15),
(31, '2019-3-01'::date, '2019-8-01'::date, 16),
(32, '2019-11-01'::date, '2020-4-01'::date, 16),
(33, '2019-3-01'::date, '2019-8-01'::date, 17),
(34, '2019-11-01'::date, '2020-4-01'::date, 17),
(35, '2019-1-01'::date, '2019-6-01'::date, 18),
(36, '2019-10-01'::date, '2020-3-01'::date, 18),
(37, '2019-1-01'::date, '2019-6-01'::date, 19),
(38, '2019-11-01'::date, '2020-4-01'::date, 19),
(39, '2019-2-01'::date, '2019-7-01'::date, 20),
(40, '2019-11-01'::date, '2020-4-01'::date, 20),
(41, '2019-1-01'::date, '2019-6-01'::date, 21),
(42, '2019-10-01'::date, '2020-3-01'::date, 21),
(43, '2019-3-01'::date, '2019-8-01'::date, 22),
(44, '2019-10-01'::date, '2020-3-01'::date, 22),
(45, '2019-3-01'::date, '2019-8-01'::date, 23),
(46, '2019-11-01'::date, '2020-4-01'::date, 23),
(47, '2019-3-01'::date, '2019-8-01'::date, 24),
(48, '2019-10-01'::date, '2020-3-01'::date, 24),
(49, '2019-2-01'::date, '2019-7-01'::date, 25),
(50, '2019-11-01'::date, '2020-4-01'::date, 25),
(51, '2019-2-01'::date, '2019-7-01'::date, 26),
(52, '2019-10-01'::date, '2020-3-01'::date, 26),
(53, '2019-3-01'::date, '2019-8-01'::date, 27),
(54, '2019-9-01'::date, '2020-2-01'::date, 27),
(55, '2019-2-01'::date, '2019-7-01'::date, 28),
(56, '2019-10-01'::date, '2020-3-01'::date, 28),
(57, '2019-3-01'::date, '2019-8-01'::date, 29),
(58, '2019-10-01'::date, '2020-3-01'::date, 29),
(59, '2019-3-01'::date, '2019-8-01'::date, 30),
(60, '2019-11-01'::date, '2020-4-01'::date, 30),
(61, '2019-2-01'::date, '2019-7-01'::date, 31),
(62, '2019-10-01'::date, '2020-3-01'::date, 31),
(63, '2019-1-01'::date, '2019-6-01'::date, 32),
(64, '2019-10-01'::date, '2020-3-01'::date, 32),
(65, '2019-3-01'::date, '2019-8-01'::date, 33),
(66, '2019-10-01'::date, '2020-3-01'::date, 33),
(67, '2019-3-01'::date, '2019-8-01'::date, 34),
(68, '2019-10-01'::date, '2020-3-01'::date, 34),
(69, '2019-1-01'::date, '2019-6-01'::date, 35),
(70, '2019-9-01'::date, '2020-2-01'::date, 35),
(71, '2019-3-01'::date, '2019-8-01'::date, 36),
(72, '2019-10-01'::date, '2020-3-01'::date, 36),
(73, '2019-1-01'::date, '2019-6-01'::date, 37),
(74, '2019-11-01'::date, '2020-4-01'::date, 37),
(75, '2019-1-01'::date, '2019-6-01'::date, 38),
(76, '2019-11-01'::date, '2020-4-01'::date, 38),
(77, '2019-3-01'::date, '2019-8-01'::date, 39),
(78, '2019-9-01'::date, '2020-2-01'::date, 39),
(79, '2019-1-01'::date, '2019-6-01'::date, 40),
(80, '2019-10-01'::date, '2020-3-01'::date, 40),
(81, '2019-3-01'::date, '2019-8-01'::date, 41),
(82, '2019-9-01'::date, '2020-2-01'::date, 41),
(83, '2019-3-01'::date, '2019-8-01'::date, 42),
(84, '2019-11-01'::date, '2020-4-01'::date, 42),
(85, '2019-1-01'::date, '2019-6-01'::date, 43),
(86, '2019-9-01'::date, '2020-2-01'::date, 43),
(87, '2019-3-01'::date, '2019-8-01'::date, 44),
(88, '2019-11-01'::date, '2020-4-01'::date, 44),
(89, '2019-1-01'::date, '2019-6-01'::date, 45),
(90, '2019-9-01'::date, '2020-2-01'::date, 45),
(91, '2019-3-01'::date, '2019-8-01'::date, 46),
(92, '2019-10-01'::date, '2020-3-01'::date, 46),
(93, '2019-1-01'::date, '2019-6-01'::date, 47),
(94, '2019-10-01'::date, '2020-3-01'::date, 47),
(95, '2019-2-01'::date, '2019-7-01'::date, 48),
(96, '2019-9-01'::date, '2020-2-01'::date, 48),
(97, '2019-3-01'::date, '2019-8-01'::date, 49),
(98, '2019-11-01'::date, '2020-4-01'::date, 49),
(99, '2019-2-01'::date, '2019-7-01'::date, 50),
(100, '2019-11-01'::date, '2020-4-01'::date, 50),
(101, '2019-1-01'::date, '2019-6-01'::date, 51),
(102, '2019-11-01'::date, '2020-4-01'::date, 51),
(103, '2019-2-01'::date, '2019-7-01'::date, 52),
(104, '2019-11-01'::date, '2020-4-01'::date, 52),
(105, '2019-3-01'::date, '2019-8-01'::date, 53),
(106, '2019-11-01'::date, '2020-4-01'::date, 53),
(107, '2019-2-01'::date, '2019-7-01'::date, 54),
(108, '2019-11-01'::date, '2020-4-01'::date, 54),
(109, '2019-1-01'::date, '2019-6-01'::date, 55),
(110, '2019-9-01'::date, '2020-2-01'::date, 55),
(111, '2019-1-01'::date, '2019-6-01'::date, 56),
(112, '2019-10-01'::date, '2020-3-01'::date, 56),
(113, '2019-2-01'::date, '2019-7-01'::date, 57),
(114, '2019-9-01'::date, '2020-2-01'::date, 57),
(115, '2019-2-01'::date, '2019-7-01'::date, 58),
(116, '2019-10-01'::date, '2020-3-01'::date, 58),
(117, '2019-2-01'::date, '2019-7-01'::date, 59),
(118, '2019-10-01'::date, '2020-3-01'::date, 59),
(119, '2019-2-01'::date, '2019-7-01'::date, 60),
(120, '2019-9-01'::date, '2020-2-01'::date, 60),
(121, '2019-1-01'::date, '2019-6-01'::date, 61),
(122, '2019-9-01'::date, '2020-2-01'::date, 61),
(123, '2019-1-01'::date, '2019-6-01'::date, 62),
(124, '2019-11-01'::date, '2020-4-01'::date, 62),
(125, '2019-2-01'::date, '2019-7-01'::date, 63),
(126, '2019-9-01'::date, '2020-2-01'::date, 63),
(127, '2019-2-01'::date, '2019-7-01'::date, 64),
(128, '2019-10-01'::date, '2020-3-01'::date, 64),
(129, '2019-2-01'::date, '2019-7-01'::date, 65),
(130, '2019-11-01'::date, '2020-4-01'::date, 65),
(131, '2019-3-01'::date, '2019-8-01'::date, 66),
(132, '2019-9-01'::date, '2020-2-01'::date, 66),
(133, '2019-3-01'::date, '2019-8-01'::date, 67),
(134, '2019-10-01'::date, '2020-3-01'::date, 67);

INSERT INTO departure_time(departure, time, span, day_of_the_week) VALUES
('9:00'::time, '2 hours'::interval, 1, 3),
('9:00'::time, '2 hours'::interval, 1, 4),
('10:00'::time, '2 hours'::interval, 1, 5),
('9:00'::time, '2 hours'::interval, 1, 6),
('8:00'::time, '2 hours'::interval, 2, 1),
('7:00'::time, '2 hours'::interval, 2, 3),
('9:00'::time, '2 hours'::interval, 2, 4),
('7:00'::time, '2 hours'::interval, 2, 5),
('7:00'::time, '2 hours'::interval, 2, 7),
('6:00'::time, '3 hours'::interval, 3, 1),
('10:00'::time, '3 hours'::interval, 3, 2),
('6:00'::time, '3 hours'::interval, 4, 1),
('11:00'::time, '3 hours'::interval, 4, 2),
('10:00'::time, '3 hours'::interval, 4, 7),
('10:00'::time, '1 hours'::interval, 5, 2),
('23:00'::time, '0 hours'::interval, 5, 2),
('9:00'::time, '0 hours'::interval, 5, 4),
('21:00'::time, '0 hours'::interval, 5, 4),
('8:00'::time, '0 hours'::interval, 5, 6),
('19:00'::time, '1 hours'::interval, 5, 6),
('8:00'::time, '1 hours'::interval, 6, 1),
('18:00'::time, '1 hours'::interval, 6, 1),
('8:00'::time, '1 hours'::interval, 6, 2),
('20:00'::time, '0 hours'::interval, 6, 2),
('10:00'::time, '0 hours'::interval, 6, 4),
('20:00'::time, '0 hours'::interval, 6, 4),
('10:00'::time, '0 hours'::interval, 6, 5),
('18:00'::time, '1 hours'::interval, 6, 5),
('11:00'::time, '2 hours'::interval, 7, 2),
('10:00'::time, '2 hours'::interval, 7, 6),
('7:00'::time, '1 hours'::interval, 7, 7),
('11:00'::time, '2 hours'::interval, 8, 2),
('6:00'::time, '1 hours'::interval, 8, 3),
('7:00'::time, '1 hours'::interval, 8, 5),
('6:00'::time, '3 hours'::interval, 9, 1),
('7:00'::time, '3 hours'::interval, 9, 4),
('7:00'::time, '2 hours'::interval, 9, 5),
('6:00'::time, '3 hours'::interval, 10, 1),
('10:00'::time, '2 hours'::interval, 10, 2),
('8:00'::time, '2 hours'::interval, 10, 5),
('9:00'::time, '2 hours'::interval, 11, 2),
('11:00'::time, '3 hours'::interval, 11, 3),
('11:00'::time, '2 hours'::interval, 11, 4),
('7:00'::time, '3 hours'::interval, 11, 6),
('8:00'::time, '2 hours'::interval, 12, 1),
('8:00'::time, '3 hours'::interval, 12, 3),
('6:00'::time, '2 hours'::interval, 12, 4),
('8:00'::time, '2 hours'::interval, 12, 5),
('7:00'::time, '3 hours'::interval, 13, 1),
('9:00'::time, '3 hours'::interval, 13, 2),
('8:00'::time, '3 hours'::interval, 13, 4),
('6:00'::time, '2 hours'::interval, 14, 2),
('9:00'::time, '2 hours'::interval, 14, 3),
('8:00'::time, '3 hours'::interval, 14, 4),
('9:00'::time, '3 hours'::interval, 14, 5),
('8:00'::time, '2 hours'::interval, 14, 7),
('7:00'::time, '2 hours'::interval, 15, 2),
('9:00'::time, '1 hours'::interval, 15, 3),
('9:00'::time, '2 hours'::interval, 15, 4),
('9:00'::time, '1 hours'::interval, 15, 6),
('10:00'::time, '2 hours'::interval, 16, 2),
('6:00'::time, '2 hours'::interval, 16, 3),
('8:00'::time, '1 hours'::interval, 16, 4),
('10:00'::time, '2 hours'::interval, 16, 7),
('9:00'::time, '2 hours'::interval, 17, 1),
('11:00'::time, '2 hours'::interval, 17, 2),
('9:00'::time, '2 hours'::interval, 17, 3),
('9:00'::time, '2 hours'::interval, 17, 6),
('7:00'::time, '2 hours'::interval, 17, 7),
('7:00'::time, '2 hours'::interval, 18, 3),
('10:00'::time, '2 hours'::interval, 18, 5),
('9:00'::time, '2 hours'::interval, 18, 6),
('8:00'::time, '2 hours'::interval, 19, 1),
('9:00'::time, '2 hours'::interval, 19, 2),
('8:00'::time, '1 hours'::interval, 19, 5),
('9:00'::time, '2 hours'::interval, 20, 1),
('9:00'::time, '1 hours'::interval, 20, 2),
('11:00'::time, '2 hours'::interval, 20, 3),
('9:00'::time, '1 hours'::interval, 20, 7),
('6:00'::time, '2 hours'::interval, 21, 2),
('11:00'::time, '2 hours'::interval, 21, 4),
('7:00'::time, '2 hours'::interval, 21, 5),
('9:00'::time, '2 hours'::interval, 21, 6),
('9:00'::time, '2 hours'::interval, 22, 1),
('10:00'::time, '2 hours'::interval, 22, 2),
('9:00'::time, '2 hours'::interval, 22, 3),
('10:00'::time, '2 hours'::interval, 22, 6),
('7:00'::time, '3 hours'::interval, 23, 1),
('6:00'::time, '3 hours'::interval, 23, 4),
('9:00'::time, '3 hours'::interval, 23, 7),
('6:00'::time, '3 hours'::interval, 24, 2),
('7:00'::time, '3 hours'::interval, 24, 3),
('9:00'::time, '3 hours'::interval, 24, 6),
('8:00'::time, '2 hours'::interval, 25, 1),
('9:00'::time, '2 hours'::interval, 25, 5),
('8:00'::time, '2 hours'::interval, 25, 6),
('8:00'::time, '2 hours'::interval, 25, 7),
('10:00'::time, '2 hours'::interval, 26, 3),
('6:00'::time, '2 hours'::interval, 26, 4),
('11:00'::time, '2 hours'::interval, 26, 5),
('11:00'::time, '2 hours'::interval, 26, 6),
('10:00'::time, '3 hours'::interval, 27, 3),
('9:00'::time, '3 hours'::interval, 27, 5),
('6:00'::time, '3 hours'::interval, 27, 6),
('9:00'::time, '3 hours'::interval, 28, 2),
('7:00'::time, '3 hours'::interval, 28, 3),
('10:00'::time, '3 hours'::interval, 28, 7),
('10:00'::time, '3 hours'::interval, 29, 1),
('9:00'::time, '2 hours'::interval, 29, 3),
('11:00'::time, '3 hours'::interval, 29, 4),
('9:00'::time, '2 hours'::interval, 29, 7),
('6:00'::time, '3 hours'::interval, 30, 1),
('7:00'::time, '2 hours'::interval, 30, 2),
('7:00'::time, '3 hours'::interval, 30, 3),
('8:00'::time, '2 hours'::interval, 30, 5),
('7:00'::time, '2 hours'::interval, 31, 1),
('6:00'::time, '2 hours'::interval, 31, 2),
('9:00'::time, '2 hours'::interval, 31, 4),
('10:00'::time, '2 hours'::interval, 31, 6),
('8:00'::time, '2 hours'::interval, 32, 2),
('7:00'::time, '2 hours'::interval, 32, 3),
('8:00'::time, '2 hours'::interval, 32, 4),
('11:00'::time, '2 hours'::interval, 32, 5),
('9:00'::time, '2 hours'::interval, 32, 7),
('10:00'::time, '2 hours'::interval, 33, 2),
('10:00'::time, '3 hours'::interval, 33, 4),
('9:00'::time, '3 hours'::interval, 33, 5),
('9:00'::time, '2 hours'::interval, 33, 6),
('11:00'::time, '2 hours'::interval, 33, 7),
('8:00'::time, '3 hours'::interval, 34, 1),
('9:00'::time, '3 hours'::interval, 34, 2),
('8:00'::time, '2 hours'::interval, 34, 4),
('7:00'::time, '2 hours'::interval, 34, 7),
('8:00'::time, '3 hours'::interval, 35, 3),
('9:00'::time, '3 hours'::interval, 35, 6),
('11:00'::time, '3 hours'::interval, 36, 1),
('6:00'::time, '3 hours'::interval, 36, 4),
('10:00'::time, '3 hours'::interval, 36, 5),
('9:00'::time, '3 hours'::interval, 36, 6),
('10:00'::time, '2 hours'::interval, 37, 1),
('6:00'::time, '2 hours'::interval, 37, 2),
('9:00'::time, '2 hours'::interval, 37, 4),
('11:00'::time, '2 hours'::interval, 38, 1),
('9:00'::time, '2 hours'::interval, 38, 5),
('9:00'::time, '2 hours'::interval, 38, 7),
('9:00'::time, '2 hours'::interval, 39, 1),
('10:00'::time, '1 hours'::interval, 39, 2),
('7:00'::time, '2 hours'::interval, 39, 4),
('11:00'::time, '1 hours'::interval, 40, 1),
('10:00'::time, '1 hours'::interval, 40, 2),
('7:00'::time, '2 hours'::interval, 40, 4),
('6:00'::time, '2 hours'::interval, 40, 6),
('8:00'::time, '2 hours'::interval, 40, 7),
('10:00'::time, '2 hours'::interval, 41, 1),
('6:00'::time, '1 hours'::interval, 41, 3),
('6:00'::time, '1 hours'::interval, 41, 4),
('8:00'::time, '1 hours'::interval, 41, 7),
('11:00'::time, '1 hours'::interval, 42, 1),
('10:00'::time, '2 hours'::interval, 42, 5),
('8:00'::time, '1 hours'::interval, 42, 6),
('9:00'::time, '2 hours'::interval, 42, 7),
('7:00'::time, '2 hours'::interval, 43, 1),
('8:00'::time, '2 hours'::interval, 43, 2),
('10:00'::time, '2 hours'::interval, 43, 7),
('6:00'::time, '2 hours'::interval, 44, 2),
('8:00'::time, '2 hours'::interval, 44, 4),
('6:00'::time, '2 hours'::interval, 44, 6),
('6:00'::time, '2 hours'::interval, 44, 7),
('8:00'::time, '2 hours'::interval, 45, 2),
('9:00'::time, '2 hours'::interval, 45, 5),
('6:00'::time, '2 hours'::interval, 45, 6),
('6:00'::time, '2 hours'::interval, 46, 2),
('10:00'::time, '2 hours'::interval, 46, 3),
('9:00'::time, '2 hours'::interval, 46, 4),
('11:00'::time, '2 hours'::interval, 47, 1),
('6:00'::time, '2 hours'::interval, 47, 4),
('10:00'::time, '2 hours'::interval, 47, 5),
('6:00'::time, '2 hours'::interval, 48, 2),
('7:00'::time, '2 hours'::interval, 48, 3),
('10:00'::time, '2 hours'::interval, 48, 4),
('8:00'::time, '2 hours'::interval, 48, 6),
('10:00'::time, '2 hours'::interval, 49, 3),
('8:00'::time, '1 hours'::interval, 49, 5),
('10:00'::time, '2 hours'::interval, 49, 6),
('10:00'::time, '1 hours'::interval, 49, 7),
('8:00'::time, '1 hours'::interval, 50, 1),
('8:00'::time, '1 hours'::interval, 50, 2),
('9:00'::time, '1 hours'::interval, 50, 4),
('10:00'::time, '2 hours'::interval, 50, 6),
('10:00'::time, '3 hours'::interval, 51, 1),
('10:00'::time, '3 hours'::interval, 51, 2),
('10:00'::time, '3 hours'::interval, 51, 6),
('7:00'::time, '3 hours'::interval, 51, 7),
('9:00'::time, '3 hours'::interval, 52, 1),
('8:00'::time, '3 hours'::interval, 52, 6),
('7:00'::time, '3 hours'::interval, 52, 7),
('8:00'::time, '2 hours'::interval, 53, 1),
('8:00'::time, '2 hours'::interval, 53, 2),
('11:00'::time, '2 hours'::interval, 53, 6),
('9:00'::time, '2 hours'::interval, 53, 7),
('8:00'::time, '2 hours'::interval, 54, 2),
('7:00'::time, '2 hours'::interval, 54, 3),
('7:00'::time, '2 hours'::interval, 54, 6),
('8:00'::time, '2 hours'::interval, 54, 7),
('6:00'::time, '3 hours'::interval, 55, 2),
('6:00'::time, '3 hours'::interval, 55, 3),
('9:00'::time, '3 hours'::interval, 55, 6),
('7:00'::time, '3 hours'::interval, 55, 7),
('8:00'::time, '3 hours'::interval, 56, 1),
('9:00'::time, '3 hours'::interval, 56, 3),
('10:00'::time, '3 hours'::interval, 56, 4),
('9:00'::time, '3 hours'::interval, 56, 6),
('10:00'::time, '3 hours'::interval, 57, 1),
('10:00'::time, '3 hours'::interval, 57, 2),
('11:00'::time, '3 hours'::interval, 57, 3),
('9:00'::time, '3 hours'::interval, 57, 4),
('8:00'::time, '3 hours'::interval, 58, 1),
('10:00'::time, '3 hours'::interval, 58, 2),
('11:00'::time, '3 hours'::interval, 58, 5),
('9:00'::time, '3 hours'::interval, 58, 7),
('11:00'::time, '2 hours'::interval, 59, 1),
('7:00'::time, '3 hours'::interval, 59, 3),
('10:00'::time, '2 hours'::interval, 59, 4),
('6:00'::time, '2 hours'::interval, 59, 5),
('10:00'::time, '3 hours'::interval, 59, 6),
('10:00'::time, '3 hours'::interval, 60, 2),
('8:00'::time, '3 hours'::interval, 60, 4),
('11:00'::time, '2 hours'::interval, 60, 6),
('7:00'::time, '0 hours'::interval, 61, 1),
('20:00'::time, '0 hours'::interval, 61, 1),
('8:00'::time, '0 hours'::interval, 61, 3),
('22:00'::time, '0 hours'::interval, 61, 3),
('7:00'::time, '0 hours'::interval, 61, 4),
('21:00'::time, '0 hours'::interval, 61, 4),
('8:00'::time, '0 hours'::interval, 62, 2),
('20:00'::time, '0 hours'::interval, 62, 2),
('8:00'::time, '0 hours'::interval, 62, 3),
('23:00'::time, '0 hours'::interval, 62, 3),
('7:00'::time, '0 hours'::interval, 62, 5),
('19:00'::time, '0 hours'::interval, 62, 5),
('11:00'::time, '0 hours'::interval, 62, 7),
('19:00'::time, '0 hours'::interval, 62, 7),
('6:00'::time, '3 hours'::interval, 63, 1),
('8:00'::time, '3 hours'::interval, 63, 4),
('10:00'::time, '3 hours'::interval, 63, 6),
('8:00'::time, '3 hours'::interval, 64, 1),
('7:00'::time, '3 hours'::interval, 64, 2),
('11:00'::time, '3 hours'::interval, 64, 4),
('11:00'::time, '3 hours'::interval, 64, 6),
('9:00'::time, '3 hours'::interval, 65, 2),
('6:00'::time, '3 hours'::interval, 65, 5),
('6:00'::time, '3 hours'::interval, 65, 6),
('11:00'::time, '3 hours'::interval, 65, 7),
('11:00'::time, '3 hours'::interval, 66, 1),
('8:00'::time, '3 hours'::interval, 66, 2),
('10:00'::time, '3 hours'::interval, 66, 3),
('6:00'::time, '3 hours'::interval, 66, 7),
('9:00'::time, '3 hours'::interval, 67, 4),
('10:00'::time, '2 hours'::interval, 67, 5),
('9:00'::time, '3 hours'::interval, 67, 6),
('8:00'::time, '3 hours'::interval, 68, 1),
('10:00'::time, '3 hours'::interval, 68, 2),
('11:00'::time, '2 hours'::interval, 68, 4),
('10:00'::time, '2 hours'::interval, 68, 5),
('6:00'::time, '3 hours'::interval, 68, 6),
('6:00'::time, '2 hours'::interval, 69, 1),
('7:00'::time, '2 hours'::interval, 69, 2),
('7:00'::time, '2 hours'::interval, 69, 7),
('11:00'::time, '2 hours'::interval, 70, 1),
('10:00'::time, '2 hours'::interval, 70, 2),
('7:00'::time, '2 hours'::interval, 70, 3),
('11:00'::time, '2 hours'::interval, 70, 4),
('8:00'::time, '2 hours'::interval, 70, 6),
('9:00'::time, '2 hours'::interval, 71, 5),
('6:00'::time, '2 hours'::interval, 71, 6),
('11:00'::time, '2 hours'::interval, 71, 7),
('9:00'::time, '2 hours'::interval, 72, 1),
('6:00'::time, '2 hours'::interval, 72, 2),
('6:00'::time, '2 hours'::interval, 72, 4),
('11:00'::time, '2 hours'::interval, 72, 6),
('7:00'::time, '2 hours'::interval, 72, 7),
('11:00'::time, '2 hours'::interval, 73, 1),
('9:00'::time, '3 hours'::interval, 73, 2),
('11:00'::time, '3 hours'::interval, 73, 3),
('9:00'::time, '3 hours'::interval, 73, 7),
('9:00'::time, '2 hours'::interval, 74, 1),
('8:00'::time, '3 hours'::interval, 74, 4),
('8:00'::time, '2 hours'::interval, 74, 6),
('9:00'::time, '3 hours'::interval, 74, 7),
('11:00'::time, '3 hours'::interval, 75, 2),
('9:00'::time, '3 hours'::interval, 75, 3),
('9:00'::time, '3 hours'::interval, 75, 7),
('6:00'::time, '3 hours'::interval, 76, 4),
('10:00'::time, '3 hours'::interval, 76, 6),
('6:00'::time, '3 hours'::interval, 76, 7),
('8:00'::time, '3 hours'::interval, 77, 1),
('7:00'::time, '3 hours'::interval, 77, 3),
('7:00'::time, '3 hours'::interval, 77, 4),
('11:00'::time, '3 hours'::interval, 77, 7),
('10:00'::time, '3 hours'::interval, 78, 1),
('11:00'::time, '3 hours'::interval, 78, 4),
('7:00'::time, '3 hours'::interval, 78, 5),
('9:00'::time, '3 hours'::interval, 79, 2),
('7:00'::time, '2 hours'::interval, 79, 3),
('8:00'::time, '3 hours'::interval, 79, 5),
('6:00'::time, '3 hours'::interval, 79, 7),
('8:00'::time, '3 hours'::interval, 80, 3),
('10:00'::time, '2 hours'::interval, 80, 4),
('8:00'::time, '2 hours'::interval, 80, 5),
('10:00'::time, '2 hours'::interval, 80, 7),
('8:00'::time, '3 hours'::interval, 81, 2),
('6:00'::time, '3 hours'::interval, 81, 4),
('9:00'::time, '3 hours'::interval, 81, 5),
('9:00'::time, '3 hours'::interval, 82, 2),
('11:00'::time, '3 hours'::interval, 82, 3),
('8:00'::time, '3 hours'::interval, 82, 4),
('6:00'::time, '3 hours'::interval, 83, 1),
('6:00'::time, '3 hours'::interval, 83, 4),
('10:00'::time, '3 hours'::interval, 83, 5),
('7:00'::time, '3 hours'::interval, 83, 7),
('9:00'::time, '3 hours'::interval, 84, 1),
('8:00'::time, '3 hours'::interval, 84, 4),
('7:00'::time, '3 hours'::interval, 84, 7),
('10:00'::time, '3 hours'::interval, 85, 1),
('11:00'::time, '3 hours'::interval, 85, 3),
('9:00'::time, '3 hours'::interval, 85, 4),
('8:00'::time, '3 hours'::interval, 85, 7),
('11:00'::time, '3 hours'::interval, 86, 1),
('8:00'::time, '3 hours'::interval, 86, 2),
('10:00'::time, '3 hours'::interval, 86, 4),
('11:00'::time, '3 hours'::interval, 86, 6),
('7:00'::time, '3 hours'::interval, 87, 3),
('9:00'::time, '3 hours'::interval, 87, 5),
('9:00'::time, '3 hours'::interval, 87, 6),
('11:00'::time, '3 hours'::interval, 88, 1),
('10:00'::time, '3 hours'::interval, 88, 5),
('9:00'::time, '3 hours'::interval, 88, 7),
('6:00'::time, '3 hours'::interval, 89, 1),
('9:00'::time, '2 hours'::interval, 89, 2),
('10:00'::time, '2 hours'::interval, 89, 3),
('9:00'::time, '3 hours'::interval, 89, 6),
('6:00'::time, '2 hours'::interval, 90, 1),
('11:00'::time, '2 hours'::interval, 90, 6),
('6:00'::time, '3 hours'::interval, 90, 7),
('11:00'::time, '2 hours'::interval, 91, 1),
('9:00'::time, '2 hours'::interval, 91, 2),
('8:00'::time, '2 hours'::interval, 91, 7),
('8:00'::time, '2 hours'::interval, 92, 1),
('6:00'::time, '2 hours'::interval, 92, 2),
('8:00'::time, '2 hours'::interval, 92, 5),
('11:00'::time, '2 hours'::interval, 92, 7),
('7:00'::time, '3 hours'::interval, 93, 1),
('9:00'::time, '3 hours'::interval, 93, 3),
('9:00'::time, '3 hours'::interval, 93, 5),
('11:00'::time, '3 hours'::interval, 93, 7),
('9:00'::time, '3 hours'::interval, 94, 1),
('10:00'::time, '3 hours'::interval, 94, 2),
('7:00'::time, '3 hours'::interval, 94, 6),
('10:00'::time, '3 hours'::interval, 94, 7),
('11:00'::time, '3 hours'::interval, 95, 2),
('7:00'::time, '3 hours'::interval, 95, 3),
('6:00'::time, '2 hours'::interval, 95, 4),
('11:00'::time, '3 hours'::interval, 95, 5),
('10:00'::time, '2 hours'::interval, 96, 3),
('6:00'::time, '2 hours'::interval, 96, 5),
('9:00'::time, '3 hours'::interval, 96, 6),
('7:00'::time, '3 hours'::interval, 97, 2),
('9:00'::time, '3 hours'::interval, 97, 3),
('6:00'::time, '3 hours'::interval, 97, 4),
('7:00'::time, '3 hours'::interval, 97, 7),
('9:00'::time, '3 hours'::interval, 98, 2),
('8:00'::time, '3 hours'::interval, 98, 3),
('7:00'::time, '3 hours'::interval, 98, 4),
('7:00'::time, '2 hours'::interval, 99, 1),
('9:00'::time, '3 hours'::interval, 99, 2),
('9:00'::time, '3 hours'::interval, 99, 4),
('10:00'::time, '2 hours'::interval, 99, 5),
('8:00'::time, '2 hours'::interval, 100, 2),
('11:00'::time, '2 hours'::interval, 100, 3),
('7:00'::time, '3 hours'::interval, 100, 4),
('9:00'::time, '2 hours'::interval, 100, 7),
('7:00'::time, '0 hours'::interval, 101, 3),
('23:00'::time, '0 hours'::interval, 101, 3),
('7:00'::time, '0 hours'::interval, 101, 4),
('21:00'::time, '1 hours'::interval, 101, 4),
('10:00'::time, '1 hours'::interval, 101, 6),
('22:00'::time, '1 hours'::interval, 101, 6),
('6:00'::time, '0 hours'::interval, 102, 1),
('23:00'::time, '1 hours'::interval, 102, 1),
('8:00'::time, '1 hours'::interval, 102, 2),
('22:00'::time, '1 hours'::interval, 102, 2),
('6:00'::time, '0 hours'::interval, 102, 3),
('23:00'::time, '0 hours'::interval, 102, 3),
('6:00'::time, '0 hours'::interval, 102, 5),
('23:00'::time, '1 hours'::interval, 102, 5),
('7:00'::time, '1 hours'::interval, 102, 6),
('18:00'::time, '0 hours'::interval, 102, 6),
('8:00'::time, '1 hours'::interval, 103, 1),
('9:00'::time, '1 hours'::interval, 103, 3),
('8:00'::time, '2 hours'::interval, 103, 4),
('11:00'::time, '2 hours'::interval, 103, 5),
('9:00'::time, '1 hours'::interval, 103, 7),
('11:00'::time, '2 hours'::interval, 104, 3),
('8:00'::time, '1 hours'::interval, 104, 4),
('10:00'::time, '2 hours'::interval, 104, 5),
('10:00'::time, '1 hours'::interval, 104, 7),
('9:00'::time, '2 hours'::interval, 105, 1),
('11:00'::time, '2 hours'::interval, 105, 2),
('8:00'::time, '2 hours'::interval, 105, 4),
('8:00'::time, '2 hours'::interval, 105, 7),
('8:00'::time, '2 hours'::interval, 106, 4),
('8:00'::time, '2 hours'::interval, 106, 5),
('10:00'::time, '2 hours'::interval, 106, 6),
('11:00'::time, '2 hours'::interval, 106, 7),
('11:00'::time, '3 hours'::interval, 107, 1),
('11:00'::time, '3 hours'::interval, 107, 2),
('10:00'::time, '3 hours'::interval, 107, 3),
('7:00'::time, '3 hours'::interval, 107, 5),
('6:00'::time, '3 hours'::interval, 108, 1),
('11:00'::time, '3 hours'::interval, 108, 4),
('7:00'::time, '3 hours'::interval, 108, 5),
('8:00'::time, '1 hours'::interval, 109, 1),
('8:00'::time, '1 hours'::interval, 109, 5),
('9:00'::time, '2 hours'::interval, 110, 2),
('7:00'::time, '2 hours'::interval, 110, 4),
('7:00'::time, '2 hours'::interval, 110, 5),
('7:00'::time, '2 hours'::interval, 110, 6),
('11:00'::time, '2 hours'::interval, 110, 7),
('11:00'::time, '2 hours'::interval, 111, 3),
('8:00'::time, '2 hours'::interval, 111, 4),
('9:00'::time, '2 hours'::interval, 111, 5),
('9:00'::time, '2 hours'::interval, 111, 7),
('9:00'::time, '2 hours'::interval, 112, 1),
('11:00'::time, '2 hours'::interval, 112, 3),
('7:00'::time, '2 hours'::interval, 112, 4),
('6:00'::time, '2 hours'::interval, 112, 7),
('9:00'::time, '1 hours'::interval, 113, 1),
('10:00'::time, '2 hours'::interval, 113, 2),
('7:00'::time, '2 hours'::interval, 113, 3),
('6:00'::time, '1 hours'::interval, 113, 4),
('8:00'::time, '1 hours'::interval, 113, 6),
('9:00'::time, '2 hours'::interval, 113, 7),
('11:00'::time, '1 hours'::interval, 114, 2),
('10:00'::time, '1 hours'::interval, 114, 4),
('11:00'::time, '2 hours'::interval, 114, 5),
('11:00'::time, '1 hours'::interval, 114, 6),
('9:00'::time, '2 hours'::interval, 114, 7),
('10:00'::time, '2 hours'::interval, 115, 1),
('7:00'::time, '2 hours'::interval, 115, 2),
('8:00'::time, '2 hours'::interval, 115, 3),
('11:00'::time, '2 hours'::interval, 115, 5),
('8:00'::time, '1 hours'::interval, 115, 6),
('8:00'::time, '2 hours'::interval, 116, 2),
('10:00'::time, '2 hours'::interval, 116, 4),
('9:00'::time, '2 hours'::interval, 116, 6),
('6:00'::time, '2 hours'::interval, 116, 7),
('9:00'::time, '2 hours'::interval, 117, 1),
('8:00'::time, '3 hours'::interval, 117, 3),
('11:00'::time, '3 hours'::interval, 117, 4),
('10:00'::time, '2 hours'::interval, 117, 6),
('10:00'::time, '2 hours'::interval, 118, 1),
('6:00'::time, '2 hours'::interval, 118, 2),
('10:00'::time, '2 hours'::interval, 118, 4),
('6:00'::time, '3 hours'::interval, 118, 5),
('9:00'::time, '2 hours'::interval, 119, 2),
('9:00'::time, '2 hours'::interval, 119, 3),
('8:00'::time, '2 hours'::interval, 119, 4),
('9:00'::time, '2 hours'::interval, 119, 6),
('9:00'::time, '2 hours'::interval, 120, 2),
('7:00'::time, '2 hours'::interval, 120, 3),
('6:00'::time, '2 hours'::interval, 120, 4),
('6:00'::time, '2 hours'::interval, 120, 5),
('8:00'::time, '1 hours'::interval, 121, 2),
('8:00'::time, '1 hours'::interval, 121, 3),
('10:00'::time, '2 hours'::interval, 121, 4),
('7:00'::time, '2 hours'::interval, 121, 5),
('9:00'::time, '2 hours'::interval, 121, 7),
('8:00'::time, '2 hours'::interval, 122, 1),
('9:00'::time, '1 hours'::interval, 122, 2),
('10:00'::time, '2 hours'::interval, 122, 3),
('7:00'::time, '1 hours'::interval, 122, 6),
('8:00'::time, '2 hours'::interval, 122, 7),
('8:00'::time, '1 hours'::interval, 123, 1),
('10:00'::time, '1 hours'::interval, 123, 5),
('8:00'::time, '2 hours'::interval, 123, 7),
('7:00'::time, '2 hours'::interval, 124, 2),
('8:00'::time, '1 hours'::interval, 124, 5),
('8:00'::time, '1 hours'::interval, 124, 6),
('10:00'::time, '1 hours'::interval, 124, 7),
('10:00'::time, '2 hours'::interval, 125, 1),
('9:00'::time, '3 hours'::interval, 125, 4),
('7:00'::time, '3 hours'::interval, 125, 5),
('8:00'::time, '3 hours'::interval, 125, 7),
('7:00'::time, '2 hours'::interval, 126, 2),
('11:00'::time, '3 hours'::interval, 126, 4),
('8:00'::time, '2 hours'::interval, 126, 6),
('9:00'::time, '2 hours'::interval, 127, 2),
('10:00'::time, '2 hours'::interval, 127, 3),
('7:00'::time, '2 hours'::interval, 127, 6),
('11:00'::time, '2 hours'::interval, 128, 1),
('6:00'::time, '2 hours'::interval, 128, 3),
('9:00'::time, '2 hours'::interval, 128, 4),
('7:00'::time, '2 hours'::interval, 128, 6),
('8:00'::time, '0 hours'::interval, 129, 2),
('21:00'::time, '0 hours'::interval, 129, 2),
('10:00'::time, '0 hours'::interval, 129, 3),
('23:00'::time, '0 hours'::interval, 129, 3),
('7:00'::time, '0 hours'::interval, 129, 4),
('18:00'::time, '0 hours'::interval, 129, 4),
('8:00'::time, '0 hours'::interval, 129, 5),
('20:00'::time, '0 hours'::interval, 129, 5),
('8:00'::time, '0 hours'::interval, 130, 1),
('19:00'::time, '0 hours'::interval, 130, 1),
('8:00'::time, '0 hours'::interval, 130, 2),
('21:00'::time, '0 hours'::interval, 130, 2),
('9:00'::time, '0 hours'::interval, 130, 4),
('18:00'::time, '0 hours'::interval, 130, 4),
('11:00'::time, '0 hours'::interval, 130, 5),
('23:00'::time, '0 hours'::interval, 130, 5),
('6:00'::time, '0 hours'::interval, 130, 6),
('19:00'::time, '0 hours'::interval, 130, 6),
('7:00'::time, '0 hours'::interval, 130, 7),
('22:00'::time, '0 hours'::interval, 130, 7),
('9:00'::time, '3 hours'::interval, 131, 1),
('8:00'::time, '3 hours'::interval, 131, 2),
('8:00'::time, '3 hours'::interval, 131, 7),
('10:00'::time, '3 hours'::interval, 132, 1),
('6:00'::time, '3 hours'::interval, 132, 3),
('10:00'::time, '3 hours'::interval, 132, 7),
('9:00'::time, '2 hours'::interval, 133, 2),
('7:00'::time, '2 hours'::interval, 133, 4),
('11:00'::time, '2 hours'::interval, 133, 5),
('6:00'::time, '2 hours'::interval, 133, 6),
('9:00'::time, '2 hours'::interval, 134, 3),
('6:00'::time, '2 hours'::interval, 134, 5),
('7:00'::time, '2 hours'::interval, 134, 6);
